[{"pk": 1001, "model": "domain.attributeentity", "fields": {"updated": "2016-03-14T13:37:00Z", "tag": "text", "is_collection": 0, "created": "2016-03-14T13:37:00Z"}}, {"pk": 1001, "model": "domain.attribute", "fields": {"value_type": "text", "attributeset": null, "unit": null}}, {"pk": 1002, "model": "domain.attributeentity", "fields": {"updated": "2016-03-14T13:37:00Z", "tag": "textarea", "is_collection": 0, "created": "2016-03-14T13:37:00Z"}}, {"pk": 1002, "model": "domain.attribute", "fields": {"value_type": "text", "attributeset": null, "unit": null}}, {"pk": 1003, "model": "domain.attributeentity", "fields": {"updated": "2016-03-14T13:37:00Z", "tag": "yesno", "is_collection": 0, "created": "2016-03-14T13:37:00Z"}}, {"pk": 1003, "model": "domain.attribute", "fields": {"value_type": "boolean", "attributeset": null, "unit": null}}, {"pk": 1004, "model": "domain.attributeentity", "fields": {"updated": "2016-03-14T13:37:00Z", "tag": "date", "is_collection": 0, "created": "2016-03-14T13:37:00Z"}}, {"pk": 1004, "model": "domain.attribute", "fields": {"value_type": "text", "attributeset": null, "unit": null}}, {"pk": 1005, "model": "domain.attributeentity", "fields": {"updated": "2016-03-14T13:37:00Z", "tag": "range", "is_collection": 0, "created": "2016-03-14T13:37:00Z"}}, {"pk": 1005, "model": "domain.attribute", "fields": {"value_type": "integer", "attributeset": null, "unit": null}}, {"pk": 1006, "model": "domain.attributeentity", "fields": {"updated": "2016-03-14T13:37:00Z", "tag": "radio", "is_collection": 0, "created": "2016-03-14T13:37:00Z"}}, {"pk": 1006, "model": "domain.attribute", "fields": {"value_type": "text", "attributeset": null, "unit": null}}, {"pk": 1007, "model": "domain.attributeentity", "fields": {"updated": "2016-03-14T13:37:00Z", "tag": "select", "is_collection": 0, "created": "2016-03-14T13:37:00Z"}}, {"pk": 1007, "model": "domain.attribute", "fields": {"value_type": "text", "attributeset": null, "unit": null}}, {"pk": 1008, "model": "domain.attributeentity", "fields": {"updated": "2016-03-14T13:37:00Z", "tag": "checkbox", "is_collection": 0, "created": "2016-03-14T13:37:00Z"}}, {"pk": 1008, "model": "domain.attribute", "fields": {"value_type": "text", "attributeset": null, "unit": null}}, {"pk": 1011, "model": "domain.attributeentity", "fields": {"updated": "2016-03-14T13:37:00Z", "tag": "text_collection", "is_collection": 1, "created": "2016-03-14T13:37:00Z"}}, {"pk": 1011, "model": "domain.attribute", "fields": {"value_type": "text", "attributeset": null, "unit": null}}, {"pk": 1012, "model": "domain.attributeentity", "fields": {"updated": "2016-03-14T13:37:00Z", "tag": "textarea_collection", "is_collection": 1, "created": "2016-03-14T13:37:00Z"}}, {"pk": 1012, "model": "domain.attribute", "fields": {"value_type": "text", "attributeset": null, "unit": null}}, {"pk": 1013, "model": "domain.attributeentity", "fields": {"updated": "2016-03-14T13:37:00Z", "tag": "yesno_collection", "is_collection": 1, "created": "2016-03-14T13:37:00Z"}}, {"pk": 1013, "model": "domain.attribute", "fields": {"value_type": "boolean", "attributeset": null, "unit": null}}, {"pk": 1014, "model": "domain.attributeentity", "fields": {"updated": "2016-03-14T13:37:00Z", "tag": "date_collection", "is_collection": 1, "created": "2016-03-14T13:37:00Z"}}, {"pk": 1014, "model": "domain.attribute", "fields": {"value_type": "text", "attributeset": null, "unit": null}}, {"pk": 1015, "model": "domain.attributeentity", "fields": {"updated": "2016-03-14T13:37:00Z", "tag": "range_collection", "is_collection": 1, "created": "2016-03-14T13:37:00Z"}}, {"pk": 1015, "model": "domain.attribute", "fields": {"value_type": "integer", "attributeset": null, "unit": null}}, {"pk": 1016, "model": "domain.attributeentity", "fields": {"updated": "2016-03-14T13:37:00Z", "tag": "radio_collection", "is_collection": 1, "created": "2016-03-14T13:37:00Z"}}, {"pk": 1016, "model": "domain.attribute", "fields": {"value_type": "text", "attributeset": null, "unit": null}}, {"pk": 1017, "model": "domain.attributeentity", "fields": {"updated": "2016-03-14T13:37:00Z", "tag": "select_collection", "is_collection": 1, "created": "2016-03-14T13:37:00Z"}}, {"pk": 1017, "model": "domain.attribute", "fields": {"value_type": "text", "attributeset": null, "unit": null}}, {"pk": 1018, "model": "domain.attributeentity", "fields": {"updated": "2016-03-14T13:37:00Z", "tag": "checkbox_collection", "is_collection": 1, "created": "2016-03-14T13:37:00Z"}}, {"pk": 1018, "model": "domain.attribute", "fields": {"value_type": "text", "attributeset": null, "unit": null}}, {"pk": 1100, "model": "domain.attributeentity", "fields": {"updated": "2016-03-14T13:37:00Z", "tag": "set", "is_collection": 0, "created": "2016-03-14T13:37:00Z"}}, {"pk": 1100, "model": "domain.attributeset", "fields": {}}, {"pk": 1101, "model": "domain.attributeentity", "fields": {"updated": "2016-03-14T13:37:00Z", "tag": "set_text", "is_collection": 0, "created": "2016-03-14T13:37:00Z"}}, {"pk": 1101, "model": "domain.attribute", "fields": {"value_type": "text", "attributeset": 1100, "unit": null}}, {"pk": 1102, "model": "domain.attributeentity", "fields": {"updated": "2016-03-14T13:37:00Z", "tag": "set_textarea", "is_collection": 0, "created": "2016-03-14T13:37:00Z"}}, {"pk": 1102, "model": "domain.attribute", "fields": {"value_type": "text", "attributeset": 1100, "unit": null}}, {"pk": 1103, "model": "domain.attributeentity", "fields": {"updated": "2016-03-14T13:37:00Z", "tag": "set_yesno", "is_collection": 0, "created": "2016-03-14T13:37:00Z"}}, {"pk": 1103, "model": "domain.attribute", "fields": {"value_type": "boolean", "attributeset": 1100, "unit": null}}, {"pk": 1104, "model": "domain.attributeentity", "fields": {"updated": "2016-03-14T13:37:00Z", "tag": "set_date", "is_collection": 0, "created": "2016-03-14T13:37:00Z"}}, {"pk": 1104, "model": "domain.attribute", "fields": {"value_type": "text", "attributeset": 1100, "unit": null}}, {"pk": 1105, "model": "domain.attributeentity", "fields": {"updated": "2016-03-14T13:37:00Z", "tag": "set_range", "is_collection": 0, "created": "2016-03-14T13:37:00Z"}}, {"pk": 1105, "model": "domain.attribute", "fields": {"value_type": "integer", "attributeset": 1100, "unit": null}}, {"pk": 1106, "model": "domain.attributeentity", "fields": {"updated": "2016-03-14T13:37:00Z", "tag": "set_radio", "is_collection": 0, "created": "2016-03-14T13:37:00Z"}}, {"pk": 1106, "model": "domain.attribute", "fields": {"value_type": "text", "attributeset": 1100, "unit": null}}, {"pk": 1107, "model": "domain.attributeentity", "fields": {"updated": "2016-03-14T13:37:00Z", "tag": "set_select", "is_collection": 0, "created": "2016-03-14T13:37:00Z"}}, {"pk": 1107, "model": "domain.attribute", "fields": {"value_type": "text", "attributeset": 1100, "unit": null}}, {"pk": 1108, "model": "domain.attributeentity", "fields": {"updated": "2016-03-14T13:37:00Z", "tag": "set_checkbox", "is_collection": 0, "created": "2016-03-14T13:37:00Z"}}, {"pk": 1108, "model": "domain.attribute", "fields": {"value_type": "text", "attributeset": 1100, "unit": null}}, {"pk": 1111, "model": "domain.attributeentity", "fields": {"updated": "2016-03-14T13:37:00Z", "tag": "set_text_collection", "is_collection": 1, "created": "2016-03-14T13:37:00Z"}}, {"pk": 1111, "model": "domain.attribute", "fields": {"value_type": "text", "attributeset": 1100, "unit": null}}, {"pk": 1112, "model": "domain.attributeentity", "fields": {"updated": "2016-03-14T13:37:00Z", "tag": "set_textarea_collection", "is_collection": 1, "created": "2016-03-14T13:37:00Z"}}, {"pk": 1112, "model": "domain.attribute", "fields": {"value_type": "text", "attributeset": 1100, "unit": null}}, {"pk": 1113, "model": "domain.attributeentity", "fields": {"updated": "2016-03-14T13:37:00Z", "tag": "set_yesno_collection", "is_collection": 1, "created": "2016-03-14T13:37:00Z"}}, {"pk": 1113, "model": "domain.attribute", "fields": {"value_type": "boolean", "attributeset": 1100, "unit": null}}, {"pk": 1114, "model": "domain.attributeentity", "fields": {"updated": "2016-03-14T13:37:00Z", "tag": "set_date_collection", "is_collection": 1, "created": "2016-03-14T13:37:00Z"}}, {"pk": 1114, "model": "domain.attribute", "fields": {"value_type": "text", "attributeset": 1100, "unit": null}}, {"pk": 1115, "model": "domain.attributeentity", "fields": {"updated": "2016-03-14T13:37:00Z", "tag": "set_range_collection", "is_collection": 1, "created": "2016-03-14T13:37:00Z"}}, {"pk": 1115, "model": "domain.attribute", "fields": {"value_type": "integer", "attributeset": 1100, "unit": null}}, {"pk": 1116, "model": "domain.attributeentity", "fields": {"updated": "2016-03-14T13:37:00Z", "tag": "set_radio_collection", "is_collection": 1, "created": "2016-03-14T13:37:00Z"}}, {"pk": 1116, "model": "domain.attribute", "fields": {"value_type": "text", "attributeset": 1100, "unit": null}}, {"pk": 1117, "model": "domain.attributeentity", "fields": {"updated": "2016-03-14T13:37:00Z", "tag": "set_select_collection", "is_collection": 1, "created": "2016-03-14T13:37:00Z"}}, {"pk": 1117, "model": "domain.attribute", "fields": {"value_type": "text", "attributeset": 1100, "unit": null}}, {"pk": 1118, "model": "domain.attributeentity", "fields": {"updated": "2016-03-14T13:37:00Z", "tag": "set_checkbox_collection", "is_collection": 1, "created": "2016-03-14T13:37:00Z"}}, {"pk": 1118, "model": "domain.attribute", "fields": {"value_type": "text", "attributeset": 1100, "unit": null}}, {"pk": 1200, "model": "domain.attributeentity", "fields": {"updated": "2016-03-14T13:37:00Z", "tag": "set_collection", "is_collection": 1, "created": "2016-03-14T13:37:00Z"}}, {"pk": 1200, "model": "domain.attributeset", "fields": {}}, {"pk": 1201, "model": "domain.attributeentity", "fields": {"updated": "2016-03-14T13:37:00Z", "tag": "set_collection_text", "is_collection": 0, "created": "2016-03-14T13:37:00Z"}}, {"pk": 1201, "model": "domain.attribute", "fields": {"value_type": "text", "attributeset": 1200, "unit": null}}, {"pk": 1202, "model": "domain.attributeentity", "fields": {"updated": "2016-03-14T13:37:00Z", "tag": "set_collection_textarea", "is_collection": 0, "created": "2016-03-14T13:37:00Z"}}, {"pk": 1202, "model": "domain.attribute", "fields": {"value_type": "text", "attributeset": 1200, "unit": null}}, {"pk": 1203, "model": "domain.attributeentity", "fields": {"updated": "2016-03-14T13:37:00Z", "tag": "set_collection_yesno", "is_collection": 0, "created": "2016-03-14T13:37:00Z"}}, {"pk": 1203, "model": "domain.attribute", "fields": {"value_type": "boolean", "attributeset": 1200, "unit": null}}, {"pk": 1204, "model": "domain.attributeentity", "fields": {"updated": "2016-03-14T13:37:00Z", "tag": "set_collection_date", "is_collection": 0, "created": "2016-03-14T13:37:00Z"}}, {"pk": 1204, "model": "domain.attribute", "fields": {"value_type": "text", "attributeset": 1200, "unit": null}}, {"pk": 1205, "model": "domain.attributeentity", "fields": {"updated": "2016-03-14T13:37:00Z", "tag": "set_collection_range", "is_collection": 0, "created": "2016-03-14T13:37:00Z"}}, {"pk": 1205, "model": "domain.attribute", "fields": {"value_type": "integer", "attributeset": 1200, "unit": null}}, {"pk": 1206, "model": "domain.attributeentity", "fields": {"updated": "2016-03-14T13:37:00Z", "tag": "set_collection_radio", "is_collection": 0, "created": "2016-03-14T13:37:00Z"}}, {"pk": 1206, "model": "domain.attribute", "fields": {"value_type": "text", "attributeset": 1200, "unit": null}}, {"pk": 1207, "model": "domain.attributeentity", "fields": {"updated": "2016-03-14T13:37:00Z", "tag": "set_collection_select", "is_collection": 0, "created": "2016-03-14T13:37:00Z"}}, {"pk": 1207, "model": "domain.attribute", "fields": {"value_type": "text", "attributeset": 1200, "unit": null}}, {"pk": 1208, "model": "domain.attributeentity", "fields": {"updated": "2016-03-14T13:37:00Z", "tag": "set_collection_checkbox", "is_collection": 0, "created": "2016-03-14T13:37:00Z"}}, {"pk": 1208, "model": "domain.attribute", "fields": {"value_type": "text", "attributeset": 1200, "unit": null}}, {"pk": 1211, "model": "domain.attributeentity", "fields": {"updated": "2016-03-14T13:37:00Z", "tag": "set_collection_text_collection", "is_collection": 1, "created": "2016-03-14T13:37:00Z"}}, {"pk": 1211, "model": "domain.attribute", "fields": {"value_type": "text", "attributeset": 1200, "unit": null}}, {"pk": 1212, "model": "domain.attributeentity", "fields": {"updated": "2016-03-14T13:37:00Z", "tag": "set_collection_textarea_collection", "is_collection": 1, "created": "2016-03-14T13:37:00Z"}}, {"pk": 1212, "model": "domain.attribute", "fields": {"value_type": "text", "attributeset": 1200, "unit": null}}, {"pk": 1213, "model": "domain.attributeentity", "fields": {"updated": "2016-03-14T13:37:00Z", "tag": "set_collection_yesno_collection", "is_collection": 1, "created": "2016-03-14T13:37:00Z"}}, {"pk": 1213, "model": "domain.attribute", "fields": {"value_type": "boolean", "attributeset": 1200, "unit": null}}, {"pk": 1214, "model": "domain.attributeentity", "fields": {"updated": "2016-03-14T13:37:00Z", "tag": "set_collection_date_collection", "is_collection": 1, "created": "2016-03-14T13:37:00Z"}}, {"pk": 1214, "model": "domain.attribute", "fields": {"value_type": "text", "attributeset": 1200, "unit": null}}, {"pk": 1215, "model": "domain.attributeentity", "fields": {"updated": "2016-03-14T13:37:00Z", "tag": "set_collection_range_collection", "is_collection": 1, "created": "2016-03-14T13:37:00Z"}}, {"pk": 1215, "model": "domain.attribute", "fields": {"value_type": "integer", "attributeset": 1200, "unit": null}}, {"pk": 1216, "model": "domain.attributeentity", "fields": {"updated": "2016-03-14T13:37:00Z", "tag": "set_collection_radio_collection", "is_collection": 1, "created": "2016-03-14T13:37:00Z"}}, {"pk": 1216, "model": "domain.attribute", "fields": {"value_type": "text", "attributeset": 1200, "unit": null}}, {"pk": 1217, "model": "domain.attributeentity", "fields": {"updated": "2016-03-14T13:37:00Z", "tag": "set_collection_select_collection", "is_collection": 1, "created": "2016-03-14T13:37:00Z"}}, {"pk": 1217, "model": "domain.attribute", "fields": {"value_type": "text", "attributeset": 1200, "unit": null}}, {"pk": 1218, "model": "domain.attributeentity", "fields": {"updated": "2016-03-14T13:37:00Z", "tag": "set_collection_checkbox_collection", "is_collection": 1, "created": "2016-03-14T13:37:00Z"}}, {"pk": 1218, "model": "domain.attribute", "fields": {"value_type": "text", "attributeset": 1200, "unit": null}}]