[{"pk": 1001, "model": "domain.attributeentity", "fields": {"is_collection": 0, "updated": "2016-03-14T13:37:00Z", "tag": "text", "created": "2016-03-14T13:37:00Z"}}, {"pk": 1001, "model": "domain.attribute", "fields": {"value_type": "text", "unit": null, "attributeset": null}}, {"pk": 1002, "model": "domain.attributeentity", "fields": {"is_collection": 0, "updated": "2016-03-14T13:37:00Z", "tag": "textarea", "created": "2016-03-14T13:37:00Z"}}, {"pk": 1002, "model": "domain.attribute", "fields": {"value_type": "text", "unit": null, "attributeset": null}}, {"pk": 1003, "model": "domain.attributeentity", "fields": {"is_collection": 0, "updated": "2016-03-14T13:37:00Z", "tag": "yesno", "created": "2016-03-14T13:37:00Z"}}, {"pk": 1003, "model": "domain.attribute", "fields": {"value_type": "boolean", "unit": null, "attributeset": null}}, {"pk": 1011, "model": "domain.attributeentity", "fields": {"is_collection": 1, "updated": "2016-03-14T13:37:00Z", "tag": "text_collection", "created": "2016-03-14T13:37:00Z"}}, {"pk": 1011, "model": "domain.attribute", "fields": {"value_type": "text", "unit": null, "attributeset": null}}, {"pk": 1012, "model": "domain.attributeentity", "fields": {"is_collection": 1, "updated": "2016-03-14T13:37:00Z", "tag": "textarea_collection", "created": "2016-03-14T13:37:00Z"}}, {"pk": 1012, "model": "domain.attribute", "fields": {"value_type": "text", "unit": null, "attributeset": null}}, {"pk": 1013, "model": "domain.attributeentity", "fields": {"is_collection": 1, "updated": "2016-03-14T13:37:00Z", "tag": "yesno_collection", "created": "2016-03-14T13:37:00Z"}}, {"pk": 1013, "model": "domain.attribute", "fields": {"value_type": "boolean", "unit": null, "attributeset": null}}, {"pk": 1100, "model": "domain.attributeentity", "fields": {"is_collection": 0, "updated": "2016-03-14T13:37:00Z", "tag": "set", "created": "2016-03-14T13:37:00Z"}}, {"pk": 1100, "model": "domain.attributeset", "fields": {}}, {"pk": 1101, "model": "domain.attributeentity", "fields": {"is_collection": 0, "updated": "2016-03-14T13:37:00Z", "tag": "set_text", "created": "2016-03-14T13:37:00Z"}}, {"pk": 1101, "model": "domain.attribute", "fields": {"value_type": "text", "unit": null, "attributeset": 1100}}, {"pk": 1102, "model": "domain.attributeentity", "fields": {"is_collection": 0, "updated": "2016-03-14T13:37:00Z", "tag": "set_textarea", "created": "2016-03-14T13:37:00Z"}}, {"pk": 1102, "model": "domain.attribute", "fields": {"value_type": "text", "unit": null, "attributeset": 1100}}, {"pk": 1103, "model": "domain.attributeentity", "fields": {"is_collection": 0, "updated": "2016-03-14T13:37:00Z", "tag": "set_yesno", "created": "2016-03-14T13:37:00Z"}}, {"pk": 1103, "model": "domain.attribute", "fields": {"value_type": "boolean", "unit": null, "attributeset": 1100}}, {"pk": 1111, "model": "domain.attributeentity", "fields": {"is_collection": 1, "updated": "2016-03-14T13:37:00Z", "tag": "set_text_collection", "created": "2016-03-14T13:37:00Z"}}, {"pk": 1111, "model": "domain.attribute", "fields": {"value_type": "text", "unit": null, "attributeset": 1100}}, {"pk": 1112, "model": "domain.attributeentity", "fields": {"is_collection": 1, "updated": "2016-03-14T13:37:00Z", "tag": "set_textarea_collection", "created": "2016-03-14T13:37:00Z"}}, {"pk": 1112, "model": "domain.attribute", "fields": {"value_type": "text", "unit": null, "attributeset": 1100}}, {"pk": 1113, "model": "domain.attributeentity", "fields": {"is_collection": 1, "updated": "2016-03-14T13:37:00Z", "tag": "set_yesno_collection", "created": "2016-03-14T13:37:00Z"}}, {"pk": 1113, "model": "domain.attribute", "fields": {"value_type": "boolean", "unit": null, "attributeset": 1100}}, {"pk": 1200, "model": "domain.attributeentity", "fields": {"is_collection": 1, "updated": "2016-03-14T13:37:00Z", "tag": "set_collection", "created": "2016-03-14T13:37:00Z"}}, {"pk": 1200, "model": "domain.attributeset", "fields": {}}, {"pk": 1201, "model": "domain.attributeentity", "fields": {"is_collection": 0, "updated": "2016-03-14T13:37:00Z", "tag": "set_collection_text", "created": "2016-03-14T13:37:00Z"}}, {"pk": 1201, "model": "domain.attribute", "fields": {"value_type": "text", "unit": null, "attributeset": 1200}}, {"pk": 1202, "model": "domain.attributeentity", "fields": {"is_collection": 0, "updated": "2016-03-14T13:37:00Z", "tag": "set_collection_textarea", "created": "2016-03-14T13:37:00Z"}}, {"pk": 1202, "model": "domain.attribute", "fields": {"value_type": "text", "unit": null, "attributeset": 1200}}, {"pk": 1203, "model": "domain.attributeentity", "fields": {"is_collection": 0, "updated": "2016-03-14T13:37:00Z", "tag": "set_collection_yesno", "created": "2016-03-14T13:37:00Z"}}, {"pk": 1203, "model": "domain.attribute", "fields": {"value_type": "boolean", "unit": null, "attributeset": 1200}}, {"pk": 1211, "model": "domain.attributeentity", "fields": {"is_collection": 1, "updated": "2016-03-14T13:37:00Z", "tag": "set_collection_text_collection", "created": "2016-03-14T13:37:00Z"}}, {"pk": 1211, "model": "domain.attribute", "fields": {"value_type": "text", "unit": null, "attributeset": 1200}}, {"pk": 1212, "model": "domain.attributeentity", "fields": {"is_collection": 1, "updated": "2016-03-14T13:37:00Z", "tag": "set_collection_textarea_collection", "created": "2016-03-14T13:37:00Z"}}, {"pk": 1212, "model": "domain.attribute", "fields": {"value_type": "text", "unit": null, "attributeset": 1200}}, {"pk": 1213, "model": "domain.attributeentity", "fields": {"is_collection": 1, "updated": "2016-03-14T13:37:00Z", "tag": "set_collection_yesno_collection", "created": "2016-03-14T13:37:00Z"}}, {"pk": 1213, "model": "domain.attribute", "fields": {"value_type": "boolean", "unit": null, "attributeset": 1200}}]