[{"pk": 1001, "model": "domain.attributeentity", "fields": {"updated": "2016-03-14T13:37:00Z", "tag": "text", "is_collection": 0, "created": "2016-03-14T13:37:00Z"}}, {"pk": 1001, "model": "domain.attribute", "fields": {"value_type": "text", "attributeset": null, "unit": null}}, {"pk": 1002, "model": "domain.attributeentity", "fields": {"updated": "2016-03-14T13:37:00Z", "tag": "textarea", "is_collection": 0, "created": "2016-03-14T13:37:00Z"}}, {"pk": 1002, "model": "domain.attribute", "fields": {"value_type": "text", "attributeset": null, "unit": null}}, {"pk": 1003, "model": "domain.attributeentity", "fields": {"updated": "2016-03-14T13:37:00Z", "tag": "yesno", "is_collection": 0, "created": "2016-03-14T13:37:00Z"}}, {"pk": 1003, "model": "domain.attribute", "fields": {"value_type": "bool", "attributeset": null, "unit": null}}, {"pk": 1004, "model": "domain.attributeentity", "fields": {"updated": "2016-03-14T13:37:00Z", "tag": "slider", "is_collection": 0, "created": "2016-03-14T13:37:00Z"}}, {"pk": 1004, "model": "domain.attribute", "fields": {"value_type": "int", "attributeset": null, "unit": null}}, {"pk": 1011, "model": "domain.attributeentity", "fields": {"updated": "2016-03-14T13:37:00Z", "tag": "text_collection", "is_collection": 1, "created": "2016-03-14T13:37:00Z"}}, {"pk": 1011, "model": "domain.attribute", "fields": {"value_type": "text", "attributeset": null, "unit": null}}, {"pk": 1012, "model": "domain.attributeentity", "fields": {"updated": "2016-03-14T13:37:00Z", "tag": "textarea_collection", "is_collection": 1, "created": "2016-03-14T13:37:00Z"}}, {"pk": 1012, "model": "domain.attribute", "fields": {"value_type": "text", "attributeset": null, "unit": null}}, {"pk": 1013, "model": "domain.attributeentity", "fields": {"updated": "2016-03-14T13:37:00Z", "tag": "yesno_collection", "is_collection": 1, "created": "2016-03-14T13:37:00Z"}}, {"pk": 1013, "model": "domain.attribute", "fields": {"value_type": "bool", "attributeset": null, "unit": null}}, {"pk": 1100, "model": "domain.attributeentity", "fields": {"updated": "2016-03-14T13:37:00Z", "tag": "attributeset", "is_collection": 0, "created": "2016-03-14T13:37:00Z"}}, {"pk": 1100, "model": "domain.attributeset", "fields": {}}, {"pk": 1101, "model": "domain.attributeentity", "fields": {"updated": "2016-03-14T13:37:00Z", "tag": "attributeset_text", "is_collection": 0, "created": "2016-03-14T13:37:00Z"}}, {"pk": 1101, "model": "domain.attribute", "fields": {"value_type": "text", "attributeset": 1100, "unit": null}}, {"pk": 1102, "model": "domain.attributeentity", "fields": {"updated": "2016-03-14T13:37:00Z", "tag": "attributeset_textarea", "is_collection": 0, "created": "2016-03-14T13:37:00Z"}}, {"pk": 1102, "model": "domain.attribute", "fields": {"value_type": "text", "attributeset": 1100, "unit": null}}, {"pk": 1103, "model": "domain.attributeentity", "fields": {"updated": "2016-03-14T13:37:00Z", "tag": "attributeset_yesno", "is_collection": 0, "created": "2016-03-14T13:37:00Z"}}, {"pk": 1103, "model": "domain.attribute", "fields": {"value_type": "bool", "attributeset": 1100, "unit": null}}, {"pk": 1111, "model": "domain.attributeentity", "fields": {"updated": "2016-03-14T13:37:00Z", "tag": "attributeset_text_collection", "is_collection": 1, "created": "2016-03-14T13:37:00Z"}}, {"pk": 1111, "model": "domain.attribute", "fields": {"value_type": "text", "attributeset": 1100, "unit": null}}, {"pk": 1112, "model": "domain.attributeentity", "fields": {"updated": "2016-03-14T13:37:00Z", "tag": "attributeset_textarea_collection", "is_collection": 1, "created": "2016-03-14T13:37:00Z"}}, {"pk": 1112, "model": "domain.attribute", "fields": {"value_type": "text", "attributeset": 1100, "unit": null}}, {"pk": 1113, "model": "domain.attributeentity", "fields": {"updated": "2016-03-14T13:37:00Z", "tag": "attributeset_yesno_collection", "is_collection": 1, "created": "2016-03-14T13:37:00Z"}}, {"pk": 1113, "model": "domain.attribute", "fields": {"value_type": "bool", "attributeset": 1100, "unit": null}}, {"pk": 1200, "model": "domain.attributeentity", "fields": {"updated": "2016-03-14T13:37:00Z", "tag": "attributeset_collection", "is_collection": 1, "created": "2016-03-14T13:37:00Z"}}, {"pk": 1200, "model": "domain.attributeset", "fields": {}}, {"pk": 1201, "model": "domain.attributeentity", "fields": {"updated": "2016-03-14T13:37:00Z", "tag": "attributeset_collection_text", "is_collection": 0, "created": "2016-03-14T13:37:00Z"}}, {"pk": 1201, "model": "domain.attribute", "fields": {"value_type": "text", "attributeset": 1200, "unit": null}}, {"pk": 1202, "model": "domain.attributeentity", "fields": {"updated": "2016-03-14T13:37:00Z", "tag": "attributeset_collection_textarea", "is_collection": 0, "created": "2016-03-14T13:37:00Z"}}, {"pk": 1202, "model": "domain.attribute", "fields": {"value_type": "text", "attributeset": 1200, "unit": null}}, {"pk": 1203, "model": "domain.attributeentity", "fields": {"updated": "2016-03-14T13:37:00Z", "tag": "attributeset_collection_yesno", "is_collection": 0, "created": "2016-03-14T13:37:00Z"}}, {"pk": 1203, "model": "domain.attribute", "fields": {"value_type": "bool", "attributeset": 1200, "unit": null}}, {"pk": 1211, "model": "domain.attributeentity", "fields": {"updated": "2016-03-14T13:37:00Z", "tag": "attributeset_collection_text_collection", "is_collection": 1, "created": "2016-03-14T13:37:00Z"}}, {"pk": 1211, "model": "domain.attribute", "fields": {"value_type": "text", "attributeset": 1200, "unit": null}}, {"pk": 1212, "model": "domain.attributeentity", "fields": {"updated": "2016-03-14T13:37:00Z", "tag": "attributeset_collection_textarea_collection", "is_collection": 1, "created": "2016-03-14T13:37:00Z"}}, {"pk": 1212, "model": "domain.attribute", "fields": {"value_type": "text", "attributeset": 1200, "unit": null}}, {"pk": 1213, "model": "domain.attributeentity", "fields": {"updated": "2016-03-14T13:37:00Z", "tag": "attributeset_collection_yesno_collection", "is_collection": 1, "created": "2016-03-14T13:37:00Z"}}, {"pk": 1213, "model": "domain.attribute", "fields": {"value_type": "bool", "attributeset": 1200, "unit": null}}]