[{"pk": 1000, "model": "questions.catalog", "fields": {"title_de": "catalog_de", "updated": "2016-03-14T13:37:00Z", "title_en": "catalog_en", "created": "2016-03-14T13:37:00Z"}}, {"pk": 1000, "model": "questions.section", "fields": {"title_de": "section_de", "updated": "2016-03-14T13:37:00Z", "created": "2016-03-14T13:37:00Z", "title_en": "section_en", "catalog": 1000, "order": 1}}, {"pk": 1000, "model": "questions.subsection", "fields": {"title_de": "subsection_de", "updated": "2016-03-14T13:37:00Z", "created": "2016-03-14T13:37:00Z", "section": 1000, "title_en": "subsection_en", "order": 1}}, {"pk": 1001, "model": "questions.questionentity", "fields": {"title_de": "text_de", "help_de": "Lorem ipsum dolor sit amet, consetetur sadipscing elitr, sed diam nonumy eirmod tempor invidunt ut labore et dolore magna aliquyam erat, sed diam voluptua. At vero eos et accusam et justo duo dolores et ea rebum. Stet clita kasd gubergren, no sea takimata sanctus est. Lorem ipsum dolor sit amet. Lorem ipsum dolor sit amet, consetetur sadipscing elitr, sed diam nonumy eirmod tempor invidunt ut labore et dolore magna aliquyam erat, sed diam voluptua. At vero eos et accusam et justo duo dolores et ea rebum. Stet clita kasd gubergren, no sea takimata sanctus est. Lorem ipsum dolor sit amet.", "updated": "2016-03-14T13:37:00Z", "subsection": 1000, "created": "2016-03-14T13:37:00Z", "help_en": "Lorem ipsum dolor sit amet, consetetur sadipscing elitr, sed diam nonumy eirmod tempor invidunt ut labore et dolore magna aliquyam erat, sed diam voluptua. At vero eos et accusam et justo duo dolores et ea rebum. Stet clita kasd gubergren, no sea takimata sanctus est. Lorem ipsum dolor sit amet. Lorem ipsum dolor sit amet, consetetur sadipscing elitr, sed diam nonumy eirmod tempor invidunt ut labore et dolore magna aliquyam erat, sed diam voluptua. At vero eos et accusam et justo duo dolores et ea rebum. Stet clita kasd gubergren, no sea takimata sanctus est. Lorem ipsum dolor sit amet.", "title_en": "text_en", "order": 1001}}, {"pk": 1001, "model": "questions.question", "fields": {"widget_type": "text", "attribute": 1001, "text_de": "Text de?", "text_en": "Text en?", "questionset": null}}, {"pk": 1002, "model": "questions.questionentity", "fields": {"title_de": "textarea_de", "help_de": "Lorem ipsum dolor sit amet, consetetur sadipscing elitr, sed diam nonumy eirmod tempor invidunt ut labore et dolore magna aliquyam erat, sed diam voluptua. At vero eos et accusam et justo duo dolores et ea rebum. Stet clita kasd gubergren, no sea takimata sanctus est. Lorem ipsum dolor sit amet. Lorem ipsum dolor sit amet, consetetur sadipscing elitr, sed diam nonumy eirmod tempor invidunt ut labore et dolore magna aliquyam erat, sed diam voluptua. At vero eos et accusam et justo duo dolores et ea rebum. Stet clita kasd gubergren, no sea takimata sanctus est. Lorem ipsum dolor sit amet.", "updated": "2016-03-14T13:37:00Z", "subsection": 1000, "created": "2016-03-14T13:37:00Z", "help_en": "Lorem ipsum dolor sit amet, consetetur sadipscing elitr, sed diam nonumy eirmod tempor invidunt ut labore et dolore magna aliquyam erat, sed diam voluptua. At vero eos et accusam et justo duo dolores et ea rebum. Stet clita kasd gubergren, no sea takimata sanctus est. Lorem ipsum dolor sit amet. Lorem ipsum dolor sit amet, consetetur sadipscing elitr, sed diam nonumy eirmod tempor invidunt ut labore et dolore magna aliquyam erat, sed diam voluptua. At vero eos et accusam et justo duo dolores et ea rebum. Stet clita kasd gubergren, no sea takimata sanctus est. Lorem ipsum dolor sit amet.", "title_en": "textarea_en", "order": 1002}}, {"pk": 1002, "model": "questions.question", "fields": {"widget_type": "textarea", "attribute": 1002, "text_de": "Textarea de?", "text_en": "Textarea en?", "questionset": null}}, {"pk": 1003, "model": "questions.questionentity", "fields": {"title_de": "yesno_de", "help_de": "Lorem ipsum dolor sit amet, consetetur sadipscing elitr, sed diam nonumy eirmod tempor invidunt ut labore et dolore magna aliquyam erat, sed diam voluptua. At vero eos et accusam et justo duo dolores et ea rebum. Stet clita kasd gubergren, no sea takimata sanctus est. Lorem ipsum dolor sit amet. Lorem ipsum dolor sit amet, consetetur sadipscing elitr, sed diam nonumy eirmod tempor invidunt ut labore et dolore magna aliquyam erat, sed diam voluptua. At vero eos et accusam et justo duo dolores et ea rebum. Stet clita kasd gubergren, no sea takimata sanctus est. Lorem ipsum dolor sit amet.", "updated": "2016-03-14T13:37:00Z", "subsection": 1000, "created": "2016-03-14T13:37:00Z", "help_en": "Lorem ipsum dolor sit amet, consetetur sadipscing elitr, sed diam nonumy eirmod tempor invidunt ut labore et dolore magna aliquyam erat, sed diam voluptua. At vero eos et accusam et justo duo dolores et ea rebum. Stet clita kasd gubergren, no sea takimata sanctus est. Lorem ipsum dolor sit amet. Lorem ipsum dolor sit amet, consetetur sadipscing elitr, sed diam nonumy eirmod tempor invidunt ut labore et dolore magna aliquyam erat, sed diam voluptua. At vero eos et accusam et justo duo dolores et ea rebum. Stet clita kasd gubergren, no sea takimata sanctus est. Lorem ipsum dolor sit amet.", "title_en": "yesno_en", "order": 1003}}, {"pk": 1003, "model": "questions.question", "fields": {"widget_type": "yesno", "attribute": 1003, "text_de": "Yesno de?", "text_en": "Yesno en?", "questionset": null}}, {"pk": 1004, "model": "questions.questionentity", "fields": {"title_de": "date_de", "help_de": "Lorem ipsum dolor sit amet, consetetur sadipscing elitr, sed diam nonumy eirmod tempor invidunt ut labore et dolore magna aliquyam erat, sed diam voluptua. At vero eos et accusam et justo duo dolores et ea rebum. Stet clita kasd gubergren, no sea takimata sanctus est. Lorem ipsum dolor sit amet. Lorem ipsum dolor sit amet, consetetur sadipscing elitr, sed diam nonumy eirmod tempor invidunt ut labore et dolore magna aliquyam erat, sed diam voluptua. At vero eos et accusam et justo duo dolores et ea rebum. Stet clita kasd gubergren, no sea takimata sanctus est. Lorem ipsum dolor sit amet.", "updated": "2016-03-14T13:37:00Z", "subsection": 1000, "created": "2016-03-14T13:37:00Z", "help_en": "Lorem ipsum dolor sit amet, consetetur sadipscing elitr, sed diam nonumy eirmod tempor invidunt ut labore et dolore magna aliquyam erat, sed diam voluptua. At vero eos et accusam et justo duo dolores et ea rebum. Stet clita kasd gubergren, no sea takimata sanctus est. Lorem ipsum dolor sit amet. Lorem ipsum dolor sit amet, consetetur sadipscing elitr, sed diam nonumy eirmod tempor invidunt ut labore et dolore magna aliquyam erat, sed diam voluptua. At vero eos et accusam et justo duo dolores et ea rebum. Stet clita kasd gubergren, no sea takimata sanctus est. Lorem ipsum dolor sit amet.", "title_en": "date_en", "order": 1004}}, {"pk": 1004, "model": "questions.question", "fields": {"widget_type": "date", "attribute": 1004, "text_de": "Date de?", "text_en": "Date en?", "questionset": null}}, {"pk": 1005, "model": "questions.questionentity", "fields": {"title_de": "range_de", "help_de": "Lorem ipsum dolor sit amet, consetetur sadipscing elitr, sed diam nonumy eirmod tempor invidunt ut labore et dolore magna aliquyam erat, sed diam voluptua. At vero eos et accusam et justo duo dolores et ea rebum. Stet clita kasd gubergren, no sea takimata sanctus est. Lorem ipsum dolor sit amet. Lorem ipsum dolor sit amet, consetetur sadipscing elitr, sed diam nonumy eirmod tempor invidunt ut labore et dolore magna aliquyam erat, sed diam voluptua. At vero eos et accusam et justo duo dolores et ea rebum. Stet clita kasd gubergren, no sea takimata sanctus est. Lorem ipsum dolor sit amet.", "updated": "2016-03-14T13:37:00Z", "subsection": 1000, "created": "2016-03-14T13:37:00Z", "help_en": "Lorem ipsum dolor sit amet, consetetur sadipscing elitr, sed diam nonumy eirmod tempor invidunt ut labore et dolore magna aliquyam erat, sed diam voluptua. At vero eos et accusam et justo duo dolores et ea rebum. Stet clita kasd gubergren, no sea takimata sanctus est. Lorem ipsum dolor sit amet. Lorem ipsum dolor sit amet, consetetur sadipscing elitr, sed diam nonumy eirmod tempor invidunt ut labore et dolore magna aliquyam erat, sed diam voluptua. At vero eos et accusam et justo duo dolores et ea rebum. Stet clita kasd gubergren, no sea takimata sanctus est. Lorem ipsum dolor sit amet.", "title_en": "range_en", "order": 1005}}, {"pk": 1005, "model": "questions.question", "fields": {"widget_type": "range", "attribute": 1005, "text_de": "Range de?", "text_en": "Range en?", "questionset": null}}, {"pk": 1005, "model": "questions.option", "fields": {"text_de": 1000, "question": 1005, "text_en": 1000, "key": "max"}}, {"pk": 11005, "model": "questions.option", "fields": {"text_de": 0, "question": 1005, "text_en": 0, "key": "min"}}, {"pk": 1006, "model": "questions.questionentity", "fields": {"title_de": "radio_de", "help_de": "Lorem ipsum dolor sit amet, consetetur sadipscing elitr, sed diam nonumy eirmod tempor invidunt ut labore et dolore magna aliquyam erat, sed diam voluptua. At vero eos et accusam et justo duo dolores et ea rebum. Stet clita kasd gubergren, no sea takimata sanctus est. Lorem ipsum dolor sit amet. Lorem ipsum dolor sit amet, consetetur sadipscing elitr, sed diam nonumy eirmod tempor invidunt ut labore et dolore magna aliquyam erat, sed diam voluptua. At vero eos et accusam et justo duo dolores et ea rebum. Stet clita kasd gubergren, no sea takimata sanctus est. Lorem ipsum dolor sit amet.", "updated": "2016-03-14T13:37:00Z", "subsection": 1000, "created": "2016-03-14T13:37:00Z", "help_en": "Lorem ipsum dolor sit amet, consetetur sadipscing elitr, sed diam nonumy eirmod tempor invidunt ut labore et dolore magna aliquyam erat, sed diam voluptua. At vero eos et accusam et justo duo dolores et ea rebum. Stet clita kasd gubergren, no sea takimata sanctus est. Lorem ipsum dolor sit amet. Lorem ipsum dolor sit amet, consetetur sadipscing elitr, sed diam nonumy eirmod tempor invidunt ut labore et dolore magna aliquyam erat, sed diam voluptua. At vero eos et accusam et justo duo dolores et ea rebum. Stet clita kasd gubergren, no sea takimata sanctus est. Lorem ipsum dolor sit amet.", "title_en": "radio_en", "order": 1006}}, {"pk": 1006, "model": "questions.question", "fields": {"widget_type": "radio", "attribute": 1006, "text_de": "Radio de?", "text_en": "Radio en?", "questionset": null}}, {"pk": 1006, "model": "questions.option", "fields": {"text_de": "a_de", "question": 1006, "text_en": "a_en", "key": "a"}}, {"pk": 11006, "model": "questions.option", "fields": {"text_de": "c_de", "question": 1006, "text_en": "c_en", "key": "c"}}, {"pk": 21006, "model": "questions.option", "fields": {"text_de": "b_de", "question": 1006, "text_en": "b_en", "key": "b"}}, {"pk": 31006, "model": "questions.option", "fields": {"text_de": "e_de", "question": 1006, "text_en": "e_en", "key": "e"}}, {"pk": 41006, "model": "questions.option", "fields": {"text_de": "d_de", "question": 1006, "text_en": "d_en", "key": "d"}}, {"pk": 1007, "model": "questions.questionentity", "fields": {"title_de": "select_de", "help_de": "Lorem ipsum dolor sit amet, consetetur sadipscing elitr, sed diam nonumy eirmod tempor invidunt ut labore et dolore magna aliquyam erat, sed diam voluptua. At vero eos et accusam et justo duo dolores et ea rebum. Stet clita kasd gubergren, no sea takimata sanctus est. Lorem ipsum dolor sit amet. Lorem ipsum dolor sit amet, consetetur sadipscing elitr, sed diam nonumy eirmod tempor invidunt ut labore et dolore magna aliquyam erat, sed diam voluptua. At vero eos et accusam et justo duo dolores et ea rebum. Stet clita kasd gubergren, no sea takimata sanctus est. Lorem ipsum dolor sit amet.", "updated": "2016-03-14T13:37:00Z", "subsection": 1000, "created": "2016-03-14T13:37:00Z", "help_en": "Lorem ipsum dolor sit amet, consetetur sadipscing elitr, sed diam nonumy eirmod tempor invidunt ut labore et dolore magna aliquyam erat, sed diam voluptua. At vero eos et accusam et justo duo dolores et ea rebum. Stet clita kasd gubergren, no sea takimata sanctus est. Lorem ipsum dolor sit amet. Lorem ipsum dolor sit amet, consetetur sadipscing elitr, sed diam nonumy eirmod tempor invidunt ut labore et dolore magna aliquyam erat, sed diam voluptua. At vero eos et accusam et justo duo dolores et ea rebum. Stet clita kasd gubergren, no sea takimata sanctus est. Lorem ipsum dolor sit amet.", "title_en": "select_en", "order": 1007}}, {"pk": 1007, "model": "questions.question", "fields": {"widget_type": "select", "attribute": 1007, "text_de": "Select de?", "text_en": "Select en?", "questionset": null}}, {"pk": 1007, "model": "questions.option", "fields": {"text_de": "a_de", "question": 1007, "text_en": "a_en", "key": "a"}}, {"pk": 11007, "model": "questions.option", "fields": {"text_de": "c_de", "question": 1007, "text_en": "c_en", "key": "c"}}, {"pk": 21007, "model": "questions.option", "fields": {"text_de": "b_de", "question": 1007, "text_en": "b_en", "key": "b"}}, {"pk": 31007, "model": "questions.option", "fields": {"text_de": "e_de", "question": 1007, "text_en": "e_en", "key": "e"}}, {"pk": 41007, "model": "questions.option", "fields": {"text_de": "d_de", "question": 1007, "text_en": "d_en", "key": "d"}}, {"pk": 1008, "model": "questions.questionentity", "fields": {"title_de": "checkbox_de", "help_de": "Lorem ipsum dolor sit amet, consetetur sadipscing elitr, sed diam nonumy eirmod tempor invidunt ut labore et dolore magna aliquyam erat, sed diam voluptua. At vero eos et accusam et justo duo dolores et ea rebum. Stet clita kasd gubergren, no sea takimata sanctus est. Lorem ipsum dolor sit amet. Lorem ipsum dolor sit amet, consetetur sadipscing elitr, sed diam nonumy eirmod tempor invidunt ut labore et dolore magna aliquyam erat, sed diam voluptua. At vero eos et accusam et justo duo dolores et ea rebum. Stet clita kasd gubergren, no sea takimata sanctus est. Lorem ipsum dolor sit amet.", "updated": "2016-03-14T13:37:00Z", "subsection": 1000, "created": "2016-03-14T13:37:00Z", "help_en": "Lorem ipsum dolor sit amet, consetetur sadipscing elitr, sed diam nonumy eirmod tempor invidunt ut labore et dolore magna aliquyam erat, sed diam voluptua. At vero eos et accusam et justo duo dolores et ea rebum. Stet clita kasd gubergren, no sea takimata sanctus est. Lorem ipsum dolor sit amet. Lorem ipsum dolor sit amet, consetetur sadipscing elitr, sed diam nonumy eirmod tempor invidunt ut labore et dolore magna aliquyam erat, sed diam voluptua. At vero eos et accusam et justo duo dolores et ea rebum. Stet clita kasd gubergren, no sea takimata sanctus est. Lorem ipsum dolor sit amet.", "title_en": "checkbox_en", "order": 1008}}, {"pk": 1008, "model": "questions.question", "fields": {"widget_type": "checkbox", "attribute": 1008, "text_de": "Checkbox de?", "text_en": "Checkbox en?", "questionset": null}}, {"pk": 1008, "model": "questions.option", "fields": {"text_de": "a_de", "question": 1008, "text_en": "a_en", "key": "a"}}, {"pk": 11008, "model": "questions.option", "fields": {"text_de": "c_de", "question": 1008, "text_en": "c_en", "key": "c"}}, {"pk": 21008, "model": "questions.option", "fields": {"text_de": "b_de", "question": 1008, "text_en": "b_en", "key": "b"}}, {"pk": 31008, "model": "questions.option", "fields": {"text_de": "e_de", "question": 1008, "text_en": "e_en", "key": "e"}}, {"pk": 41008, "model": "questions.option", "fields": {"text_de": "d_de", "question": 1008, "text_en": "d_en", "key": "d"}}, {"pk": 1011, "model": "questions.questionentity", "fields": {"title_de": "text_collection_de", "help_de": "Lorem ipsum dolor sit amet, consetetur sadipscing elitr, sed diam nonumy eirmod tempor invidunt ut labore et dolore magna aliquyam erat, sed diam voluptua. At vero eos et accusam et justo duo dolores et ea rebum. Stet clita kasd gubergren, no sea takimata sanctus est. Lorem ipsum dolor sit amet. Lorem ipsum dolor sit amet, consetetur sadipscing elitr, sed diam nonumy eirmod tempor invidunt ut labore et dolore magna aliquyam erat, sed diam voluptua. At vero eos et accusam et justo duo dolores et ea rebum. Stet clita kasd gubergren, no sea takimata sanctus est. Lorem ipsum dolor sit amet.", "updated": "2016-03-14T13:37:00Z", "subsection": 1000, "created": "2016-03-14T13:37:00Z", "help_en": "Lorem ipsum dolor sit amet, consetetur sadipscing elitr, sed diam nonumy eirmod tempor invidunt ut labore et dolore magna aliquyam erat, sed diam voluptua. At vero eos et accusam et justo duo dolores et ea rebum. Stet clita kasd gubergren, no sea takimata sanctus est. Lorem ipsum dolor sit amet. Lorem ipsum dolor sit amet, consetetur sadipscing elitr, sed diam nonumy eirmod tempor invidunt ut labore et dolore magna aliquyam erat, sed diam voluptua. At vero eos et accusam et justo duo dolores et ea rebum. Stet clita kasd gubergren, no sea takimata sanctus est. Lorem ipsum dolor sit amet.", "title_en": "text_collection_en", "order": 1011}}, {"pk": 1011, "model": "questions.question", "fields": {"widget_type": "text", "attribute": 1011, "text_de": "Text collection de?", "text_en": "Text collection en?", "questionset": null}}, {"pk": 1012, "model": "questions.questionentity", "fields": {"title_de": "textarea_collection_de", "help_de": "Lorem ipsum dolor sit amet, consetetur sadipscing elitr, sed diam nonumy eirmod tempor invidunt ut labore et dolore magna aliquyam erat, sed diam voluptua. At vero eos et accusam et justo duo dolores et ea rebum. Stet clita kasd gubergren, no sea takimata sanctus est. Lorem ipsum dolor sit amet. Lorem ipsum dolor sit amet, consetetur sadipscing elitr, sed diam nonumy eirmod tempor invidunt ut labore et dolore magna aliquyam erat, sed diam voluptua. At vero eos et accusam et justo duo dolores et ea rebum. Stet clita kasd gubergren, no sea takimata sanctus est. Lorem ipsum dolor sit amet.", "updated": "2016-03-14T13:37:00Z", "subsection": 1000, "created": "2016-03-14T13:37:00Z", "help_en": "Lorem ipsum dolor sit amet, consetetur sadipscing elitr, sed diam nonumy eirmod tempor invidunt ut labore et dolore magna aliquyam erat, sed diam voluptua. At vero eos et accusam et justo duo dolores et ea rebum. Stet clita kasd gubergren, no sea takimata sanctus est. Lorem ipsum dolor sit amet. Lorem ipsum dolor sit amet, consetetur sadipscing elitr, sed diam nonumy eirmod tempor invidunt ut labore et dolore magna aliquyam erat, sed diam voluptua. At vero eos et accusam et justo duo dolores et ea rebum. Stet clita kasd gubergren, no sea takimata sanctus est. Lorem ipsum dolor sit amet.", "title_en": "textarea_collection_en", "order": 1012}}, {"pk": 1012, "model": "questions.question", "fields": {"widget_type": "textarea", "attribute": 1012, "text_de": "Textarea collection de?", "text_en": "Textarea collection en?", "questionset": null}}, {"pk": 1013, "model": "questions.questionentity", "fields": {"title_de": "yesno_collection_de", "help_de": "Lorem ipsum dolor sit amet, consetetur sadipscing elitr, sed diam nonumy eirmod tempor invidunt ut labore et dolore magna aliquyam erat, sed diam voluptua. At vero eos et accusam et justo duo dolores et ea rebum. Stet clita kasd gubergren, no sea takimata sanctus est. Lorem ipsum dolor sit amet. Lorem ipsum dolor sit amet, consetetur sadipscing elitr, sed diam nonumy eirmod tempor invidunt ut labore et dolore magna aliquyam erat, sed diam voluptua. At vero eos et accusam et justo duo dolores et ea rebum. Stet clita kasd gubergren, no sea takimata sanctus est. Lorem ipsum dolor sit amet.", "updated": "2016-03-14T13:37:00Z", "subsection": 1000, "created": "2016-03-14T13:37:00Z", "help_en": "Lorem ipsum dolor sit amet, consetetur sadipscing elitr, sed diam nonumy eirmod tempor invidunt ut labore et dolore magna aliquyam erat, sed diam voluptua. At vero eos et accusam et justo duo dolores et ea rebum. Stet clita kasd gubergren, no sea takimata sanctus est. Lorem ipsum dolor sit amet. Lorem ipsum dolor sit amet, consetetur sadipscing elitr, sed diam nonumy eirmod tempor invidunt ut labore et dolore magna aliquyam erat, sed diam voluptua. At vero eos et accusam et justo duo dolores et ea rebum. Stet clita kasd gubergren, no sea takimata sanctus est. Lorem ipsum dolor sit amet.", "title_en": "yesno_collection_en", "order": 1013}}, {"pk": 1013, "model": "questions.question", "fields": {"widget_type": "yesno", "attribute": 1013, "text_de": "Yesno collection de?", "text_en": "Yesno collection en?", "questionset": null}}, {"pk": 1014, "model": "questions.questionentity", "fields": {"title_de": "date_collection_de", "help_de": "Lorem ipsum dolor sit amet, consetetur sadipscing elitr, sed diam nonumy eirmod tempor invidunt ut labore et dolore magna aliquyam erat, sed diam voluptua. At vero eos et accusam et justo duo dolores et ea rebum. Stet clita kasd gubergren, no sea takimata sanctus est. Lorem ipsum dolor sit amet. Lorem ipsum dolor sit amet, consetetur sadipscing elitr, sed diam nonumy eirmod tempor invidunt ut labore et dolore magna aliquyam erat, sed diam voluptua. At vero eos et accusam et justo duo dolores et ea rebum. Stet clita kasd gubergren, no sea takimata sanctus est. Lorem ipsum dolor sit amet.", "updated": "2016-03-14T13:37:00Z", "subsection": 1000, "created": "2016-03-14T13:37:00Z", "help_en": "Lorem ipsum dolor sit amet, consetetur sadipscing elitr, sed diam nonumy eirmod tempor invidunt ut labore et dolore magna aliquyam erat, sed diam voluptua. At vero eos et accusam et justo duo dolores et ea rebum. Stet clita kasd gubergren, no sea takimata sanctus est. Lorem ipsum dolor sit amet. Lorem ipsum dolor sit amet, consetetur sadipscing elitr, sed diam nonumy eirmod tempor invidunt ut labore et dolore magna aliquyam erat, sed diam voluptua. At vero eos et accusam et justo duo dolores et ea rebum. Stet clita kasd gubergren, no sea takimata sanctus est. Lorem ipsum dolor sit amet.", "title_en": "date_collection_en", "order": 1014}}, {"pk": 1014, "model": "questions.question", "fields": {"widget_type": "date", "attribute": 1014, "text_de": "Date collection de?", "text_en": "Date collection en?", "questionset": null}}, {"pk": 1015, "model": "questions.questionentity", "fields": {"title_de": "range_collection_de", "help_de": "Lorem ipsum dolor sit amet, consetetur sadipscing elitr, sed diam nonumy eirmod tempor invidunt ut labore et dolore magna aliquyam erat, sed diam voluptua. At vero eos et accusam et justo duo dolores et ea rebum. Stet clita kasd gubergren, no sea takimata sanctus est. Lorem ipsum dolor sit amet. Lorem ipsum dolor sit amet, consetetur sadipscing elitr, sed diam nonumy eirmod tempor invidunt ut labore et dolore magna aliquyam erat, sed diam voluptua. At vero eos et accusam et justo duo dolores et ea rebum. Stet clita kasd gubergren, no sea takimata sanctus est. Lorem ipsum dolor sit amet.", "updated": "2016-03-14T13:37:00Z", "subsection": 1000, "created": "2016-03-14T13:37:00Z", "help_en": "Lorem ipsum dolor sit amet, consetetur sadipscing elitr, sed diam nonumy eirmod tempor invidunt ut labore et dolore magna aliquyam erat, sed diam voluptua. At vero eos et accusam et justo duo dolores et ea rebum. Stet clita kasd gubergren, no sea takimata sanctus est. Lorem ipsum dolor sit amet. Lorem ipsum dolor sit amet, consetetur sadipscing elitr, sed diam nonumy eirmod tempor invidunt ut labore et dolore magna aliquyam erat, sed diam voluptua. At vero eos et accusam et justo duo dolores et ea rebum. Stet clita kasd gubergren, no sea takimata sanctus est. Lorem ipsum dolor sit amet.", "title_en": "range_collection_en", "order": 1015}}, {"pk": 1015, "model": "questions.question", "fields": {"widget_type": "range", "attribute": 1015, "text_de": "Range collection de?", "text_en": "Range collection en?", "questionset": null}}, {"pk": 1015, "model": "questions.option", "fields": {"text_de": 1000, "question": 1015, "text_en": 1000, "key": "max"}}, {"pk": 11015, "model": "questions.option", "fields": {"text_de": 0, "question": 1015, "text_en": 0, "key": "min"}}, {"pk": 1016, "model": "questions.questionentity", "fields": {"title_de": "radio_collection_de", "help_de": "Lorem ipsum dolor sit amet, consetetur sadipscing elitr, sed diam nonumy eirmod tempor invidunt ut labore et dolore magna aliquyam erat, sed diam voluptua. At vero eos et accusam et justo duo dolores et ea rebum. Stet clita kasd gubergren, no sea takimata sanctus est. Lorem ipsum dolor sit amet. Lorem ipsum dolor sit amet, consetetur sadipscing elitr, sed diam nonumy eirmod tempor invidunt ut labore et dolore magna aliquyam erat, sed diam voluptua. At vero eos et accusam et justo duo dolores et ea rebum. Stet clita kasd gubergren, no sea takimata sanctus est. Lorem ipsum dolor sit amet.", "updated": "2016-03-14T13:37:00Z", "subsection": 1000, "created": "2016-03-14T13:37:00Z", "help_en": "Lorem ipsum dolor sit amet, consetetur sadipscing elitr, sed diam nonumy eirmod tempor invidunt ut labore et dolore magna aliquyam erat, sed diam voluptua. At vero eos et accusam et justo duo dolores et ea rebum. Stet clita kasd gubergren, no sea takimata sanctus est. Lorem ipsum dolor sit amet. Lorem ipsum dolor sit amet, consetetur sadipscing elitr, sed diam nonumy eirmod tempor invidunt ut labore et dolore magna aliquyam erat, sed diam voluptua. At vero eos et accusam et justo duo dolores et ea rebum. Stet clita kasd gubergren, no sea takimata sanctus est. Lorem ipsum dolor sit amet.", "title_en": "radio_collection_en", "order": 1016}}, {"pk": 1016, "model": "questions.question", "fields": {"widget_type": "radio", "attribute": 1016, "text_de": "Radio collection de?", "text_en": "Radio collection en?", "questionset": null}}, {"pk": 1016, "model": "questions.option", "fields": {"text_de": "a_de", "question": 1016, "text_en": "a_en", "key": "a"}}, {"pk": 11016, "model": "questions.option", "fields": {"text_de": "c_de", "question": 1016, "text_en": "c_en", "key": "c"}}, {"pk": 21016, "model": "questions.option", "fields": {"text_de": "b_de", "question": 1016, "text_en": "b_en", "key": "b"}}, {"pk": 31016, "model": "questions.option", "fields": {"text_de": "e_de", "question": 1016, "text_en": "e_en", "key": "e"}}, {"pk": 41016, "model": "questions.option", "fields": {"text_de": "d_de", "question": 1016, "text_en": "d_en", "key": "d"}}, {"pk": 1017, "model": "questions.questionentity", "fields": {"title_de": "select_collection_de", "help_de": "Lorem ipsum dolor sit amet, consetetur sadipscing elitr, sed diam nonumy eirmod tempor invidunt ut labore et dolore magna aliquyam erat, sed diam voluptua. At vero eos et accusam et justo duo dolores et ea rebum. Stet clita kasd gubergren, no sea takimata sanctus est. Lorem ipsum dolor sit amet. Lorem ipsum dolor sit amet, consetetur sadipscing elitr, sed diam nonumy eirmod tempor invidunt ut labore et dolore magna aliquyam erat, sed diam voluptua. At vero eos et accusam et justo duo dolores et ea rebum. Stet clita kasd gubergren, no sea takimata sanctus est. Lorem ipsum dolor sit amet.", "updated": "2016-03-14T13:37:00Z", "subsection": 1000, "created": "2016-03-14T13:37:00Z", "help_en": "Lorem ipsum dolor sit amet, consetetur sadipscing elitr, sed diam nonumy eirmod tempor invidunt ut labore et dolore magna aliquyam erat, sed diam voluptua. At vero eos et accusam et justo duo dolores et ea rebum. Stet clita kasd gubergren, no sea takimata sanctus est. Lorem ipsum dolor sit amet. Lorem ipsum dolor sit amet, consetetur sadipscing elitr, sed diam nonumy eirmod tempor invidunt ut labore et dolore magna aliquyam erat, sed diam voluptua. At vero eos et accusam et justo duo dolores et ea rebum. Stet clita kasd gubergren, no sea takimata sanctus est. Lorem ipsum dolor sit amet.", "title_en": "select_collection_en", "order": 1017}}, {"pk": 1017, "model": "questions.question", "fields": {"widget_type": "select", "attribute": 1017, "text_de": "Select collection de?", "text_en": "Select collection en?", "questionset": null}}, {"pk": 1017, "model": "questions.option", "fields": {"text_de": "a_de", "question": 1017, "text_en": "a_en", "key": "a"}}, {"pk": 11017, "model": "questions.option", "fields": {"text_de": "c_de", "question": 1017, "text_en": "c_en", "key": "c"}}, {"pk": 21017, "model": "questions.option", "fields": {"text_de": "b_de", "question": 1017, "text_en": "b_en", "key": "b"}}, {"pk": 31017, "model": "questions.option", "fields": {"text_de": "e_de", "question": 1017, "text_en": "e_en", "key": "e"}}, {"pk": 41017, "model": "questions.option", "fields": {"text_de": "d_de", "question": 1017, "text_en": "d_en", "key": "d"}}, {"pk": 1018, "model": "questions.questionentity", "fields": {"title_de": "checkbox_collection_de", "help_de": "Lorem ipsum dolor sit amet, consetetur sadipscing elitr, sed diam nonumy eirmod tempor invidunt ut labore et dolore magna aliquyam erat, sed diam voluptua. At vero eos et accusam et justo duo dolores et ea rebum. Stet clita kasd gubergren, no sea takimata sanctus est. Lorem ipsum dolor sit amet. Lorem ipsum dolor sit amet, consetetur sadipscing elitr, sed diam nonumy eirmod tempor invidunt ut labore et dolore magna aliquyam erat, sed diam voluptua. At vero eos et accusam et justo duo dolores et ea rebum. Stet clita kasd gubergren, no sea takimata sanctus est. Lorem ipsum dolor sit amet.", "updated": "2016-03-14T13:37:00Z", "subsection": 1000, "created": "2016-03-14T13:37:00Z", "help_en": "Lorem ipsum dolor sit amet, consetetur sadipscing elitr, sed diam nonumy eirmod tempor invidunt ut labore et dolore magna aliquyam erat, sed diam voluptua. At vero eos et accusam et justo duo dolores et ea rebum. Stet clita kasd gubergren, no sea takimata sanctus est. Lorem ipsum dolor sit amet. Lorem ipsum dolor sit amet, consetetur sadipscing elitr, sed diam nonumy eirmod tempor invidunt ut labore et dolore magna aliquyam erat, sed diam voluptua. At vero eos et accusam et justo duo dolores et ea rebum. Stet clita kasd gubergren, no sea takimata sanctus est. Lorem ipsum dolor sit amet.", "title_en": "checkbox_collection_en", "order": 1018}}, {"pk": 1018, "model": "questions.question", "fields": {"widget_type": "checkbox", "attribute": 1018, "text_de": "Checkbox collection de?", "text_en": "Checkbox collection en?", "questionset": null}}, {"pk": 1018, "model": "questions.option", "fields": {"text_de": "a_de", "question": 1018, "text_en": "a_en", "key": "a"}}, {"pk": 11018, "model": "questions.option", "fields": {"text_de": "c_de", "question": 1018, "text_en": "c_en", "key": "c"}}, {"pk": 21018, "model": "questions.option", "fields": {"text_de": "b_de", "question": 1018, "text_en": "b_en", "key": "b"}}, {"pk": 31018, "model": "questions.option", "fields": {"text_de": "e_de", "question": 1018, "text_en": "e_en", "key": "e"}}, {"pk": 41018, "model": "questions.option", "fields": {"text_de": "d_de", "question": 1018, "text_en": "d_en", "key": "d"}}, {"pk": 1100, "model": "questions.questionentity", "fields": {"title_de": "set_de", "help_de": "Lorem ipsum dolor sit amet, consetetur sadipscing elitr, sed diam nonumy eirmod tempor invidunt ut labore et dolore magna aliquyam erat, sed diam voluptua. At vero eos et accusam et justo duo dolores et ea rebum. Stet clita kasd gubergren, no sea takimata sanctus est. Lorem ipsum dolor sit amet. Lorem ipsum dolor sit amet, consetetur sadipscing elitr, sed diam nonumy eirmod tempor invidunt ut labore et dolore magna aliquyam erat, sed diam voluptua. At vero eos et accusam et justo duo dolores et ea rebum. Stet clita kasd gubergren, no sea takimata sanctus est. Lorem ipsum dolor sit amet.", "updated": "2016-03-14T13:37:00Z", "subsection": 1000, "created": "2016-03-14T13:37:00Z", "help_en": "Lorem ipsum dolor sit amet, consetetur sadipscing elitr, sed diam nonumy eirmod tempor invidunt ut labore et dolore magna aliquyam erat, sed diam voluptua. At vero eos et accusam et justo duo dolores et ea rebum. Stet clita kasd gubergren, no sea takimata sanctus est. Lorem ipsum dolor sit amet. Lorem ipsum dolor sit amet, consetetur sadipscing elitr, sed diam nonumy eirmod tempor invidunt ut labore et dolore magna aliquyam erat, sed diam voluptua. At vero eos et accusam et justo duo dolores et ea rebum. Stet clita kasd gubergren, no sea takimata sanctus est. Lorem ipsum dolor sit amet.", "title_en": "set_en", "order": 1100}}, {"pk": 1100, "model": "questions.questionset", "fields": {"attributeset": 1100}}, {"pk": 1101, "model": "questions.questionentity", "fields": {"title_de": "set_text_de", "help_de": "Lorem ipsum dolor sit amet, consetetur sadipscing elitr, sed diam nonumy eirmod tempor invidunt ut labore et dolore magna aliquyam erat, sed diam voluptua. At vero eos et accusam et justo duo dolores et ea rebum. Stet clita kasd gubergren, no sea takimata sanctus est. Lorem ipsum dolor sit amet. Lorem ipsum dolor sit amet, consetetur sadipscing elitr, sed diam nonumy eirmod tempor invidunt ut labore et dolore magna aliquyam erat, sed diam voluptua. At vero eos et accusam et justo duo dolores et ea rebum. Stet clita kasd gubergren, no sea takimata sanctus est. Lorem ipsum dolor sit amet.", "updated": "2016-03-14T13:37:00Z", "subsection": 1000, "created": "2016-03-14T13:37:00Z", "help_en": "Lorem ipsum dolor sit amet, consetetur sadipscing elitr, sed diam nonumy eirmod tempor invidunt ut labore et dolore magna aliquyam erat, sed diam voluptua. At vero eos et accusam et justo duo dolores et ea rebum. Stet clita kasd gubergren, no sea takimata sanctus est. Lorem ipsum dolor sit amet. Lorem ipsum dolor sit amet, consetetur sadipscing elitr, sed diam nonumy eirmod tempor invidunt ut labore et dolore magna aliquyam erat, sed diam voluptua. At vero eos et accusam et justo duo dolores et ea rebum. Stet clita kasd gubergren, no sea takimata sanctus est. Lorem ipsum dolor sit amet.", "title_en": "set_text_en", "order": 1101}}, {"pk": 1101, "model": "questions.question", "fields": {"widget_type": "text", "attribute": 1101, "text_de": "Set text de?", "text_en": "Set text en?", "questionset": 1100}}, {"pk": 1102, "model": "questions.questionentity", "fields": {"title_de": "set_textarea_de", "help_de": "Lorem ipsum dolor sit amet, consetetur sadipscing elitr, sed diam nonumy eirmod tempor invidunt ut labore et dolore magna aliquyam erat, sed diam voluptua. At vero eos et accusam et justo duo dolores et ea rebum. Stet clita kasd gubergren, no sea takimata sanctus est. Lorem ipsum dolor sit amet. Lorem ipsum dolor sit amet, consetetur sadipscing elitr, sed diam nonumy eirmod tempor invidunt ut labore et dolore magna aliquyam erat, sed diam voluptua. At vero eos et accusam et justo duo dolores et ea rebum. Stet clita kasd gubergren, no sea takimata sanctus est. Lorem ipsum dolor sit amet.", "updated": "2016-03-14T13:37:00Z", "subsection": 1000, "created": "2016-03-14T13:37:00Z", "help_en": "Lorem ipsum dolor sit amet, consetetur sadipscing elitr, sed diam nonumy eirmod tempor invidunt ut labore et dolore magna aliquyam erat, sed diam voluptua. At vero eos et accusam et justo duo dolores et ea rebum. Stet clita kasd gubergren, no sea takimata sanctus est. Lorem ipsum dolor sit amet. Lorem ipsum dolor sit amet, consetetur sadipscing elitr, sed diam nonumy eirmod tempor invidunt ut labore et dolore magna aliquyam erat, sed diam voluptua. At vero eos et accusam et justo duo dolores et ea rebum. Stet clita kasd gubergren, no sea takimata sanctus est. Lorem ipsum dolor sit amet.", "title_en": "set_textarea_en", "order": 1102}}, {"pk": 1102, "model": "questions.question", "fields": {"widget_type": "textarea", "attribute": 1102, "text_de": "Set textarea de?", "text_en": "Set textarea en?", "questionset": 1100}}, {"pk": 1103, "model": "questions.questionentity", "fields": {"title_de": "set_yesno_de", "help_de": "Lorem ipsum dolor sit amet, consetetur sadipscing elitr, sed diam nonumy eirmod tempor invidunt ut labore et dolore magna aliquyam erat, sed diam voluptua. At vero eos et accusam et justo duo dolores et ea rebum. Stet clita kasd gubergren, no sea takimata sanctus est. Lorem ipsum dolor sit amet. Lorem ipsum dolor sit amet, consetetur sadipscing elitr, sed diam nonumy eirmod tempor invidunt ut labore et dolore magna aliquyam erat, sed diam voluptua. At vero eos et accusam et justo duo dolores et ea rebum. Stet clita kasd gubergren, no sea takimata sanctus est. Lorem ipsum dolor sit amet.", "updated": "2016-03-14T13:37:00Z", "subsection": 1000, "created": "2016-03-14T13:37:00Z", "help_en": "Lorem ipsum dolor sit amet, consetetur sadipscing elitr, sed diam nonumy eirmod tempor invidunt ut labore et dolore magna aliquyam erat, sed diam voluptua. At vero eos et accusam et justo duo dolores et ea rebum. Stet clita kasd gubergren, no sea takimata sanctus est. Lorem ipsum dolor sit amet. Lorem ipsum dolor sit amet, consetetur sadipscing elitr, sed diam nonumy eirmod tempor invidunt ut labore et dolore magna aliquyam erat, sed diam voluptua. At vero eos et accusam et justo duo dolores et ea rebum. Stet clita kasd gubergren, no sea takimata sanctus est. Lorem ipsum dolor sit amet.", "title_en": "set_yesno_en", "order": 1103}}, {"pk": 1103, "model": "questions.question", "fields": {"widget_type": "yesno", "attribute": 1103, "text_de": "Set yesno de?", "text_en": "Set yesno en?", "questionset": 1100}}, {"pk": 1104, "model": "questions.questionentity", "fields": {"title_de": "set_date_de", "help_de": "Lorem ipsum dolor sit amet, consetetur sadipscing elitr, sed diam nonumy eirmod tempor invidunt ut labore et dolore magna aliquyam erat, sed diam voluptua. At vero eos et accusam et justo duo dolores et ea rebum. Stet clita kasd gubergren, no sea takimata sanctus est. Lorem ipsum dolor sit amet. Lorem ipsum dolor sit amet, consetetur sadipscing elitr, sed diam nonumy eirmod tempor invidunt ut labore et dolore magna aliquyam erat, sed diam voluptua. At vero eos et accusam et justo duo dolores et ea rebum. Stet clita kasd gubergren, no sea takimata sanctus est. Lorem ipsum dolor sit amet.", "updated": "2016-03-14T13:37:00Z", "subsection": 1000, "created": "2016-03-14T13:37:00Z", "help_en": "Lorem ipsum dolor sit amet, consetetur sadipscing elitr, sed diam nonumy eirmod tempor invidunt ut labore et dolore magna aliquyam erat, sed diam voluptua. At vero eos et accusam et justo duo dolores et ea rebum. Stet clita kasd gubergren, no sea takimata sanctus est. Lorem ipsum dolor sit amet. Lorem ipsum dolor sit amet, consetetur sadipscing elitr, sed diam nonumy eirmod tempor invidunt ut labore et dolore magna aliquyam erat, sed diam voluptua. At vero eos et accusam et justo duo dolores et ea rebum. Stet clita kasd gubergren, no sea takimata sanctus est. Lorem ipsum dolor sit amet.", "title_en": "set_date_en", "order": 1104}}, {"pk": 1104, "model": "questions.question", "fields": {"widget_type": "date", "attribute": 1104, "text_de": "Set date de?", "text_en": "Set date en?", "questionset": 1100}}, {"pk": 1105, "model": "questions.questionentity", "fields": {"title_de": "set_range_de", "help_de": "Lorem ipsum dolor sit amet, consetetur sadipscing elitr, sed diam nonumy eirmod tempor invidunt ut labore et dolore magna aliquyam erat, sed diam voluptua. At vero eos et accusam et justo duo dolores et ea rebum. Stet clita kasd gubergren, no sea takimata sanctus est. Lorem ipsum dolor sit amet. Lorem ipsum dolor sit amet, consetetur sadipscing elitr, sed diam nonumy eirmod tempor invidunt ut labore et dolore magna aliquyam erat, sed diam voluptua. At vero eos et accusam et justo duo dolores et ea rebum. Stet clita kasd gubergren, no sea takimata sanctus est. Lorem ipsum dolor sit amet.", "updated": "2016-03-14T13:37:00Z", "subsection": 1000, "created": "2016-03-14T13:37:00Z", "help_en": "Lorem ipsum dolor sit amet, consetetur sadipscing elitr, sed diam nonumy eirmod tempor invidunt ut labore et dolore magna aliquyam erat, sed diam voluptua. At vero eos et accusam et justo duo dolores et ea rebum. Stet clita kasd gubergren, no sea takimata sanctus est. Lorem ipsum dolor sit amet. Lorem ipsum dolor sit amet, consetetur sadipscing elitr, sed diam nonumy eirmod tempor invidunt ut labore et dolore magna aliquyam erat, sed diam voluptua. At vero eos et accusam et justo duo dolores et ea rebum. Stet clita kasd gubergren, no sea takimata sanctus est. Lorem ipsum dolor sit amet.", "title_en": "set_range_en", "order": 1105}}, {"pk": 1105, "model": "questions.question", "fields": {"widget_type": "range", "attribute": 1105, "text_de": "Set range de?", "text_en": "Set range en?", "questionset": 1100}}, {"pk": 1105, "model": "questions.option", "fields": {"text_de": 1000, "question": 1105, "text_en": 1000, "key": "max"}}, {"pk": 11105, "model": "questions.option", "fields": {"text_de": 0, "question": 1105, "text_en": 0, "key": "min"}}, {"pk": 1106, "model": "questions.questionentity", "fields": {"title_de": "set_radio_de", "help_de": "Lorem ipsum dolor sit amet, consetetur sadipscing elitr, sed diam nonumy eirmod tempor invidunt ut labore et dolore magna aliquyam erat, sed diam voluptua. At vero eos et accusam et justo duo dolores et ea rebum. Stet clita kasd gubergren, no sea takimata sanctus est. Lorem ipsum dolor sit amet. Lorem ipsum dolor sit amet, consetetur sadipscing elitr, sed diam nonumy eirmod tempor invidunt ut labore et dolore magna aliquyam erat, sed diam voluptua. At vero eos et accusam et justo duo dolores et ea rebum. Stet clita kasd gubergren, no sea takimata sanctus est. Lorem ipsum dolor sit amet.", "updated": "2016-03-14T13:37:00Z", "subsection": 1000, "created": "2016-03-14T13:37:00Z", "help_en": "Lorem ipsum dolor sit amet, consetetur sadipscing elitr, sed diam nonumy eirmod tempor invidunt ut labore et dolore magna aliquyam erat, sed diam voluptua. At vero eos et accusam et justo duo dolores et ea rebum. Stet clita kasd gubergren, no sea takimata sanctus est. Lorem ipsum dolor sit amet. Lorem ipsum dolor sit amet, consetetur sadipscing elitr, sed diam nonumy eirmod tempor invidunt ut labore et dolore magna aliquyam erat, sed diam voluptua. At vero eos et accusam et justo duo dolores et ea rebum. Stet clita kasd gubergren, no sea takimata sanctus est. Lorem ipsum dolor sit amet.", "title_en": "set_radio_en", "order": 1106}}, {"pk": 1106, "model": "questions.question", "fields": {"widget_type": "radio", "attribute": 1106, "text_de": "Set radio de?", "text_en": "Set radio en?", "questionset": 1100}}, {"pk": 1106, "model": "questions.option", "fields": {"text_de": "a_de", "question": 1106, "text_en": "a_en", "key": "a"}}, {"pk": 11106, "model": "questions.option", "fields": {"text_de": "c_de", "question": 1106, "text_en": "c_en", "key": "c"}}, {"pk": 21106, "model": "questions.option", "fields": {"text_de": "b_de", "question": 1106, "text_en": "b_en", "key": "b"}}, {"pk": 31106, "model": "questions.option", "fields": {"text_de": "e_de", "question": 1106, "text_en": "e_en", "key": "e"}}, {"pk": 41106, "model": "questions.option", "fields": {"text_de": "d_de", "question": 1106, "text_en": "d_en", "key": "d"}}, {"pk": 1107, "model": "questions.questionentity", "fields": {"title_de": "set_select_de", "help_de": "Lorem ipsum dolor sit amet, consetetur sadipscing elitr, sed diam nonumy eirmod tempor invidunt ut labore et dolore magna aliquyam erat, sed diam voluptua. At vero eos et accusam et justo duo dolores et ea rebum. Stet clita kasd gubergren, no sea takimata sanctus est. Lorem ipsum dolor sit amet. Lorem ipsum dolor sit amet, consetetur sadipscing elitr, sed diam nonumy eirmod tempor invidunt ut labore et dolore magna aliquyam erat, sed diam voluptua. At vero eos et accusam et justo duo dolores et ea rebum. Stet clita kasd gubergren, no sea takimata sanctus est. Lorem ipsum dolor sit amet.", "updated": "2016-03-14T13:37:00Z", "subsection": 1000, "created": "2016-03-14T13:37:00Z", "help_en": "Lorem ipsum dolor sit amet, consetetur sadipscing elitr, sed diam nonumy eirmod tempor invidunt ut labore et dolore magna aliquyam erat, sed diam voluptua. At vero eos et accusam et justo duo dolores et ea rebum. Stet clita kasd gubergren, no sea takimata sanctus est. Lorem ipsum dolor sit amet. Lorem ipsum dolor sit amet, consetetur sadipscing elitr, sed diam nonumy eirmod tempor invidunt ut labore et dolore magna aliquyam erat, sed diam voluptua. At vero eos et accusam et justo duo dolores et ea rebum. Stet clita kasd gubergren, no sea takimata sanctus est. Lorem ipsum dolor sit amet.", "title_en": "set_select_en", "order": 1107}}, {"pk": 1107, "model": "questions.question", "fields": {"widget_type": "select", "attribute": 1107, "text_de": "Set select de?", "text_en": "Set select en?", "questionset": 1100}}, {"pk": 1107, "model": "questions.option", "fields": {"text_de": "a_de", "question": 1107, "text_en": "a_en", "key": "a"}}, {"pk": 11107, "model": "questions.option", "fields": {"text_de": "c_de", "question": 1107, "text_en": "c_en", "key": "c"}}, {"pk": 21107, "model": "questions.option", "fields": {"text_de": "b_de", "question": 1107, "text_en": "b_en", "key": "b"}}, {"pk": 31107, "model": "questions.option", "fields": {"text_de": "e_de", "question": 1107, "text_en": "e_en", "key": "e"}}, {"pk": 41107, "model": "questions.option", "fields": {"text_de": "d_de", "question": 1107, "text_en": "d_en", "key": "d"}}, {"pk": 1108, "model": "questions.questionentity", "fields": {"title_de": "set_checkbox_de", "help_de": "Lorem ipsum dolor sit amet, consetetur sadipscing elitr, sed diam nonumy eirmod tempor invidunt ut labore et dolore magna aliquyam erat, sed diam voluptua. At vero eos et accusam et justo duo dolores et ea rebum. Stet clita kasd gubergren, no sea takimata sanctus est. Lorem ipsum dolor sit amet. Lorem ipsum dolor sit amet, consetetur sadipscing elitr, sed diam nonumy eirmod tempor invidunt ut labore et dolore magna aliquyam erat, sed diam voluptua. At vero eos et accusam et justo duo dolores et ea rebum. Stet clita kasd gubergren, no sea takimata sanctus est. Lorem ipsum dolor sit amet.", "updated": "2016-03-14T13:37:00Z", "subsection": 1000, "created": "2016-03-14T13:37:00Z", "help_en": "Lorem ipsum dolor sit amet, consetetur sadipscing elitr, sed diam nonumy eirmod tempor invidunt ut labore et dolore magna aliquyam erat, sed diam voluptua. At vero eos et accusam et justo duo dolores et ea rebum. Stet clita kasd gubergren, no sea takimata sanctus est. Lorem ipsum dolor sit amet. Lorem ipsum dolor sit amet, consetetur sadipscing elitr, sed diam nonumy eirmod tempor invidunt ut labore et dolore magna aliquyam erat, sed diam voluptua. At vero eos et accusam et justo duo dolores et ea rebum. Stet clita kasd gubergren, no sea takimata sanctus est. Lorem ipsum dolor sit amet.", "title_en": "set_checkbox_en", "order": 1108}}, {"pk": 1108, "model": "questions.question", "fields": {"widget_type": "checkbox", "attribute": 1108, "text_de": "Set checkbox de?", "text_en": "Set checkbox en?", "questionset": 1100}}, {"pk": 1108, "model": "questions.option", "fields": {"text_de": "a_de", "question": 1108, "text_en": "a_en", "key": "a"}}, {"pk": 11108, "model": "questions.option", "fields": {"text_de": "c_de", "question": 1108, "text_en": "c_en", "key": "c"}}, {"pk": 21108, "model": "questions.option", "fields": {"text_de": "b_de", "question": 1108, "text_en": "b_en", "key": "b"}}, {"pk": 31108, "model": "questions.option", "fields": {"text_de": "e_de", "question": 1108, "text_en": "e_en", "key": "e"}}, {"pk": 41108, "model": "questions.option", "fields": {"text_de": "d_de", "question": 1108, "text_en": "d_en", "key": "d"}}, {"pk": 1111, "model": "questions.questionentity", "fields": {"title_de": "set_text_collection_de", "help_de": "Lorem ipsum dolor sit amet, consetetur sadipscing elitr, sed diam nonumy eirmod tempor invidunt ut labore et dolore magna aliquyam erat, sed diam voluptua. At vero eos et accusam et justo duo dolores et ea rebum. Stet clita kasd gubergren, no sea takimata sanctus est. Lorem ipsum dolor sit amet. Lorem ipsum dolor sit amet, consetetur sadipscing elitr, sed diam nonumy eirmod tempor invidunt ut labore et dolore magna aliquyam erat, sed diam voluptua. At vero eos et accusam et justo duo dolores et ea rebum. Stet clita kasd gubergren, no sea takimata sanctus est. Lorem ipsum dolor sit amet.", "updated": "2016-03-14T13:37:00Z", "subsection": 1000, "created": "2016-03-14T13:37:00Z", "help_en": "Lorem ipsum dolor sit amet, consetetur sadipscing elitr, sed diam nonumy eirmod tempor invidunt ut labore et dolore magna aliquyam erat, sed diam voluptua. At vero eos et accusam et justo duo dolores et ea rebum. Stet clita kasd gubergren, no sea takimata sanctus est. Lorem ipsum dolor sit amet. Lorem ipsum dolor sit amet, consetetur sadipscing elitr, sed diam nonumy eirmod tempor invidunt ut labore et dolore magna aliquyam erat, sed diam voluptua. At vero eos et accusam et justo duo dolores et ea rebum. Stet clita kasd gubergren, no sea takimata sanctus est. Lorem ipsum dolor sit amet.", "title_en": "set_text_collection_en", "order": 1111}}, {"pk": 1111, "model": "questions.question", "fields": {"widget_type": "text", "attribute": 1111, "text_de": "Set text collection de?", "text_en": "Set text collection en?", "questionset": 1100}}, {"pk": 1112, "model": "questions.questionentity", "fields": {"title_de": "set_textarea_collection_de", "help_de": "Lorem ipsum dolor sit amet, consetetur sadipscing elitr, sed diam nonumy eirmod tempor invidunt ut labore et dolore magna aliquyam erat, sed diam voluptua. At vero eos et accusam et justo duo dolores et ea rebum. Stet clita kasd gubergren, no sea takimata sanctus est. Lorem ipsum dolor sit amet. Lorem ipsum dolor sit amet, consetetur sadipscing elitr, sed diam nonumy eirmod tempor invidunt ut labore et dolore magna aliquyam erat, sed diam voluptua. At vero eos et accusam et justo duo dolores et ea rebum. Stet clita kasd gubergren, no sea takimata sanctus est. Lorem ipsum dolor sit amet.", "updated": "2016-03-14T13:37:00Z", "subsection": 1000, "created": "2016-03-14T13:37:00Z", "help_en": "Lorem ipsum dolor sit amet, consetetur sadipscing elitr, sed diam nonumy eirmod tempor invidunt ut labore et dolore magna aliquyam erat, sed diam voluptua. At vero eos et accusam et justo duo dolores et ea rebum. Stet clita kasd gubergren, no sea takimata sanctus est. Lorem ipsum dolor sit amet. Lorem ipsum dolor sit amet, consetetur sadipscing elitr, sed diam nonumy eirmod tempor invidunt ut labore et dolore magna aliquyam erat, sed diam voluptua. At vero eos et accusam et justo duo dolores et ea rebum. Stet clita kasd gubergren, no sea takimata sanctus est. Lorem ipsum dolor sit amet.", "title_en": "set_textarea_collection_en", "order": 1112}}, {"pk": 1112, "model": "questions.question", "fields": {"widget_type": "textarea", "attribute": 1112, "text_de": "Set textarea collection de?", "text_en": "Set textarea collection en?", "questionset": 1100}}, {"pk": 1113, "model": "questions.questionentity", "fields": {"title_de": "set_yesno_collection_de", "help_de": "Lorem ipsum dolor sit amet, consetetur sadipscing elitr, sed diam nonumy eirmod tempor invidunt ut labore et dolore magna aliquyam erat, sed diam voluptua. At vero eos et accusam et justo duo dolores et ea rebum. Stet clita kasd gubergren, no sea takimata sanctus est. Lorem ipsum dolor sit amet. Lorem ipsum dolor sit amet, consetetur sadipscing elitr, sed diam nonumy eirmod tempor invidunt ut labore et dolore magna aliquyam erat, sed diam voluptua. At vero eos et accusam et justo duo dolores et ea rebum. Stet clita kasd gubergren, no sea takimata sanctus est. Lorem ipsum dolor sit amet.", "updated": "2016-03-14T13:37:00Z", "subsection": 1000, "created": "2016-03-14T13:37:00Z", "help_en": "Lorem ipsum dolor sit amet, consetetur sadipscing elitr, sed diam nonumy eirmod tempor invidunt ut labore et dolore magna aliquyam erat, sed diam voluptua. At vero eos et accusam et justo duo dolores et ea rebum. Stet clita kasd gubergren, no sea takimata sanctus est. Lorem ipsum dolor sit amet. Lorem ipsum dolor sit amet, consetetur sadipscing elitr, sed diam nonumy eirmod tempor invidunt ut labore et dolore magna aliquyam erat, sed diam voluptua. At vero eos et accusam et justo duo dolores et ea rebum. Stet clita kasd gubergren, no sea takimata sanctus est. Lorem ipsum dolor sit amet.", "title_en": "set_yesno_collection_en", "order": 1113}}, {"pk": 1113, "model": "questions.question", "fields": {"widget_type": "yesno", "attribute": 1113, "text_de": "Set yesno collection de?", "text_en": "Set yesno collection en?", "questionset": 1100}}, {"pk": 1114, "model": "questions.questionentity", "fields": {"title_de": "set_date_collection_de", "help_de": "Lorem ipsum dolor sit amet, consetetur sadipscing elitr, sed diam nonumy eirmod tempor invidunt ut labore et dolore magna aliquyam erat, sed diam voluptua. At vero eos et accusam et justo duo dolores et ea rebum. Stet clita kasd gubergren, no sea takimata sanctus est. Lorem ipsum dolor sit amet. Lorem ipsum dolor sit amet, consetetur sadipscing elitr, sed diam nonumy eirmod tempor invidunt ut labore et dolore magna aliquyam erat, sed diam voluptua. At vero eos et accusam et justo duo dolores et ea rebum. Stet clita kasd gubergren, no sea takimata sanctus est. Lorem ipsum dolor sit amet.", "updated": "2016-03-14T13:37:00Z", "subsection": 1000, "created": "2016-03-14T13:37:00Z", "help_en": "Lorem ipsum dolor sit amet, consetetur sadipscing elitr, sed diam nonumy eirmod tempor invidunt ut labore et dolore magna aliquyam erat, sed diam voluptua. At vero eos et accusam et justo duo dolores et ea rebum. Stet clita kasd gubergren, no sea takimata sanctus est. Lorem ipsum dolor sit amet. Lorem ipsum dolor sit amet, consetetur sadipscing elitr, sed diam nonumy eirmod tempor invidunt ut labore et dolore magna aliquyam erat, sed diam voluptua. At vero eos et accusam et justo duo dolores et ea rebum. Stet clita kasd gubergren, no sea takimata sanctus est. Lorem ipsum dolor sit amet.", "title_en": "set_date_collection_en", "order": 1114}}, {"pk": 1114, "model": "questions.question", "fields": {"widget_type": "date", "attribute": 1114, "text_de": "Set date collection de?", "text_en": "Set date collection en?", "questionset": 1100}}, {"pk": 1115, "model": "questions.questionentity", "fields": {"title_de": "set_range_collection_de", "help_de": "Lorem ipsum dolor sit amet, consetetur sadipscing elitr, sed diam nonumy eirmod tempor invidunt ut labore et dolore magna aliquyam erat, sed diam voluptua. At vero eos et accusam et justo duo dolores et ea rebum. Stet clita kasd gubergren, no sea takimata sanctus est. Lorem ipsum dolor sit amet. Lorem ipsum dolor sit amet, consetetur sadipscing elitr, sed diam nonumy eirmod tempor invidunt ut labore et dolore magna aliquyam erat, sed diam voluptua. At vero eos et accusam et justo duo dolores et ea rebum. Stet clita kasd gubergren, no sea takimata sanctus est. Lorem ipsum dolor sit amet.", "updated": "2016-03-14T13:37:00Z", "subsection": 1000, "created": "2016-03-14T13:37:00Z", "help_en": "Lorem ipsum dolor sit amet, consetetur sadipscing elitr, sed diam nonumy eirmod tempor invidunt ut labore et dolore magna aliquyam erat, sed diam voluptua. At vero eos et accusam et justo duo dolores et ea rebum. Stet clita kasd gubergren, no sea takimata sanctus est. Lorem ipsum dolor sit amet. Lorem ipsum dolor sit amet, consetetur sadipscing elitr, sed diam nonumy eirmod tempor invidunt ut labore et dolore magna aliquyam erat, sed diam voluptua. At vero eos et accusam et justo duo dolores et ea rebum. Stet clita kasd gubergren, no sea takimata sanctus est. Lorem ipsum dolor sit amet.", "title_en": "set_range_collection_en", "order": 1115}}, {"pk": 1115, "model": "questions.question", "fields": {"widget_type": "range", "attribute": 1115, "text_de": "Set range collection de?", "text_en": "Set range collection en?", "questionset": 1100}}, {"pk": 1115, "model": "questions.option", "fields": {"text_de": 1000, "question": 1115, "text_en": 1000, "key": "max"}}, {"pk": 11115, "model": "questions.option", "fields": {"text_de": 0, "question": 1115, "text_en": 0, "key": "min"}}, {"pk": 1116, "model": "questions.questionentity", "fields": {"title_de": "set_radio_collection_de", "help_de": "Lorem ipsum dolor sit amet, consetetur sadipscing elitr, sed diam nonumy eirmod tempor invidunt ut labore et dolore magna aliquyam erat, sed diam voluptua. At vero eos et accusam et justo duo dolores et ea rebum. Stet clita kasd gubergren, no sea takimata sanctus est. Lorem ipsum dolor sit amet. Lorem ipsum dolor sit amet, consetetur sadipscing elitr, sed diam nonumy eirmod tempor invidunt ut labore et dolore magna aliquyam erat, sed diam voluptua. At vero eos et accusam et justo duo dolores et ea rebum. Stet clita kasd gubergren, no sea takimata sanctus est. Lorem ipsum dolor sit amet.", "updated": "2016-03-14T13:37:00Z", "subsection": 1000, "created": "2016-03-14T13:37:00Z", "help_en": "Lorem ipsum dolor sit amet, consetetur sadipscing elitr, sed diam nonumy eirmod tempor invidunt ut labore et dolore magna aliquyam erat, sed diam voluptua. At vero eos et accusam et justo duo dolores et ea rebum. Stet clita kasd gubergren, no sea takimata sanctus est. Lorem ipsum dolor sit amet. Lorem ipsum dolor sit amet, consetetur sadipscing elitr, sed diam nonumy eirmod tempor invidunt ut labore et dolore magna aliquyam erat, sed diam voluptua. At vero eos et accusam et justo duo dolores et ea rebum. Stet clita kasd gubergren, no sea takimata sanctus est. Lorem ipsum dolor sit amet.", "title_en": "set_radio_collection_en", "order": 1116}}, {"pk": 1116, "model": "questions.question", "fields": {"widget_type": "radio", "attribute": 1116, "text_de": "Set radio collection de?", "text_en": "Set radio collection en?", "questionset": 1100}}, {"pk": 1116, "model": "questions.option", "fields": {"text_de": "a_de", "question": 1116, "text_en": "a_en", "key": "a"}}, {"pk": 11116, "model": "questions.option", "fields": {"text_de": "c_de", "question": 1116, "text_en": "c_en", "key": "c"}}, {"pk": 21116, "model": "questions.option", "fields": {"text_de": "b_de", "question": 1116, "text_en": "b_en", "key": "b"}}, {"pk": 31116, "model": "questions.option", "fields": {"text_de": "e_de", "question": 1116, "text_en": "e_en", "key": "e"}}, {"pk": 41116, "model": "questions.option", "fields": {"text_de": "d_de", "question": 1116, "text_en": "d_en", "key": "d"}}, {"pk": 1117, "model": "questions.questionentity", "fields": {"title_de": "set_select_collection_de", "help_de": "Lorem ipsum dolor sit amet, consetetur sadipscing elitr, sed diam nonumy eirmod tempor invidunt ut labore et dolore magna aliquyam erat, sed diam voluptua. At vero eos et accusam et justo duo dolores et ea rebum. Stet clita kasd gubergren, no sea takimata sanctus est. Lorem ipsum dolor sit amet. Lorem ipsum dolor sit amet, consetetur sadipscing elitr, sed diam nonumy eirmod tempor invidunt ut labore et dolore magna aliquyam erat, sed diam voluptua. At vero eos et accusam et justo duo dolores et ea rebum. Stet clita kasd gubergren, no sea takimata sanctus est. Lorem ipsum dolor sit amet.", "updated": "2016-03-14T13:37:00Z", "subsection": 1000, "created": "2016-03-14T13:37:00Z", "help_en": "Lorem ipsum dolor sit amet, consetetur sadipscing elitr, sed diam nonumy eirmod tempor invidunt ut labore et dolore magna aliquyam erat, sed diam voluptua. At vero eos et accusam et justo duo dolores et ea rebum. Stet clita kasd gubergren, no sea takimata sanctus est. Lorem ipsum dolor sit amet. Lorem ipsum dolor sit amet, consetetur sadipscing elitr, sed diam nonumy eirmod tempor invidunt ut labore et dolore magna aliquyam erat, sed diam voluptua. At vero eos et accusam et justo duo dolores et ea rebum. Stet clita kasd gubergren, no sea takimata sanctus est. Lorem ipsum dolor sit amet.", "title_en": "set_select_collection_en", "order": 1117}}, {"pk": 1117, "model": "questions.question", "fields": {"widget_type": "select", "attribute": 1117, "text_de": "Set select collection de?", "text_en": "Set select collection en?", "questionset": 1100}}, {"pk": 1117, "model": "questions.option", "fields": {"text_de": "a_de", "question": 1117, "text_en": "a_en", "key": "a"}}, {"pk": 11117, "model": "questions.option", "fields": {"text_de": "c_de", "question": 1117, "text_en": "c_en", "key": "c"}}, {"pk": 21117, "model": "questions.option", "fields": {"text_de": "b_de", "question": 1117, "text_en": "b_en", "key": "b"}}, {"pk": 31117, "model": "questions.option", "fields": {"text_de": "e_de", "question": 1117, "text_en": "e_en", "key": "e"}}, {"pk": 41117, "model": "questions.option", "fields": {"text_de": "d_de", "question": 1117, "text_en": "d_en", "key": "d"}}, {"pk": 1118, "model": "questions.questionentity", "fields": {"title_de": "set_checkbox_collection_de", "help_de": "Lorem ipsum dolor sit amet, consetetur sadipscing elitr, sed diam nonumy eirmod tempor invidunt ut labore et dolore magna aliquyam erat, sed diam voluptua. At vero eos et accusam et justo duo dolores et ea rebum. Stet clita kasd gubergren, no sea takimata sanctus est. Lorem ipsum dolor sit amet. Lorem ipsum dolor sit amet, consetetur sadipscing elitr, sed diam nonumy eirmod tempor invidunt ut labore et dolore magna aliquyam erat, sed diam voluptua. At vero eos et accusam et justo duo dolores et ea rebum. Stet clita kasd gubergren, no sea takimata sanctus est. Lorem ipsum dolor sit amet.", "updated": "2016-03-14T13:37:00Z", "subsection": 1000, "created": "2016-03-14T13:37:00Z", "help_en": "Lorem ipsum dolor sit amet, consetetur sadipscing elitr, sed diam nonumy eirmod tempor invidunt ut labore et dolore magna aliquyam erat, sed diam voluptua. At vero eos et accusam et justo duo dolores et ea rebum. Stet clita kasd gubergren, no sea takimata sanctus est. Lorem ipsum dolor sit amet. Lorem ipsum dolor sit amet, consetetur sadipscing elitr, sed diam nonumy eirmod tempor invidunt ut labore et dolore magna aliquyam erat, sed diam voluptua. At vero eos et accusam et justo duo dolores et ea rebum. Stet clita kasd gubergren, no sea takimata sanctus est. Lorem ipsum dolor sit amet.", "title_en": "set_checkbox_collection_en", "order": 1118}}, {"pk": 1118, "model": "questions.question", "fields": {"widget_type": "checkbox", "attribute": 1118, "text_de": "Set checkbox collection de?", "text_en": "Set checkbox collection en?", "questionset": 1100}}, {"pk": 1118, "model": "questions.option", "fields": {"text_de": "a_de", "question": 1118, "text_en": "a_en", "key": "a"}}, {"pk": 11118, "model": "questions.option", "fields": {"text_de": "c_de", "question": 1118, "text_en": "c_en", "key": "c"}}, {"pk": 21118, "model": "questions.option", "fields": {"text_de": "b_de", "question": 1118, "text_en": "b_en", "key": "b"}}, {"pk": 31118, "model": "questions.option", "fields": {"text_de": "e_de", "question": 1118, "text_en": "e_en", "key": "e"}}, {"pk": 41118, "model": "questions.option", "fields": {"text_de": "d_de", "question": 1118, "text_en": "d_en", "key": "d"}}, {"pk": 1200, "model": "questions.questionentity", "fields": {"title_de": "set_collection_de", "help_de": "Lorem ipsum dolor sit amet, consetetur sadipscing elitr, sed diam nonumy eirmod tempor invidunt ut labore et dolore magna aliquyam erat, sed diam voluptua. At vero eos et accusam et justo duo dolores et ea rebum. Stet clita kasd gubergren, no sea takimata sanctus est. Lorem ipsum dolor sit amet. Lorem ipsum dolor sit amet, consetetur sadipscing elitr, sed diam nonumy eirmod tempor invidunt ut labore et dolore magna aliquyam erat, sed diam voluptua. At vero eos et accusam et justo duo dolores et ea rebum. Stet clita kasd gubergren, no sea takimata sanctus est. Lorem ipsum dolor sit amet.", "updated": "2016-03-14T13:37:00Z", "subsection": 1000, "created": "2016-03-14T13:37:00Z", "help_en": "Lorem ipsum dolor sit amet, consetetur sadipscing elitr, sed diam nonumy eirmod tempor invidunt ut labore et dolore magna aliquyam erat, sed diam voluptua. At vero eos et accusam et justo duo dolores et ea rebum. Stet clita kasd gubergren, no sea takimata sanctus est. Lorem ipsum dolor sit amet. Lorem ipsum dolor sit amet, consetetur sadipscing elitr, sed diam nonumy eirmod tempor invidunt ut labore et dolore magna aliquyam erat, sed diam voluptua. At vero eos et accusam et justo duo dolores et ea rebum. Stet clita kasd gubergren, no sea takimata sanctus est. Lorem ipsum dolor sit amet.", "title_en": "set_collection_en", "order": 1200}}, {"pk": 1200, "model": "questions.questionset", "fields": {"attributeset": 1200}}, {"pk": 1201, "model": "questions.questionentity", "fields": {"title_de": "set_collection_text_de", "help_de": "Lorem ipsum dolor sit amet, consetetur sadipscing elitr, sed diam nonumy eirmod tempor invidunt ut labore et dolore magna aliquyam erat, sed diam voluptua. At vero eos et accusam et justo duo dolores et ea rebum. Stet clita kasd gubergren, no sea takimata sanctus est. Lorem ipsum dolor sit amet. Lorem ipsum dolor sit amet, consetetur sadipscing elitr, sed diam nonumy eirmod tempor invidunt ut labore et dolore magna aliquyam erat, sed diam voluptua. At vero eos et accusam et justo duo dolores et ea rebum. Stet clita kasd gubergren, no sea takimata sanctus est. Lorem ipsum dolor sit amet.", "updated": "2016-03-14T13:37:00Z", "subsection": 1000, "created": "2016-03-14T13:37:00Z", "help_en": "Lorem ipsum dolor sit amet, consetetur sadipscing elitr, sed diam nonumy eirmod tempor invidunt ut labore et dolore magna aliquyam erat, sed diam voluptua. At vero eos et accusam et justo duo dolores et ea rebum. Stet clita kasd gubergren, no sea takimata sanctus est. Lorem ipsum dolor sit amet. Lorem ipsum dolor sit amet, consetetur sadipscing elitr, sed diam nonumy eirmod tempor invidunt ut labore et dolore magna aliquyam erat, sed diam voluptua. At vero eos et accusam et justo duo dolores et ea rebum. Stet clita kasd gubergren, no sea takimata sanctus est. Lorem ipsum dolor sit amet.", "title_en": "set_collection_text_en", "order": 1201}}, {"pk": 1201, "model": "questions.question", "fields": {"widget_type": "text", "attribute": 1201, "text_de": "Set collection text de?", "text_en": "Set collection text en?", "questionset": 1200}}, {"pk": 1202, "model": "questions.questionentity", "fields": {"title_de": "set_collection_textarea_de", "help_de": "Lorem ipsum dolor sit amet, consetetur sadipscing elitr, sed diam nonumy eirmod tempor invidunt ut labore et dolore magna aliquyam erat, sed diam voluptua. At vero eos et accusam et justo duo dolores et ea rebum. Stet clita kasd gubergren, no sea takimata sanctus est. Lorem ipsum dolor sit amet. Lorem ipsum dolor sit amet, consetetur sadipscing elitr, sed diam nonumy eirmod tempor invidunt ut labore et dolore magna aliquyam erat, sed diam voluptua. At vero eos et accusam et justo duo dolores et ea rebum. Stet clita kasd gubergren, no sea takimata sanctus est. Lorem ipsum dolor sit amet.", "updated": "2016-03-14T13:37:00Z", "subsection": 1000, "created": "2016-03-14T13:37:00Z", "help_en": "Lorem ipsum dolor sit amet, consetetur sadipscing elitr, sed diam nonumy eirmod tempor invidunt ut labore et dolore magna aliquyam erat, sed diam voluptua. At vero eos et accusam et justo duo dolores et ea rebum. Stet clita kasd gubergren, no sea takimata sanctus est. Lorem ipsum dolor sit amet. Lorem ipsum dolor sit amet, consetetur sadipscing elitr, sed diam nonumy eirmod tempor invidunt ut labore et dolore magna aliquyam erat, sed diam voluptua. At vero eos et accusam et justo duo dolores et ea rebum. Stet clita kasd gubergren, no sea takimata sanctus est. Lorem ipsum dolor sit amet.", "title_en": "set_collection_textarea_en", "order": 1202}}, {"pk": 1202, "model": "questions.question", "fields": {"widget_type": "textarea", "attribute": 1202, "text_de": "Set collection textarea de?", "text_en": "Set collection textarea en?", "questionset": 1200}}, {"pk": 1203, "model": "questions.questionentity", "fields": {"title_de": "set_collection_yesno_de", "help_de": "Lorem ipsum dolor sit amet, consetetur sadipscing elitr, sed diam nonumy eirmod tempor invidunt ut labore et dolore magna aliquyam erat, sed diam voluptua. At vero eos et accusam et justo duo dolores et ea rebum. Stet clita kasd gubergren, no sea takimata sanctus est. Lorem ipsum dolor sit amet. Lorem ipsum dolor sit amet, consetetur sadipscing elitr, sed diam nonumy eirmod tempor invidunt ut labore et dolore magna aliquyam erat, sed diam voluptua. At vero eos et accusam et justo duo dolores et ea rebum. Stet clita kasd gubergren, no sea takimata sanctus est. Lorem ipsum dolor sit amet.", "updated": "2016-03-14T13:37:00Z", "subsection": 1000, "created": "2016-03-14T13:37:00Z", "help_en": "Lorem ipsum dolor sit amet, consetetur sadipscing elitr, sed diam nonumy eirmod tempor invidunt ut labore et dolore magna aliquyam erat, sed diam voluptua. At vero eos et accusam et justo duo dolores et ea rebum. Stet clita kasd gubergren, no sea takimata sanctus est. Lorem ipsum dolor sit amet. Lorem ipsum dolor sit amet, consetetur sadipscing elitr, sed diam nonumy eirmod tempor invidunt ut labore et dolore magna aliquyam erat, sed diam voluptua. At vero eos et accusam et justo duo dolores et ea rebum. Stet clita kasd gubergren, no sea takimata sanctus est. Lorem ipsum dolor sit amet.", "title_en": "set_collection_yesno_en", "order": 1203}}, {"pk": 1203, "model": "questions.question", "fields": {"widget_type": "yesno", "attribute": 1203, "text_de": "Set collection yesno de?", "text_en": "Set collection yesno en?", "questionset": 1200}}, {"pk": 1204, "model": "questions.questionentity", "fields": {"title_de": "set_collection_date_de", "help_de": "Lorem ipsum dolor sit amet, consetetur sadipscing elitr, sed diam nonumy eirmod tempor invidunt ut labore et dolore magna aliquyam erat, sed diam voluptua. At vero eos et accusam et justo duo dolores et ea rebum. Stet clita kasd gubergren, no sea takimata sanctus est. Lorem ipsum dolor sit amet. Lorem ipsum dolor sit amet, consetetur sadipscing elitr, sed diam nonumy eirmod tempor invidunt ut labore et dolore magna aliquyam erat, sed diam voluptua. At vero eos et accusam et justo duo dolores et ea rebum. Stet clita kasd gubergren, no sea takimata sanctus est. Lorem ipsum dolor sit amet.", "updated": "2016-03-14T13:37:00Z", "subsection": 1000, "created": "2016-03-14T13:37:00Z", "help_en": "Lorem ipsum dolor sit amet, consetetur sadipscing elitr, sed diam nonumy eirmod tempor invidunt ut labore et dolore magna aliquyam erat, sed diam voluptua. At vero eos et accusam et justo duo dolores et ea rebum. Stet clita kasd gubergren, no sea takimata sanctus est. Lorem ipsum dolor sit amet. Lorem ipsum dolor sit amet, consetetur sadipscing elitr, sed diam nonumy eirmod tempor invidunt ut labore et dolore magna aliquyam erat, sed diam voluptua. At vero eos et accusam et justo duo dolores et ea rebum. Stet clita kasd gubergren, no sea takimata sanctus est. Lorem ipsum dolor sit amet.", "title_en": "set_collection_date_en", "order": 1204}}, {"pk": 1204, "model": "questions.question", "fields": {"widget_type": "date", "attribute": 1204, "text_de": "Set collection date de?", "text_en": "Set collection date en?", "questionset": 1200}}, {"pk": 1205, "model": "questions.questionentity", "fields": {"title_de": "set_collection_range_de", "help_de": "Lorem ipsum dolor sit amet, consetetur sadipscing elitr, sed diam nonumy eirmod tempor invidunt ut labore et dolore magna aliquyam erat, sed diam voluptua. At vero eos et accusam et justo duo dolores et ea rebum. Stet clita kasd gubergren, no sea takimata sanctus est. Lorem ipsum dolor sit amet. Lorem ipsum dolor sit amet, consetetur sadipscing elitr, sed diam nonumy eirmod tempor invidunt ut labore et dolore magna aliquyam erat, sed diam voluptua. At vero eos et accusam et justo duo dolores et ea rebum. Stet clita kasd gubergren, no sea takimata sanctus est. Lorem ipsum dolor sit amet.", "updated": "2016-03-14T13:37:00Z", "subsection": 1000, "created": "2016-03-14T13:37:00Z", "help_en": "Lorem ipsum dolor sit amet, consetetur sadipscing elitr, sed diam nonumy eirmod tempor invidunt ut labore et dolore magna aliquyam erat, sed diam voluptua. At vero eos et accusam et justo duo dolores et ea rebum. Stet clita kasd gubergren, no sea takimata sanctus est. Lorem ipsum dolor sit amet. Lorem ipsum dolor sit amet, consetetur sadipscing elitr, sed diam nonumy eirmod tempor invidunt ut labore et dolore magna aliquyam erat, sed diam voluptua. At vero eos et accusam et justo duo dolores et ea rebum. Stet clita kasd gubergren, no sea takimata sanctus est. Lorem ipsum dolor sit amet.", "title_en": "set_collection_range_en", "order": 1205}}, {"pk": 1205, "model": "questions.question", "fields": {"widget_type": "range", "attribute": 1205, "text_de": "Set collection range de?", "text_en": "Set collection range en?", "questionset": 1200}}, {"pk": 1205, "model": "questions.option", "fields": {"text_de": 1000, "question": 1205, "text_en": 1000, "key": "max"}}, {"pk": 11205, "model": "questions.option", "fields": {"text_de": 0, "question": 1205, "text_en": 0, "key": "min"}}, {"pk": 1206, "model": "questions.questionentity", "fields": {"title_de": "set_collection_radio_de", "help_de": "Lorem ipsum dolor sit amet, consetetur sadipscing elitr, sed diam nonumy eirmod tempor invidunt ut labore et dolore magna aliquyam erat, sed diam voluptua. At vero eos et accusam et justo duo dolores et ea rebum. Stet clita kasd gubergren, no sea takimata sanctus est. Lorem ipsum dolor sit amet. Lorem ipsum dolor sit amet, consetetur sadipscing elitr, sed diam nonumy eirmod tempor invidunt ut labore et dolore magna aliquyam erat, sed diam voluptua. At vero eos et accusam et justo duo dolores et ea rebum. Stet clita kasd gubergren, no sea takimata sanctus est. Lorem ipsum dolor sit amet.", "updated": "2016-03-14T13:37:00Z", "subsection": 1000, "created": "2016-03-14T13:37:00Z", "help_en": "Lorem ipsum dolor sit amet, consetetur sadipscing elitr, sed diam nonumy eirmod tempor invidunt ut labore et dolore magna aliquyam erat, sed diam voluptua. At vero eos et accusam et justo duo dolores et ea rebum. Stet clita kasd gubergren, no sea takimata sanctus est. Lorem ipsum dolor sit amet. Lorem ipsum dolor sit amet, consetetur sadipscing elitr, sed diam nonumy eirmod tempor invidunt ut labore et dolore magna aliquyam erat, sed diam voluptua. At vero eos et accusam et justo duo dolores et ea rebum. Stet clita kasd gubergren, no sea takimata sanctus est. Lorem ipsum dolor sit amet.", "title_en": "set_collection_radio_en", "order": 1206}}, {"pk": 1206, "model": "questions.question", "fields": {"widget_type": "radio", "attribute": 1206, "text_de": "Set collection radio de?", "text_en": "Set collection radio en?", "questionset": 1200}}, {"pk": 1206, "model": "questions.option", "fields": {"text_de": "a_de", "question": 1206, "text_en": "a_en", "key": "a"}}, {"pk": 11206, "model": "questions.option", "fields": {"text_de": "c_de", "question": 1206, "text_en": "c_en", "key": "c"}}, {"pk": 21206, "model": "questions.option", "fields": {"text_de": "b_de", "question": 1206, "text_en": "b_en", "key": "b"}}, {"pk": 31206, "model": "questions.option", "fields": {"text_de": "e_de", "question": 1206, "text_en": "e_en", "key": "e"}}, {"pk": 41206, "model": "questions.option", "fields": {"text_de": "d_de", "question": 1206, "text_en": "d_en", "key": "d"}}, {"pk": 1207, "model": "questions.questionentity", "fields": {"title_de": "set_collection_select_de", "help_de": "Lorem ipsum dolor sit amet, consetetur sadipscing elitr, sed diam nonumy eirmod tempor invidunt ut labore et dolore magna aliquyam erat, sed diam voluptua. At vero eos et accusam et justo duo dolores et ea rebum. Stet clita kasd gubergren, no sea takimata sanctus est. Lorem ipsum dolor sit amet. Lorem ipsum dolor sit amet, consetetur sadipscing elitr, sed diam nonumy eirmod tempor invidunt ut labore et dolore magna aliquyam erat, sed diam voluptua. At vero eos et accusam et justo duo dolores et ea rebum. Stet clita kasd gubergren, no sea takimata sanctus est. Lorem ipsum dolor sit amet.", "updated": "2016-03-14T13:37:00Z", "subsection": 1000, "created": "2016-03-14T13:37:00Z", "help_en": "Lorem ipsum dolor sit amet, consetetur sadipscing elitr, sed diam nonumy eirmod tempor invidunt ut labore et dolore magna aliquyam erat, sed diam voluptua. At vero eos et accusam et justo duo dolores et ea rebum. Stet clita kasd gubergren, no sea takimata sanctus est. Lorem ipsum dolor sit amet. Lorem ipsum dolor sit amet, consetetur sadipscing elitr, sed diam nonumy eirmod tempor invidunt ut labore et dolore magna aliquyam erat, sed diam voluptua. At vero eos et accusam et justo duo dolores et ea rebum. Stet clita kasd gubergren, no sea takimata sanctus est. Lorem ipsum dolor sit amet.", "title_en": "set_collection_select_en", "order": 1207}}, {"pk": 1207, "model": "questions.question", "fields": {"widget_type": "select", "attribute": 1207, "text_de": "Set collection select de?", "text_en": "Set collection select en?", "questionset": 1200}}, {"pk": 1207, "model": "questions.option", "fields": {"text_de": "a_de", "question": 1207, "text_en": "a_en", "key": "a"}}, {"pk": 11207, "model": "questions.option", "fields": {"text_de": "c_de", "question": 1207, "text_en": "c_en", "key": "c"}}, {"pk": 21207, "model": "questions.option", "fields": {"text_de": "b_de", "question": 1207, "text_en": "b_en", "key": "b"}}, {"pk": 31207, "model": "questions.option", "fields": {"text_de": "e_de", "question": 1207, "text_en": "e_en", "key": "e"}}, {"pk": 41207, "model": "questions.option", "fields": {"text_de": "d_de", "question": 1207, "text_en": "d_en", "key": "d"}}, {"pk": 1208, "model": "questions.questionentity", "fields": {"title_de": "set_collection_checkbox_de", "help_de": "Lorem ipsum dolor sit amet, consetetur sadipscing elitr, sed diam nonumy eirmod tempor invidunt ut labore et dolore magna aliquyam erat, sed diam voluptua. At vero eos et accusam et justo duo dolores et ea rebum. Stet clita kasd gubergren, no sea takimata sanctus est. Lorem ipsum dolor sit amet. Lorem ipsum dolor sit amet, consetetur sadipscing elitr, sed diam nonumy eirmod tempor invidunt ut labore et dolore magna aliquyam erat, sed diam voluptua. At vero eos et accusam et justo duo dolores et ea rebum. Stet clita kasd gubergren, no sea takimata sanctus est. Lorem ipsum dolor sit amet.", "updated": "2016-03-14T13:37:00Z", "subsection": 1000, "created": "2016-03-14T13:37:00Z", "help_en": "Lorem ipsum dolor sit amet, consetetur sadipscing elitr, sed diam nonumy eirmod tempor invidunt ut labore et dolore magna aliquyam erat, sed diam voluptua. At vero eos et accusam et justo duo dolores et ea rebum. Stet clita kasd gubergren, no sea takimata sanctus est. Lorem ipsum dolor sit amet. Lorem ipsum dolor sit amet, consetetur sadipscing elitr, sed diam nonumy eirmod tempor invidunt ut labore et dolore magna aliquyam erat, sed diam voluptua. At vero eos et accusam et justo duo dolores et ea rebum. Stet clita kasd gubergren, no sea takimata sanctus est. Lorem ipsum dolor sit amet.", "title_en": "set_collection_checkbox_en", "order": 1208}}, {"pk": 1208, "model": "questions.question", "fields": {"widget_type": "checkbox", "attribute": 1208, "text_de": "Set collection checkbox de?", "text_en": "Set collection checkbox en?", "questionset": 1200}}, {"pk": 1208, "model": "questions.option", "fields": {"text_de": "a_de", "question": 1208, "text_en": "a_en", "key": "a"}}, {"pk": 11208, "model": "questions.option", "fields": {"text_de": "c_de", "question": 1208, "text_en": "c_en", "key": "c"}}, {"pk": 21208, "model": "questions.option", "fields": {"text_de": "b_de", "question": 1208, "text_en": "b_en", "key": "b"}}, {"pk": 31208, "model": "questions.option", "fields": {"text_de": "e_de", "question": 1208, "text_en": "e_en", "key": "e"}}, {"pk": 41208, "model": "questions.option", "fields": {"text_de": "d_de", "question": 1208, "text_en": "d_en", "key": "d"}}, {"pk": 1211, "model": "questions.questionentity", "fields": {"title_de": "set_collection_text_collection_de", "help_de": "Lorem ipsum dolor sit amet, consetetur sadipscing elitr, sed diam nonumy eirmod tempor invidunt ut labore et dolore magna aliquyam erat, sed diam voluptua. At vero eos et accusam et justo duo dolores et ea rebum. Stet clita kasd gubergren, no sea takimata sanctus est. Lorem ipsum dolor sit amet. Lorem ipsum dolor sit amet, consetetur sadipscing elitr, sed diam nonumy eirmod tempor invidunt ut labore et dolore magna aliquyam erat, sed diam voluptua. At vero eos et accusam et justo duo dolores et ea rebum. Stet clita kasd gubergren, no sea takimata sanctus est. Lorem ipsum dolor sit amet.", "updated": "2016-03-14T13:37:00Z", "subsection": 1000, "created": "2016-03-14T13:37:00Z", "help_en": "Lorem ipsum dolor sit amet, consetetur sadipscing elitr, sed diam nonumy eirmod tempor invidunt ut labore et dolore magna aliquyam erat, sed diam voluptua. At vero eos et accusam et justo duo dolores et ea rebum. Stet clita kasd gubergren, no sea takimata sanctus est. Lorem ipsum dolor sit amet. Lorem ipsum dolor sit amet, consetetur sadipscing elitr, sed diam nonumy eirmod tempor invidunt ut labore et dolore magna aliquyam erat, sed diam voluptua. At vero eos et accusam et justo duo dolores et ea rebum. Stet clita kasd gubergren, no sea takimata sanctus est. Lorem ipsum dolor sit amet.", "title_en": "set_collection_text_collection_en", "order": 1211}}, {"pk": 1211, "model": "questions.question", "fields": {"widget_type": "text", "attribute": 1211, "text_de": "Set collection text collection de?", "text_en": "Set collection text collection en?", "questionset": 1200}}, {"pk": 1212, "model": "questions.questionentity", "fields": {"title_de": "set_collection_textarea_collection_de", "help_de": "Lorem ipsum dolor sit amet, consetetur sadipscing elitr, sed diam nonumy eirmod tempor invidunt ut labore et dolore magna aliquyam erat, sed diam voluptua. At vero eos et accusam et justo duo dolores et ea rebum. Stet clita kasd gubergren, no sea takimata sanctus est. Lorem ipsum dolor sit amet. Lorem ipsum dolor sit amet, consetetur sadipscing elitr, sed diam nonumy eirmod tempor invidunt ut labore et dolore magna aliquyam erat, sed diam voluptua. At vero eos et accusam et justo duo dolores et ea rebum. Stet clita kasd gubergren, no sea takimata sanctus est. Lorem ipsum dolor sit amet.", "updated": "2016-03-14T13:37:00Z", "subsection": 1000, "created": "2016-03-14T13:37:00Z", "help_en": "Lorem ipsum dolor sit amet, consetetur sadipscing elitr, sed diam nonumy eirmod tempor invidunt ut labore et dolore magna aliquyam erat, sed diam voluptua. At vero eos et accusam et justo duo dolores et ea rebum. Stet clita kasd gubergren, no sea takimata sanctus est. Lorem ipsum dolor sit amet. Lorem ipsum dolor sit amet, consetetur sadipscing elitr, sed diam nonumy eirmod tempor invidunt ut labore et dolore magna aliquyam erat, sed diam voluptua. At vero eos et accusam et justo duo dolores et ea rebum. Stet clita kasd gubergren, no sea takimata sanctus est. Lorem ipsum dolor sit amet.", "title_en": "set_collection_textarea_collection_en", "order": 1212}}, {"pk": 1212, "model": "questions.question", "fields": {"widget_type": "textarea", "attribute": 1212, "text_de": "Set collection textarea collection de?", "text_en": "Set collection textarea collection en?", "questionset": 1200}}, {"pk": 1213, "model": "questions.questionentity", "fields": {"title_de": "set_collection_yesno_collection_de", "help_de": "Lorem ipsum dolor sit amet, consetetur sadipscing elitr, sed diam nonumy eirmod tempor invidunt ut labore et dolore magna aliquyam erat, sed diam voluptua. At vero eos et accusam et justo duo dolores et ea rebum. Stet clita kasd gubergren, no sea takimata sanctus est. Lorem ipsum dolor sit amet. Lorem ipsum dolor sit amet, consetetur sadipscing elitr, sed diam nonumy eirmod tempor invidunt ut labore et dolore magna aliquyam erat, sed diam voluptua. At vero eos et accusam et justo duo dolores et ea rebum. Stet clita kasd gubergren, no sea takimata sanctus est. Lorem ipsum dolor sit amet.", "updated": "2016-03-14T13:37:00Z", "subsection": 1000, "created": "2016-03-14T13:37:00Z", "help_en": "Lorem ipsum dolor sit amet, consetetur sadipscing elitr, sed diam nonumy eirmod tempor invidunt ut labore et dolore magna aliquyam erat, sed diam voluptua. At vero eos et accusam et justo duo dolores et ea rebum. Stet clita kasd gubergren, no sea takimata sanctus est. Lorem ipsum dolor sit amet. Lorem ipsum dolor sit amet, consetetur sadipscing elitr, sed diam nonumy eirmod tempor invidunt ut labore et dolore magna aliquyam erat, sed diam voluptua. At vero eos et accusam et justo duo dolores et ea rebum. Stet clita kasd gubergren, no sea takimata sanctus est. Lorem ipsum dolor sit amet.", "title_en": "set_collection_yesno_collection_en", "order": 1213}}, {"pk": 1213, "model": "questions.question", "fields": {"widget_type": "yesno", "attribute": 1213, "text_de": "Set collection yesno collection de?", "text_en": "Set collection yesno collection en?", "questionset": 1200}}, {"pk": 1214, "model": "questions.questionentity", "fields": {"title_de": "set_collection_date_collection_de", "help_de": "Lorem ipsum dolor sit amet, consetetur sadipscing elitr, sed diam nonumy eirmod tempor invidunt ut labore et dolore magna aliquyam erat, sed diam voluptua. At vero eos et accusam et justo duo dolores et ea rebum. Stet clita kasd gubergren, no sea takimata sanctus est. Lorem ipsum dolor sit amet. Lorem ipsum dolor sit amet, consetetur sadipscing elitr, sed diam nonumy eirmod tempor invidunt ut labore et dolore magna aliquyam erat, sed diam voluptua. At vero eos et accusam et justo duo dolores et ea rebum. Stet clita kasd gubergren, no sea takimata sanctus est. Lorem ipsum dolor sit amet.", "updated": "2016-03-14T13:37:00Z", "subsection": 1000, "created": "2016-03-14T13:37:00Z", "help_en": "Lorem ipsum dolor sit amet, consetetur sadipscing elitr, sed diam nonumy eirmod tempor invidunt ut labore et dolore magna aliquyam erat, sed diam voluptua. At vero eos et accusam et justo duo dolores et ea rebum. Stet clita kasd gubergren, no sea takimata sanctus est. Lorem ipsum dolor sit amet. Lorem ipsum dolor sit amet, consetetur sadipscing elitr, sed diam nonumy eirmod tempor invidunt ut labore et dolore magna aliquyam erat, sed diam voluptua. At vero eos et accusam et justo duo dolores et ea rebum. Stet clita kasd gubergren, no sea takimata sanctus est. Lorem ipsum dolor sit amet.", "title_en": "set_collection_date_collection_en", "order": 1214}}, {"pk": 1214, "model": "questions.question", "fields": {"widget_type": "date", "attribute": 1214, "text_de": "Set collection date collection de?", "text_en": "Set collection date collection en?", "questionset": 1200}}, {"pk": 1215, "model": "questions.questionentity", "fields": {"title_de": "set_collection_range_collection_de", "help_de": "Lorem ipsum dolor sit amet, consetetur sadipscing elitr, sed diam nonumy eirmod tempor invidunt ut labore et dolore magna aliquyam erat, sed diam voluptua. At vero eos et accusam et justo duo dolores et ea rebum. Stet clita kasd gubergren, no sea takimata sanctus est. Lorem ipsum dolor sit amet. Lorem ipsum dolor sit amet, consetetur sadipscing elitr, sed diam nonumy eirmod tempor invidunt ut labore et dolore magna aliquyam erat, sed diam voluptua. At vero eos et accusam et justo duo dolores et ea rebum. Stet clita kasd gubergren, no sea takimata sanctus est. Lorem ipsum dolor sit amet.", "updated": "2016-03-14T13:37:00Z", "subsection": 1000, "created": "2016-03-14T13:37:00Z", "help_en": "Lorem ipsum dolor sit amet, consetetur sadipscing elitr, sed diam nonumy eirmod tempor invidunt ut labore et dolore magna aliquyam erat, sed diam voluptua. At vero eos et accusam et justo duo dolores et ea rebum. Stet clita kasd gubergren, no sea takimata sanctus est. Lorem ipsum dolor sit amet. Lorem ipsum dolor sit amet, consetetur sadipscing elitr, sed diam nonumy eirmod tempor invidunt ut labore et dolore magna aliquyam erat, sed diam voluptua. At vero eos et accusam et justo duo dolores et ea rebum. Stet clita kasd gubergren, no sea takimata sanctus est. Lorem ipsum dolor sit amet.", "title_en": "set_collection_range_collection_en", "order": 1215}}, {"pk": 1215, "model": "questions.question", "fields": {"widget_type": "range", "attribute": 1215, "text_de": "Set collection range collection de?", "text_en": "Set collection range collection en?", "questionset": 1200}}, {"pk": 1215, "model": "questions.option", "fields": {"text_de": 1000, "question": 1215, "text_en": 1000, "key": "max"}}, {"pk": 11215, "model": "questions.option", "fields": {"text_de": 0, "question": 1215, "text_en": 0, "key": "min"}}, {"pk": 1216, "model": "questions.questionentity", "fields": {"title_de": "set_collection_radio_collection_de", "help_de": "Lorem ipsum dolor sit amet, consetetur sadipscing elitr, sed diam nonumy eirmod tempor invidunt ut labore et dolore magna aliquyam erat, sed diam voluptua. At vero eos et accusam et justo duo dolores et ea rebum. Stet clita kasd gubergren, no sea takimata sanctus est. Lorem ipsum dolor sit amet. Lorem ipsum dolor sit amet, consetetur sadipscing elitr, sed diam nonumy eirmod tempor invidunt ut labore et dolore magna aliquyam erat, sed diam voluptua. At vero eos et accusam et justo duo dolores et ea rebum. Stet clita kasd gubergren, no sea takimata sanctus est. Lorem ipsum dolor sit amet.", "updated": "2016-03-14T13:37:00Z", "subsection": 1000, "created": "2016-03-14T13:37:00Z", "help_en": "Lorem ipsum dolor sit amet, consetetur sadipscing elitr, sed diam nonumy eirmod tempor invidunt ut labore et dolore magna aliquyam erat, sed diam voluptua. At vero eos et accusam et justo duo dolores et ea rebum. Stet clita kasd gubergren, no sea takimata sanctus est. Lorem ipsum dolor sit amet. Lorem ipsum dolor sit amet, consetetur sadipscing elitr, sed diam nonumy eirmod tempor invidunt ut labore et dolore magna aliquyam erat, sed diam voluptua. At vero eos et accusam et justo duo dolores et ea rebum. Stet clita kasd gubergren, no sea takimata sanctus est. Lorem ipsum dolor sit amet.", "title_en": "set_collection_radio_collection_en", "order": 1216}}, {"pk": 1216, "model": "questions.question", "fields": {"widget_type": "radio", "attribute": 1216, "text_de": "Set collection radio collection de?", "text_en": "Set collection radio collection en?", "questionset": 1200}}, {"pk": 1216, "model": "questions.option", "fields": {"text_de": "a_de", "question": 1216, "text_en": "a_en", "key": "a"}}, {"pk": 11216, "model": "questions.option", "fields": {"text_de": "c_de", "question": 1216, "text_en": "c_en", "key": "c"}}, {"pk": 21216, "model": "questions.option", "fields": {"text_de": "b_de", "question": 1216, "text_en": "b_en", "key": "b"}}, {"pk": 31216, "model": "questions.option", "fields": {"text_de": "e_de", "question": 1216, "text_en": "e_en", "key": "e"}}, {"pk": 41216, "model": "questions.option", "fields": {"text_de": "d_de", "question": 1216, "text_en": "d_en", "key": "d"}}, {"pk": 1217, "model": "questions.questionentity", "fields": {"title_de": "set_collection_select_collection_de", "help_de": "Lorem ipsum dolor sit amet, consetetur sadipscing elitr, sed diam nonumy eirmod tempor invidunt ut labore et dolore magna aliquyam erat, sed diam voluptua. At vero eos et accusam et justo duo dolores et ea rebum. Stet clita kasd gubergren, no sea takimata sanctus est. Lorem ipsum dolor sit amet. Lorem ipsum dolor sit amet, consetetur sadipscing elitr, sed diam nonumy eirmod tempor invidunt ut labore et dolore magna aliquyam erat, sed diam voluptua. At vero eos et accusam et justo duo dolores et ea rebum. Stet clita kasd gubergren, no sea takimata sanctus est. Lorem ipsum dolor sit amet.", "updated": "2016-03-14T13:37:00Z", "subsection": 1000, "created": "2016-03-14T13:37:00Z", "help_en": "Lorem ipsum dolor sit amet, consetetur sadipscing elitr, sed diam nonumy eirmod tempor invidunt ut labore et dolore magna aliquyam erat, sed diam voluptua. At vero eos et accusam et justo duo dolores et ea rebum. Stet clita kasd gubergren, no sea takimata sanctus est. Lorem ipsum dolor sit amet. Lorem ipsum dolor sit amet, consetetur sadipscing elitr, sed diam nonumy eirmod tempor invidunt ut labore et dolore magna aliquyam erat, sed diam voluptua. At vero eos et accusam et justo duo dolores et ea rebum. Stet clita kasd gubergren, no sea takimata sanctus est. Lorem ipsum dolor sit amet.", "title_en": "set_collection_select_collection_en", "order": 1217}}, {"pk": 1217, "model": "questions.question", "fields": {"widget_type": "select", "attribute": 1217, "text_de": "Set collection select collection de?", "text_en": "Set collection select collection en?", "questionset": 1200}}, {"pk": 1217, "model": "questions.option", "fields": {"text_de": "a_de", "question": 1217, "text_en": "a_en", "key": "a"}}, {"pk": 11217, "model": "questions.option", "fields": {"text_de": "c_de", "question": 1217, "text_en": "c_en", "key": "c"}}, {"pk": 21217, "model": "questions.option", "fields": {"text_de": "b_de", "question": 1217, "text_en": "b_en", "key": "b"}}, {"pk": 31217, "model": "questions.option", "fields": {"text_de": "e_de", "question": 1217, "text_en": "e_en", "key": "e"}}, {"pk": 41217, "model": "questions.option", "fields": {"text_de": "d_de", "question": 1217, "text_en": "d_en", "key": "d"}}, {"pk": 1218, "model": "questions.questionentity", "fields": {"title_de": "set_collection_checkbox_collection_de", "help_de": "Lorem ipsum dolor sit amet, consetetur sadipscing elitr, sed diam nonumy eirmod tempor invidunt ut labore et dolore magna aliquyam erat, sed diam voluptua. At vero eos et accusam et justo duo dolores et ea rebum. Stet clita kasd gubergren, no sea takimata sanctus est. Lorem ipsum dolor sit amet. Lorem ipsum dolor sit amet, consetetur sadipscing elitr, sed diam nonumy eirmod tempor invidunt ut labore et dolore magna aliquyam erat, sed diam voluptua. At vero eos et accusam et justo duo dolores et ea rebum. Stet clita kasd gubergren, no sea takimata sanctus est. Lorem ipsum dolor sit amet.", "updated": "2016-03-14T13:37:00Z", "subsection": 1000, "created": "2016-03-14T13:37:00Z", "help_en": "Lorem ipsum dolor sit amet, consetetur sadipscing elitr, sed diam nonumy eirmod tempor invidunt ut labore et dolore magna aliquyam erat, sed diam voluptua. At vero eos et accusam et justo duo dolores et ea rebum. Stet clita kasd gubergren, no sea takimata sanctus est. Lorem ipsum dolor sit amet. Lorem ipsum dolor sit amet, consetetur sadipscing elitr, sed diam nonumy eirmod tempor invidunt ut labore et dolore magna aliquyam erat, sed diam voluptua. At vero eos et accusam et justo duo dolores et ea rebum. Stet clita kasd gubergren, no sea takimata sanctus est. Lorem ipsum dolor sit amet.", "title_en": "set_collection_checkbox_collection_en", "order": 1218}}, {"pk": 1218, "model": "questions.question", "fields": {"widget_type": "checkbox", "attribute": 1218, "text_de": "Set collection checkbox collection de?", "text_en": "Set collection checkbox collection en?", "questionset": 1200}}, {"pk": 1218, "model": "questions.option", "fields": {"text_de": "a_de", "question": 1218, "text_en": "a_en", "key": "a"}}, {"pk": 11218, "model": "questions.option", "fields": {"text_de": "c_de", "question": 1218, "text_en": "c_en", "key": "c"}}, {"pk": 21218, "model": "questions.option", "fields": {"text_de": "b_de", "question": 1218, "text_en": "b_en", "key": "b"}}, {"pk": 31218, "model": "questions.option", "fields": {"text_de": "e_de", "question": 1218, "text_en": "e_en", "key": "e"}}, {"pk": 41218, "model": "questions.option", "fields": {"text_de": "d_de", "question": 1218, "text_en": "d_en", "key": "d"}}]