[{"pk": 1000, "model": "questions.catalog", "fields": {"title_de": "catalog_de", "updated": "2016-03-14T13:37:00Z", "title_en": "catalog_en", "created": "2016-03-14T13:37:00Z"}}, {"pk": 1000, "model": "questions.section", "fields": {"title_de": "section_de", "updated": "2016-03-14T13:37:00Z", "created": "2016-03-14T13:37:00Z", "title_en": "section_en", "catalog": 1000, "order": 1}}, {"pk": 1000, "model": "questions.subsection", "fields": {"title_de": "subsection_de", "updated": "2016-03-14T13:37:00Z", "created": "2016-03-14T13:37:00Z", "section": 1000, "title_en": "subsection_en", "order": 1}}, {"pk": 1001, "model": "questions.questionentity", "fields": {"title_de": "text_de", "updated": "2016-03-14T13:37:00Z", "created": "2016-03-14T13:37:00Z", "title_en": "text_en", "subsection": 1000, "order": 1001}}, {"pk": 1001, "model": "questions.question", "fields": {"widget_type": "text", "attribute": 1001, "text_de": "Text de?", "text_en": "Text en?", "questionset": null}}, {"pk": 1002, "model": "questions.questionentity", "fields": {"title_de": "textarea_de", "updated": "2016-03-14T13:37:00Z", "created": "2016-03-14T13:37:00Z", "title_en": "textarea_en", "subsection": 1000, "order": 1002}}, {"pk": 1002, "model": "questions.question", "fields": {"widget_type": "textarea", "attribute": 1002, "text_de": "Textarea de?", "text_en": "Textarea en?", "questionset": null}}, {"pk": 1003, "model": "questions.questionentity", "fields": {"title_de": "yesno_de", "updated": "2016-03-14T13:37:00Z", "created": "2016-03-14T13:37:00Z", "title_en": "yesno_en", "subsection": 1000, "order": 1003}}, {"pk": 1003, "model": "questions.question", "fields": {"widget_type": "yesno", "attribute": 1003, "text_de": "Yesno de?", "text_en": "Yesno en?", "questionset": null}}, {"pk": 1011, "model": "questions.questionentity", "fields": {"title_de": "text_collection_de", "updated": "2016-03-14T13:37:00Z", "created": "2016-03-14T13:37:00Z", "title_en": "text_collection_en", "subsection": 1000, "order": 1011}}, {"pk": 1011, "model": "questions.question", "fields": {"widget_type": "text", "attribute": 1011, "text_de": "Text collection de?", "text_en": "Text collection en?", "questionset": null}}, {"pk": 1012, "model": "questions.questionentity", "fields": {"title_de": "textarea_collection_de", "updated": "2016-03-14T13:37:00Z", "created": "2016-03-14T13:37:00Z", "title_en": "textarea_collection_en", "subsection": 1000, "order": 1012}}, {"pk": 1012, "model": "questions.question", "fields": {"widget_type": "textarea", "attribute": 1012, "text_de": "Textarea collection de?", "text_en": "Textarea collection en?", "questionset": null}}, {"pk": 1013, "model": "questions.questionentity", "fields": {"title_de": "yesno_collection_de", "updated": "2016-03-14T13:37:00Z", "created": "2016-03-14T13:37:00Z", "title_en": "yesno_collection_en", "subsection": 1000, "order": 1013}}, {"pk": 1013, "model": "questions.question", "fields": {"widget_type": "yesno", "attribute": 1013, "text_de": "Yesno collection de?", "text_en": "Yesno collection en?", "questionset": null}}, {"pk": 1100, "model": "questions.questionentity", "fields": {"title_de": "set_de", "updated": "2016-03-14T13:37:00Z", "created": "2016-03-14T13:37:00Z", "title_en": "set_en", "subsection": 1000, "order": 1100}}, {"pk": 1100, "model": "questions.questionset", "fields": {"attributeset": 1100}}, {"pk": 1101, "model": "questions.questionentity", "fields": {"title_de": "set_text_de", "updated": "2016-03-14T13:37:00Z", "created": "2016-03-14T13:37:00Z", "title_en": "set_text_en", "subsection": 1000, "order": 1101}}, {"pk": 1101, "model": "questions.question", "fields": {"widget_type": "text", "attribute": 1101, "text_de": "Set text de?", "text_en": "Set text en?", "questionset": 1100}}, {"pk": 1102, "model": "questions.questionentity", "fields": {"title_de": "set_textarea_de", "updated": "2016-03-14T13:37:00Z", "created": "2016-03-14T13:37:00Z", "title_en": "set_textarea_en", "subsection": 1000, "order": 1102}}, {"pk": 1102, "model": "questions.question", "fields": {"widget_type": "textarea", "attribute": 1102, "text_de": "Set textarea de?", "text_en": "Set textarea en?", "questionset": 1100}}, {"pk": 1103, "model": "questions.questionentity", "fields": {"title_de": "set_yesno_de", "updated": "2016-03-14T13:37:00Z", "created": "2016-03-14T13:37:00Z", "title_en": "set_yesno_en", "subsection": 1000, "order": 1103}}, {"pk": 1103, "model": "questions.question", "fields": {"widget_type": "yesno", "attribute": 1103, "text_de": "Set yesno de?", "text_en": "Set yesno en?", "questionset": 1100}}, {"pk": 1111, "model": "questions.questionentity", "fields": {"title_de": "set_text_collection_de", "updated": "2016-03-14T13:37:00Z", "created": "2016-03-14T13:37:00Z", "title_en": "set_text_collection_en", "subsection": 1000, "order": 1111}}, {"pk": 1111, "model": "questions.question", "fields": {"widget_type": "text", "attribute": 1111, "text_de": "Set text collection de?", "text_en": "Set text collection en?", "questionset": 1100}}, {"pk": 1112, "model": "questions.questionentity", "fields": {"title_de": "set_textarea_collection_de", "updated": "2016-03-14T13:37:00Z", "created": "2016-03-14T13:37:00Z", "title_en": "set_textarea_collection_en", "subsection": 1000, "order": 1112}}, {"pk": 1112, "model": "questions.question", "fields": {"widget_type": "textarea", "attribute": 1112, "text_de": "Set textarea collection de?", "text_en": "Set textarea collection en?", "questionset": 1100}}, {"pk": 1113, "model": "questions.questionentity", "fields": {"title_de": "set_yesno_collection_de", "updated": "2016-03-14T13:37:00Z", "created": "2016-03-14T13:37:00Z", "title_en": "set_yesno_collection_en", "subsection": 1000, "order": 1113}}, {"pk": 1113, "model": "questions.question", "fields": {"widget_type": "yesno", "attribute": 1113, "text_de": "Set yesno collection de?", "text_en": "Set yesno collection en?", "questionset": 1100}}, {"pk": 1200, "model": "questions.questionentity", "fields": {"title_de": "set_collection_de", "updated": "2016-03-14T13:37:00Z", "created": "2016-03-14T13:37:00Z", "title_en": "set_collection_en", "subsection": 1000, "order": 1200}}, {"pk": 1200, "model": "questions.questionset", "fields": {"attributeset": 1200}}, {"pk": 1201, "model": "questions.questionentity", "fields": {"title_de": "set_collection_text_de", "updated": "2016-03-14T13:37:00Z", "created": "2016-03-14T13:37:00Z", "title_en": "set_collection_text_en", "subsection": 1000, "order": 1201}}, {"pk": 1201, "model": "questions.question", "fields": {"widget_type": "text", "attribute": 1201, "text_de": "Set collection text de?", "text_en": "Set collection text en?", "questionset": 1200}}, {"pk": 1202, "model": "questions.questionentity", "fields": {"title_de": "set_collection_textarea_de", "updated": "2016-03-14T13:37:00Z", "created": "2016-03-14T13:37:00Z", "title_en": "set_collection_textarea_en", "subsection": 1000, "order": 1202}}, {"pk": 1202, "model": "questions.question", "fields": {"widget_type": "textarea", "attribute": 1202, "text_de": "Set collection textarea de?", "text_en": "Set collection textarea en?", "questionset": 1200}}, {"pk": 1203, "model": "questions.questionentity", "fields": {"title_de": "set_collection_yesno_de", "updated": "2016-03-14T13:37:00Z", "created": "2016-03-14T13:37:00Z", "title_en": "set_collection_yesno_en", "subsection": 1000, "order": 1203}}, {"pk": 1203, "model": "questions.question", "fields": {"widget_type": "yesno", "attribute": 1203, "text_de": "Set collection yesno de?", "text_en": "Set collection yesno en?", "questionset": 1200}}, {"pk": 1211, "model": "questions.questionentity", "fields": {"title_de": "set_collection_text_collection_de", "updated": "2016-03-14T13:37:00Z", "created": "2016-03-14T13:37:00Z", "title_en": "set_collection_text_collection_en", "subsection": 1000, "order": 1211}}, {"pk": 1211, "model": "questions.question", "fields": {"widget_type": "text", "attribute": 1211, "text_de": "Set collection text collection de?", "text_en": "Set collection text collection en?", "questionset": 1200}}, {"pk": 1212, "model": "questions.questionentity", "fields": {"title_de": "set_collection_textarea_collection_de", "updated": "2016-03-14T13:37:00Z", "created": "2016-03-14T13:37:00Z", "title_en": "set_collection_textarea_collection_en", "subsection": 1000, "order": 1212}}, {"pk": 1212, "model": "questions.question", "fields": {"widget_type": "textarea", "attribute": 1212, "text_de": "Set collection textarea collection de?", "text_en": "Set collection textarea collection en?", "questionset": 1200}}, {"pk": 1213, "model": "questions.questionentity", "fields": {"title_de": "set_collection_yesno_collection_de", "updated": "2016-03-14T13:37:00Z", "created": "2016-03-14T13:37:00Z", "title_en": "set_collection_yesno_collection_en", "subsection": 1000, "order": 1213}}, {"pk": 1213, "model": "questions.question", "fields": {"widget_type": "yesno", "attribute": 1213, "text_de": "Set collection yesno collection de?", "text_en": "Set collection yesno collection en?", "questionset": 1200}}]