[{"pk": 1000, "model": "questions.catalog", "fields": {"title_de": "catalog_de", "updated": "2016-03-14T13:37:00Z", "title_en": "catalog", "created": "2016-03-14T13:37:00Z"}}, {"pk": 1000, "model": "questions.section", "fields": {"title_de": "section_de", "updated": "2016-03-14T13:37:00Z", "created": "2016-03-14T13:37:00Z", "title_en": "section", "catalog": 1000, "order": 1}}, {"pk": 1000, "model": "questions.subsection", "fields": {"title_de": "subsection_de", "updated": "2016-03-14T13:37:00Z", "created": "2016-03-14T13:37:00Z", "section": 1000, "title_en": "subsection", "order": 1}}, {"pk": 1001, "model": "questions.questionentity", "fields": {"title_de": "text", "updated": "2016-03-14T13:37:00Z", "created": "2016-03-14T13:37:00Z", "title_en": "text", "subsection": 1, "order": 1001}}, {"pk": 1001, "model": "questions.question", "fields": {"widget_type": "text", "attribute": 1001, "text_de": "Text de?", "text_en": "Text en?", "questionset": null}}, {"pk": 1002, "model": "questions.questionentity", "fields": {"title_de": "textarea", "updated": "2016-03-14T13:37:00Z", "created": "2016-03-14T13:37:00Z", "title_en": "textarea", "subsection": 1, "order": 1002}}, {"pk": 1002, "model": "questions.question", "fields": {"widget_type": "textarea", "attribute": 1002, "text_de": "Textarea de?", "text_en": "Textarea en?", "questionset": null}}, {"pk": 1003, "model": "questions.questionentity", "fields": {"title_de": "yesno", "updated": "2016-03-14T13:37:00Z", "created": "2016-03-14T13:37:00Z", "title_en": "yesno", "subsection": 1, "order": 1003}}, {"pk": 1003, "model": "questions.question", "fields": {"widget_type": "yesno", "attribute": 1003, "text_de": "Yesno de?", "text_en": "Yesno en?", "questionset": null}}, {"pk": 1004, "model": "questions.questionentity", "fields": {"title_de": "slider", "updated": "2016-03-14T13:37:00Z", "created": "2016-03-14T13:37:00Z", "title_en": "slider", "subsection": 1, "order": 1004}}, {"pk": 1004, "model": "questions.question", "fields": {"widget_type": "slider", "attribute": 1004, "text_de": "Slider de?", "text_en": "Slider en?", "questionset": null}}, {"pk": 1011, "model": "questions.questionentity", "fields": {"title_de": "text_collection", "updated": "2016-03-14T13:37:00Z", "created": "2016-03-14T13:37:00Z", "title_en": "text_collection", "subsection": 1, "order": 1011}}, {"pk": 1011, "model": "questions.question", "fields": {"widget_type": "text", "attribute": 1011, "text_de": "Text collection de?", "text_en": "Text collection en?", "questionset": null}}, {"pk": 1012, "model": "questions.questionentity", "fields": {"title_de": "textarea_collection", "updated": "2016-03-14T13:37:00Z", "created": "2016-03-14T13:37:00Z", "title_en": "textarea_collection", "subsection": 1, "order": 1012}}, {"pk": 1012, "model": "questions.question", "fields": {"widget_type": "textarea", "attribute": 1012, "text_de": "Textarea collection de?", "text_en": "Textarea collection en?", "questionset": null}}, {"pk": 1013, "model": "questions.questionentity", "fields": {"title_de": "yesno_collection", "updated": "2016-03-14T13:37:00Z", "created": "2016-03-14T13:37:00Z", "title_en": "yesno_collection", "subsection": 1, "order": 1013}}, {"pk": 1013, "model": "questions.question", "fields": {"widget_type": "yesno", "attribute": 1013, "text_de": "Yesno collection de?", "text_en": "Yesno collection en?", "questionset": null}}, {"pk": 1100, "model": "questions.questionentity", "fields": {"title_de": "attributeset_de", "updated": "2016-03-14T13:37:00Z", "created": "2016-03-14T13:37:00Z", "title_en": "attributeset_en", "subsection": 1, "order": 1100}}, {"pk": 1100, "model": "questions.questionset", "fields": {"attributeset": 1100}}, {"pk": 1101, "model": "questions.questionentity", "fields": {"title_de": "attributeset_text", "updated": "2016-03-14T13:37:00Z", "created": "2016-03-14T13:37:00Z", "title_en": "attributeset_text", "subsection": 1, "order": 1101}}, {"pk": 1101, "model": "questions.question", "fields": {"widget_type": "text", "attribute": 1101, "text_de": "Attributeset text de?", "text_en": "Attributeset text en?", "questionset": 1100}}, {"pk": 1102, "model": "questions.questionentity", "fields": {"title_de": "attributeset_textarea", "updated": "2016-03-14T13:37:00Z", "created": "2016-03-14T13:37:00Z", "title_en": "attributeset_textarea", "subsection": 1, "order": 1102}}, {"pk": 1102, "model": "questions.question", "fields": {"widget_type": "textarea", "attribute": 1102, "text_de": "Attributeset textarea de?", "text_en": "Attributeset textarea en?", "questionset": 1100}}, {"pk": 1103, "model": "questions.questionentity", "fields": {"title_de": "attributeset_yesno", "updated": "2016-03-14T13:37:00Z", "created": "2016-03-14T13:37:00Z", "title_en": "attributeset_yesno", "subsection": 1, "order": 1103}}, {"pk": 1103, "model": "questions.question", "fields": {"widget_type": "yesno", "attribute": 1103, "text_de": "Attributeset yesno de?", "text_en": "Attributeset yesno en?", "questionset": 1100}}, {"pk": 1111, "model": "questions.questionentity", "fields": {"title_de": "attributeset_text_collection", "updated": "2016-03-14T13:37:00Z", "created": "2016-03-14T13:37:00Z", "title_en": "attributeset_text_collection", "subsection": 1, "order": 1111}}, {"pk": 1111, "model": "questions.question", "fields": {"widget_type": "text", "attribute": 1111, "text_de": "Attributeset text collection de?", "text_en": "Attributeset text collection en?", "questionset": 1100}}, {"pk": 1112, "model": "questions.questionentity", "fields": {"title_de": "attributeset_textarea_collection", "updated": "2016-03-14T13:37:00Z", "created": "2016-03-14T13:37:00Z", "title_en": "attributeset_textarea_collection", "subsection": 1, "order": 1112}}, {"pk": 1112, "model": "questions.question", "fields": {"widget_type": "textarea", "attribute": 1112, "text_de": "Attributeset textarea collection de?", "text_en": "Attributeset textarea collection en?", "questionset": 1100}}, {"pk": 1113, "model": "questions.questionentity", "fields": {"title_de": "attributeset_yesno_collection", "updated": "2016-03-14T13:37:00Z", "created": "2016-03-14T13:37:00Z", "title_en": "attributeset_yesno_collection", "subsection": 1, "order": 1113}}, {"pk": 1113, "model": "questions.question", "fields": {"widget_type": "yesno", "attribute": 1113, "text_de": "Attributeset yesno collection de?", "text_en": "Attributeset yesno collection en?", "questionset": 1100}}, {"pk": 1200, "model": "questions.questionentity", "fields": {"title_de": "attributeset_collection_de", "updated": "2016-03-14T13:37:00Z", "created": "2016-03-14T13:37:00Z", "title_en": "attributeset_collection_en", "subsection": 1, "order": 1200}}, {"pk": 1200, "model": "questions.questionset", "fields": {"attributeset": 1200}}, {"pk": 1201, "model": "questions.questionentity", "fields": {"title_de": "attributeset_collection_text", "updated": "2016-03-14T13:37:00Z", "created": "2016-03-14T13:37:00Z", "title_en": "attributeset_collection_text", "subsection": 1, "order": 1201}}, {"pk": 1201, "model": "questions.question", "fields": {"widget_type": "text", "attribute": 1201, "text_de": "Attributeset collection text de?", "text_en": "Attributeset collection text en?", "questionset": 1200}}, {"pk": 1202, "model": "questions.questionentity", "fields": {"title_de": "attributeset_collection_textarea", "updated": "2016-03-14T13:37:00Z", "created": "2016-03-14T13:37:00Z", "title_en": "attributeset_collection_textarea", "subsection": 1, "order": 1202}}, {"pk": 1202, "model": "questions.question", "fields": {"widget_type": "textarea", "attribute": 1202, "text_de": "Attributeset collection textarea de?", "text_en": "Attributeset collection textarea en?", "questionset": 1200}}, {"pk": 1203, "model": "questions.questionentity", "fields": {"title_de": "attributeset_collection_yesno", "updated": "2016-03-14T13:37:00Z", "created": "2016-03-14T13:37:00Z", "title_en": "attributeset_collection_yesno", "subsection": 1, "order": 1203}}, {"pk": 1203, "model": "questions.question", "fields": {"widget_type": "yesno", "attribute": 1203, "text_de": "Attributeset collection yesno de?", "text_en": "Attributeset collection yesno en?", "questionset": 1200}}, {"pk": 1211, "model": "questions.questionentity", "fields": {"title_de": "attributeset_collection_text_collection", "updated": "2016-03-14T13:37:00Z", "created": "2016-03-14T13:37:00Z", "title_en": "attributeset_collection_text_collection", "subsection": 1, "order": 1211}}, {"pk": 1211, "model": "questions.question", "fields": {"widget_type": "text", "attribute": 1211, "text_de": "Attributeset collection text collection de?", "text_en": "Attributeset collection text collection en?", "questionset": 1200}}, {"pk": 1212, "model": "questions.questionentity", "fields": {"title_de": "attributeset_collection_textarea_collection", "updated": "2016-03-14T13:37:00Z", "created": "2016-03-14T13:37:00Z", "title_en": "attributeset_collection_textarea_collection", "subsection": 1, "order": 1212}}, {"pk": 1212, "model": "questions.question", "fields": {"widget_type": "textarea", "attribute": 1212, "text_de": "Attributeset collection textarea collection de?", "text_en": "Attributeset collection textarea collection en?", "questionset": 1200}}, {"pk": 1213, "model": "questions.questionentity", "fields": {"title_de": "attributeset_collection_yesno_collection", "updated": "2016-03-14T13:37:00Z", "created": "2016-03-14T13:37:00Z", "title_en": "attributeset_collection_yesno_collection", "subsection": 1, "order": 1213}}, {"pk": 1213, "model": "questions.question", "fields": {"widget_type": "yesno", "attribute": 1213, "text_de": "Attributeset collection yesno collection de?", "text_en": "Attributeset collection yesno collection en?", "questionset": 1200}}]