[{"fields": {"updated": "2016-04-08T13:45:15.233Z", "tag": "project_contributors", "is_collection": true, "created": "2016-04-08T11:24:48.469Z"}, "model": "domain.attributeentity", "pk": 2}, {"fields": {"updated": "2016-04-08T11:32:57.832Z", "tag": "project_database_link", "is_collection": false, "created": "2016-04-08T11:32:57.832Z"}, "model": "domain.attributeentity", "pk": 5}, {"fields": {"updated": "2016-04-14T15:25:19.417Z", "tag": "project_funder_name", "is_collection": false, "created": "2016-04-08T11:35:09.518Z"}, "model": "domain.attributeentity", "pk": 6}, {"fields": {"updated": "2016-04-14T15:25:15.949Z", "tag": "project_funder_fundingprogram", "is_collection": false, "created": "2016-04-08T11:36:37.354Z"}, "model": "domain.attributeentity", "pk": 7}, {"fields": {"updated": "2016-04-14T15:25:22.375Z", "tag": "project_funder_requirements", "is_collection": false, "created": "2016-04-08T11:38:23.192Z"}, "model": "domain.attributeentity", "pk": 8}, {"fields": {"updated": "2016-04-14T15:30:06.486Z", "tag": "project_partner_name", "is_collection": false, "created": "2016-04-08T11:40:20.366Z"}, "model": "domain.attributeentity", "pk": 9}, {"fields": {"updated": "2016-04-14T15:30:09.565Z", "tag": "project_partner_requirements", "is_collection": false, "created": "2016-04-08T11:42:26.175Z"}, "model": "domain.attributeentity", "pk": 10}, {"fields": {"updated": "2016-04-14T14:00:40.352Z", "tag": "project_schedule_start", "is_collection": false, "created": "2016-04-08T11:50:39.294Z"}, "model": "domain.attributeentity", "pk": 12}, {"fields": {"updated": "2016-04-14T14:05:03.762Z", "tag": "project_coordination_name", "is_collection": true, "created": "2016-04-08T12:00:32.988Z"}, "model": "domain.attributeentity", "pk": 14}, {"fields": {"updated": "2016-04-14T14:04:58.991Z", "tag": "project_coordination_bool", "is_collection": false, "created": "2016-04-08T12:16:23.152Z"}, "model": "domain.attributeentity", "pk": 15}, {"fields": {"updated": "2016-04-14T10:24:45.223Z", "tag": "content_field", "is_collection": true, "created": "2016-04-08T12:49:24.859Z"}, "model": "domain.attributeentity", "pk": 16}, {"fields": {"updated": "2016-04-14T15:30:54.771Z", "tag": "content_researchquestion_title", "is_collection": false, "created": "2016-04-08T12:50:18.342Z"}, "model": "domain.attributeentity", "pk": 17}, {"fields": {"updated": "2016-04-14T15:30:50.111Z", "tag": "content_researchquestion_keywords", "is_collection": true, "created": "2016-04-08T12:51:18.553Z"}, "model": "domain.attributeentity", "pk": 18}, {"fields": {"updated": "2016-04-14T10:34:23.935Z", "tag": "content_reuse_scenario", "is_collection": true, "created": "2016-04-08T12:55:34.900Z"}, "model": "domain.attributeentity", "pk": 19}, {"fields": {"updated": "2016-04-14T10:37:26.955Z", "tag": "content_reproducibility", "is_collection": false, "created": "2016-04-08T13:01:05.469Z"}, "model": "domain.attributeentity", "pk": 20}, {"fields": {"updated": "2016-04-14T10:42:18.090Z", "tag": "content_reuse_dataset_bool", "is_collection": false, "created": "2016-04-08T13:06:27.614Z"}, "model": "domain.attributeentity", "pk": 21}, {"fields": {"updated": "2016-04-08T13:13:53.642Z", "tag": "project_date_creation", "is_collection": false, "created": "2016-04-08T13:13:53.642Z"}, "model": "domain.attributeentity", "pk": 22}, {"fields": {"updated": "2016-04-14T10:45:57.902Z", "tag": "content_reuse_dataset", "is_collection": true, "created": "2016-04-08T13:15:25.075Z"}, "model": "domain.attributeentity", "pk": 23}, {"fields": {"updated": "2016-04-14T10:44:28.865Z", "tag": "content_reuse_dataset_identifier", "is_collection": false, "created": "2016-04-08T13:16:29.290Z"}, "model": "domain.attributeentity", "pk": 24}, {"fields": {"updated": "2016-04-14T10:44:02.639Z", "tag": "content_reuse_dataset_creator", "is_collection": false, "created": "2016-04-08T13:17:20.840Z"}, "model": "domain.attributeentity", "pk": 25}, {"fields": {"updated": "2016-04-14T10:44:45.501Z", "tag": "content_reuse_dataset_topic", "is_collection": false, "created": "2016-04-08T13:19:17.461Z"}, "model": "domain.attributeentity", "pk": 26}, {"fields": {"updated": "2016-04-14T16:14:33.190Z", "tag": "tools_creation", "is_collection": false, "created": "2016-04-08T13:42:56.805Z"}, "model": "domain.attributeentity", "pk": 28}, {"fields": {"updated": "2016-04-14T16:14:37.325Z", "tag": "tools_usage", "is_collection": false, "created": "2016-04-08T13:49:10.400Z"}, "model": "domain.attributeentity", "pk": 29}, {"fields": {"updated": "2016-04-12T11:25:31.155Z", "tag": "storage_structural_approach", "is_collection": false, "created": "2016-04-08T13:54:19.924Z"}, "model": "domain.attributeentity", "pk": 30}, {"fields": {"updated": "2016-04-12T11:25:47.311Z", "tag": "storage_type", "is_collection": false, "created": "2016-04-08T13:57:25.569Z"}, "model": "domain.attributeentity", "pk": 31}, {"fields": {"updated": "2016-04-14T16:14:02.797Z", "tag": "type", "is_collection": false, "created": "2016-04-08T14:20:17.050Z"}, "model": "domain.attributeentity", "pk": 33}, {"fields": {"updated": "2016-04-14T16:13:38.768Z", "tag": "format", "is_collection": false, "created": "2016-04-08T14:23:22.271Z"}, "model": "domain.attributeentity", "pk": 34}, {"fields": {"updated": "2016-04-14T16:14:16.731Z", "tag": "versioned", "is_collection": false, "created": "2016-04-08T14:25:08.370Z"}, "model": "domain.attributeentity", "pk": 35}, {"fields": {"updated": "2016-04-19T13:53:50.516Z", "tag": "quantity_size", "is_collection": false, "created": "2016-04-08T14:28:16.379Z"}, "model": "domain.attributeentity", "pk": 36}, {"fields": {"updated": "2016-04-14T16:13:56.514Z", "tag": "quality_assurance", "is_collection": false, "created": "2016-04-08T14:30:26.442Z"}, "model": "domain.attributeentity", "pk": 37}, {"fields": {"updated": "2016-04-14T15:48:04.871Z", "tag": "technical_integration", "is_collection": false, "created": "2016-04-08T14:33:16.335Z"}, "model": "domain.attributeentity", "pk": 38}, {"fields": {"updated": "2016-04-15T13:27:06.600Z", "tag": "costs", "is_collection": false, "created": "2016-04-08T14:42:17.880Z"}, "model": "domain.attributeentity", "pk": 40}, {"fields": {"updated": "2016-04-15T13:24:53.260Z", "tag": "usage", "is_collection": false, "created": "2016-04-11T11:55:36.529Z"}, "model": "domain.attributeentity", "pk": 41}, {"fields": {"updated": "2016-04-14T16:14:25.303Z", "tag": "search_interface", "is_collection": false, "created": "2016-04-11T12:13:20.485Z"}, "model": "domain.attributeentity", "pk": 42}, {"fields": {"updated": "2016-04-14T16:14:21.805Z", "tag": "search_criteria", "is_collection": false, "created": "2016-04-11T12:15:04.385Z"}, "model": "domain.attributeentity", "pk": 43}, {"fields": {"updated": "2016-04-14T16:14:47.279Z", "tag": "usage_frequency", "is_collection": false, "created": "2016-04-11T12:18:46.868Z"}, "model": "domain.attributeentity", "pk": 44}, {"fields": {"updated": "2016-04-18T14:50:15.261Z", "tag": "infrastructure", "is_collection": false, "created": "2016-04-11T12:23:16.820Z"}, "model": "domain.attributeentity", "pk": 45}, {"fields": {"updated": "2016-04-18T14:50:20.791Z", "tag": "infrastructure_costs", "is_collection": false, "created": "2016-04-11T12:25:49.860Z"}, "model": "domain.attributeentity", "pk": 46}, {"fields": {"updated": "2016-04-11T12:49:59.435Z", "tag": "metadata_information", "is_collection": false, "created": "2016-04-11T12:49:59.435Z"}, "model": "domain.attributeentity", "pk": 47}, {"fields": {"updated": "2016-04-11T12:55:01.538Z", "tag": "metadata_description", "is_collection": false, "created": "2016-04-11T12:55:01.538Z"}, "model": "domain.attributeentity", "pk": 48}, {"fields": {"updated": "2016-04-11T13:05:17.597Z", "tag": "metadata_collectionmode", "is_collection": false, "created": "2016-04-11T13:05:17.597Z"}, "model": "domain.attributeentity", "pk": 49}, {"fields": {"updated": "2016-04-11T13:14:52.363Z", "tag": "metadata_check", "is_collection": false, "created": "2016-04-11T13:12:13.562Z"}, "model": "domain.attributeentity", "pk": 50}, {"fields": {"updated": "2016-04-12T11:26:30.485Z", "tag": "metadata_check_responsibility", "is_collection": false, "created": "2016-04-11T13:14:17.772Z"}, "model": "domain.attributeentity", "pk": 51}, {"fields": {"updated": "2016-04-11T13:20:16.192Z", "tag": "metadata_creation_time", "is_collection": false, "created": "2016-04-11T13:20:16.192Z"}, "model": "domain.attributeentity", "pk": 52}, {"fields": {"updated": "2016-04-11T13:32:51.607Z", "tag": "referencing_structure", "is_collection": true, "created": "2016-04-11T13:32:51.607Z"}, "model": "domain.attributeentity", "pk": 53}, {"fields": {"updated": "2016-04-11T13:34:47.098Z", "tag": "reference_subentities", "is_collection": true, "created": "2016-04-11T13:34:47.098Z"}, "model": "domain.attributeentity", "pk": 54}, {"fields": {"updated": "2016-04-11T13:39:58.924Z", "tag": "reference_pids", "is_collection": false, "created": "2016-04-11T13:36:19.512Z"}, "model": "domain.attributeentity", "pk": 55}, {"fields": {"updated": "2016-04-11T13:40:52.649Z", "tag": "reference_pids_maintenance", "is_collection": false, "created": "2016-04-11T13:40:52.649Z"}, "model": "domain.attributeentity", "pk": 56}, {"fields": {"updated": "2016-04-11T13:51:25.460Z", "tag": "reference_pids_costs", "is_collection": false, "created": "2016-04-11T13:51:25.460Z"}, "model": "domain.attributeentity", "pk": 57}, {"fields": {"updated": "2016-04-11T14:28:32.397Z", "tag": "legal_countries", "is_collection": false, "created": "2016-04-11T14:28:32.397Z"}, "model": "domain.attributeentity", "pk": 58}, {"fields": {"updated": "2016-04-11T14:35:47.832Z", "tag": "legal_law", "is_collection": false, "created": "2016-04-11T14:35:47.832Z"}, "model": "domain.attributeentity", "pk": 59}, {"fields": {"updated": "2016-04-12T10:08:51.221Z", "tag": "legal_personaldata_usage", "is_collection": false, "created": "2016-04-12T09:31:48.435Z"}, "model": "domain.attributeentity", "pk": 60}, {"fields": {"updated": "2016-04-12T10:09:07.504Z", "tag": "legal_personaldata_fdpa", "is_collection": false, "created": "2016-04-12T09:56:00.790Z"}, "model": "domain.attributeentity", "pk": 61}, {"fields": {"updated": "2016-04-12T10:00:08.460Z", "tag": "legal_personaldata_project", "is_collection": false, "created": "2016-04-12T10:00:08.460Z"}, "model": "domain.attributeentity", "pk": 62}, {"fields": {"updated": "2016-04-12T10:05:19.166Z", "tag": "legal_personaldata_anonymization", "is_collection": false, "created": "2016-04-12T10:05:19.166Z"}, "model": "domain.attributeentity", "pk": 63}, {"fields": {"updated": "2016-04-12T10:12:29.852Z", "tag": "legal_personaldata_ethics_compliance", "is_collection": false, "created": "2016-04-12T10:12:29.852Z"}, "model": "domain.attributeentity", "pk": 64}, {"fields": {"updated": "2016-04-12T10:16:12.207Z", "tag": "legal_personaldata_other", "is_collection": false, "created": "2016-04-12T10:16:12.207Z"}, "model": "domain.attributeentity", "pk": 65}, {"fields": {"updated": "2016-04-12T10:21:37.569Z", "tag": "legal_personaldata_storage_security", "is_collection": false, "created": "2016-04-12T10:21:37.569Z"}, "model": "domain.attributeentity", "pk": 66}, {"fields": {"updated": "2016-04-12T10:23:23.035Z", "tag": "legal_personaldata_usage_costs", "is_collection": false, "created": "2016-04-12T10:23:07.704Z"}, "model": "domain.attributeentity", "pk": 67}, {"fields": {"updated": "2016-04-12T10:46:33.479Z", "tag": "legal_license_publishing", "is_collection": false, "created": "2016-04-12T10:34:33.046Z"}, "model": "domain.attributeentity", "pk": 68}, {"fields": {"updated": "2016-04-12T10:35:49.618Z", "tag": "legal_ipr_ownership", "is_collection": false, "created": "2016-04-12T10:35:49.618Z"}, "model": "domain.attributeentity", "pk": 69}, {"fields": {"updated": "2016-04-12T10:38:29.736Z", "tag": "legal_license_existingdata", "is_collection": false, "created": "2016-04-12T10:38:29.736Z"}, "model": "domain.attributeentity", "pk": 70}, {"fields": {"updated": "2016-04-12T10:44:23.692Z", "tag": "legal_managed_access_procedures", "is_collection": false, "created": "2016-04-12T10:44:23.692Z"}, "model": "domain.attributeentity", "pk": 71}, {"fields": {"updated": "2016-04-12T10:47:06.614Z", "tag": "legal_license", "is_collection": false, "created": "2016-04-12T10:47:06.614Z"}, "model": "domain.attributeentity", "pk": 72}, {"fields": {"updated": "2016-04-12T11:06:57.599Z", "tag": "legal_consent", "is_collection": false, "created": "2016-04-12T11:06:57.599Z"}, "model": "domain.attributeentity", "pk": 73}, {"fields": {"updated": "2016-04-12T11:08:51.790Z", "tag": "legal_record_generation", "is_collection": false, "created": "2016-04-12T11:08:51.790Z"}, "model": "domain.attributeentity", "pk": 74}, {"fields": {"updated": "2016-04-12T11:13:07.877Z", "tag": "legal_license_costs", "is_collection": false, "created": "2016-04-12T11:13:07.877Z"}, "model": "domain.attributeentity", "pk": 75}, {"fields": {"updated": "2016-04-12T11:24:46.955Z", "tag": "storage_datatypes", "is_collection": false, "created": "2016-04-12T11:19:55.204Z"}, "model": "domain.attributeentity", "pk": 76}, {"fields": {"updated": "2016-04-12T11:25:13.067Z", "tag": "storage_backups", "is_collection": false, "created": "2016-04-12T11:22:43.561Z"}, "model": "domain.attributeentity", "pk": 77}, {"fields": {"updated": "2016-04-12T11:26:14.866Z", "tag": "storage_backups_responsibility", "is_collection": false, "created": "2016-04-12T11:24:17.859Z"}, "model": "domain.attributeentity", "pk": 78}, {"fields": {"updated": "2016-04-12T11:27:55.077Z", "tag": "storage_naming", "is_collection": false, "created": "2016-04-12T11:27:55.077Z"}, "model": "domain.attributeentity", "pk": 79}, {"fields": {"updated": "2016-04-12T11:35:09.020Z", "tag": "storage_organization", "is_collection": false, "created": "2016-04-12T11:35:09.020Z"}, "model": "domain.attributeentity", "pk": 80}, {"fields": {"updated": "2016-04-12T11:37:49.553Z", "tag": "storage_collaborative_usage", "is_collection": false, "created": "2016-04-12T11:37:49.553Z"}, "model": "domain.attributeentity", "pk": 81}, {"fields": {"updated": "2016-04-12T11:38:51.017Z", "tag": "storage_collaborative_tools", "is_collection": false, "created": "2016-04-12T11:38:51.017Z"}, "model": "domain.attributeentity", "pk": 82}, {"fields": {"updated": "2016-04-12T11:39:52.507Z", "tag": "storage_collaborative_organisation", "is_collection": false, "created": "2016-04-12T11:39:52.507Z"}, "model": "domain.attributeentity", "pk": 83}, {"fields": {"updated": "2016-04-12T11:42:00.199Z", "tag": "storage_costs", "is_collection": false, "created": "2016-04-12T11:42:00.199Z"}, "model": "domain.attributeentity", "pk": 84}, {"fields": {"updated": "2016-04-12T11:51:03.301Z", "tag": "preservation_responsibility", "is_collection": true, "created": "2016-04-12T11:50:07.533Z"}, "model": "domain.attributeentity", "pk": 85}, {"fields": {"updated": "2016-04-12T11:51:46.727Z", "tag": "preservation_datatypes", "is_collection": false, "created": "2016-04-12T11:51:46.727Z"}, "model": "domain.attributeentity", "pk": 86}, {"fields": {"updated": "2016-04-12T11:59:06.291Z", "tag": "preservation_reasons", "is_collection": false, "created": "2016-04-12T11:59:06.291Z"}, "model": "domain.attributeentity", "pk": 87}, {"fields": {"updated": "2016-04-12T12:00:33.177Z", "tag": "preservation_duration", "is_collection": false, "created": "2016-04-12T12:00:33.177Z"}, "model": "domain.attributeentity", "pk": 88}, {"fields": {"updated": "2016-04-12T12:02:37.892Z", "tag": "preservation_expiration", "is_collection": false, "created": "2016-04-12T12:02:37.892Z"}, "model": "domain.attributeentity", "pk": 89}, {"fields": {"updated": "2016-04-12T12:20:12.259Z", "tag": "preservation_place", "is_collection": false, "created": "2016-04-12T12:20:12.259Z"}, "model": "domain.attributeentity", "pk": 90}, {"fields": {"updated": "2016-04-12T12:23:11.019Z", "tag": "preservation_obligations", "is_collection": true, "created": "2016-04-12T12:23:11.019Z"}, "model": "domain.attributeentity", "pk": 91}, {"fields": {"updated": "2016-04-12T12:29:13.422Z", "tag": "preservation_requirements_institution", "is_collection": false, "created": "2016-04-12T12:26:03.158Z"}, "model": "domain.attributeentity", "pk": 92}, {"fields": {"updated": "2016-04-12T12:27:56.060Z", "tag": "preservation_requirements_dmp", "is_collection": false, "created": "2016-04-12T12:27:56.060Z"}, "model": "domain.attributeentity", "pk": 93}, {"fields": {"updated": "2016-04-12T12:30:15.301Z", "tag": "preservation_ingestlogging", "is_collection": false, "created": "2016-04-12T12:30:15.301Z"}, "model": "domain.attributeentity", "pk": 94}, {"fields": {"updated": "2016-04-12T12:31:12.857Z", "tag": "preservation_errorhandling", "is_collection": false, "created": "2016-04-12T12:31:12.857Z"}, "model": "domain.attributeentity", "pk": 95}, {"fields": {"updated": "2016-04-12T12:32:46.866Z", "tag": "preservation_accessibility", "is_collection": false, "created": "2016-04-12T12:32:46.866Z"}, "model": "domain.attributeentity", "pk": 96}, {"fields": {"updated": "2016-04-12T12:34:17.973Z", "tag": "preservation_costs", "is_collection": false, "created": "2016-04-12T12:34:17.973Z"}, "model": "domain.attributeentity", "pk": 97}, {"fields": {"updated": "2016-04-12T12:36:12.453Z", "tag": "preservation_additional", "is_collection": false, "created": "2016-04-12T12:36:12.453Z"}, "model": "domain.attributeentity", "pk": 98}, {"fields": {"updated": "2016-04-19T12:54:54.060Z", "tag": "technical_dataset", "is_collection": true, "created": "2016-04-14T09:40:01.864Z"}, "model": "domain.attributeentity", "pk": 99}, {"fields": {"updated": "2016-04-14T10:30:38.899Z", "tag": "content_researchquestion", "is_collection": false, "created": "2016-04-14T10:29:10.633Z"}, "model": "domain.attributeentity", "pk": 100}, {"fields": {"updated": "2016-04-14T16:13:43.213Z", "tag": "id", "is_collection": false, "created": "2016-04-14T10:54:09.053Z"}, "model": "domain.attributeentity", "pk": 101}, {"fields": {"updated": "2016-04-19T10:02:57.973Z", "tag": "project_funder", "is_collection": true, "created": "2016-04-14T11:48:57.735Z"}, "model": "domain.attributeentity", "pk": 102}, {"fields": {"updated": "2016-04-14T11:51:25.173Z", "tag": "project_partner", "is_collection": true, "created": "2016-04-14T11:51:25.173Z"}, "model": "domain.attributeentity", "pk": 103}, {"fields": {"updated": "2016-04-14T12:12:26.905Z", "tag": "project_tasks", "is_collection": true, "created": "2016-04-14T12:03:08.527Z"}, "model": "domain.attributeentity", "pk": 104}, {"fields": {"updated": "2016-04-14T14:00:36.595Z", "tag": "project_schedule_end", "is_collection": false, "created": "2016-04-14T12:09:46.206Z"}, "model": "domain.attributeentity", "pk": 105}, {"fields": {"updated": "2016-04-14T12:12:17.643Z", "tag": "project_schedule", "is_collection": false, "created": "2016-04-14T12:12:17.643Z"}, "model": "domain.attributeentity", "pk": 106}, {"fields": {"updated": "2016-04-14T12:15:14.277Z", "tag": "project_tasks_date", "is_collection": false, "created": "2016-04-14T12:15:14.277Z"}, "model": "domain.attributeentity", "pk": 107}, {"fields": {"updated": "2016-04-14T13:49:25.362Z", "tag": "project_tasks_description", "is_collection": false, "created": "2016-04-14T13:49:25.362Z"}, "model": "domain.attributeentity", "pk": 108}, {"fields": {"updated": "2016-04-14T13:49:41.557Z", "tag": "project_tasks_id", "is_collection": false, "created": "2016-04-14T13:49:41.557Z"}, "model": "domain.attributeentity", "pk": 109}, {"fields": {"updated": "2016-04-14T15:26:35.592Z", "tag": "project_coordination", "is_collection": false, "created": "2016-04-14T14:03:39.916Z"}, "model": "domain.attributeentity", "pk": 111}, {"fields": {"updated": "2016-04-14T16:13:35.649Z", "tag": "description", "is_collection": false, "created": "2016-04-14T15:29:13.703Z"}, "model": "domain.attributeentity", "pk": 115}, {"fields": {"updated": "2016-04-19T13:53:58.444Z", "tag": "quantity_rate", "is_collection": false, "created": "2016-04-19T13:31:48.693Z"}, "model": "domain.attributeentity", "pk": 122}, {"fields": {}, "model": "domain.attributeset", "pk": 23}, {"fields": {}, "model": "domain.attributeset", "pk": 99}, {"fields": {}, "model": "domain.attributeset", "pk": 100}, {"fields": {}, "model": "domain.attributeset", "pk": 102}, {"fields": {}, "model": "domain.attributeset", "pk": 103}, {"fields": {}, "model": "domain.attributeset", "pk": 104}, {"fields": {}, "model": "domain.attributeset", "pk": 106}, {"fields": {}, "model": "domain.attributeset", "pk": 111}, {"fields": {"value_type": "text", "attributeset": null, "unit": ""}, "model": "domain.attribute", "pk": 2}, {"fields": {"value_type": "text", "attributeset": null, "unit": ""}, "model": "domain.attribute", "pk": 5}, {"fields": {"value_type": "text", "attributeset": 102, "unit": ""}, "model": "domain.attribute", "pk": 6}, {"fields": {"value_type": "text", "attributeset": 102, "unit": ""}, "model": "domain.attribute", "pk": 7}, {"fields": {"value_type": "text", "attributeset": 102, "unit": ""}, "model": "domain.attribute", "pk": 8}, {"fields": {"value_type": "text", "attributeset": 103, "unit": ""}, "model": "domain.attribute", "pk": 9}, {"fields": {"value_type": "text", "attributeset": 103, "unit": ""}, "model": "domain.attribute", "pk": 10}, {"fields": {"value_type": "datetime", "attributeset": 106, "unit": ""}, "model": "domain.attribute", "pk": 12}, {"fields": {"value_type": "text", "attributeset": 111, "unit": ""}, "model": "domain.attribute", "pk": 14}, {"fields": {"value_type": "boolean", "attributeset": 111, "unit": ""}, "model": "domain.attribute", "pk": 15}, {"fields": {"value_type": "text", "attributeset": null, "unit": ""}, "model": "domain.attribute", "pk": 16}, {"fields": {"value_type": "text", "attributeset": 100, "unit": ""}, "model": "domain.attribute", "pk": 17}, {"fields": {"value_type": "text", "attributeset": 100, "unit": ""}, "model": "domain.attribute", "pk": 18}, {"fields": {"value_type": "text", "attributeset": null, "unit": ""}, "model": "domain.attribute", "pk": 19}, {"fields": {"value_type": "text", "attributeset": null, "unit": ""}, "model": "domain.attribute", "pk": 20}, {"fields": {"value_type": "boolean", "attributeset": null, "unit": ""}, "model": "domain.attribute", "pk": 21}, {"fields": {"value_type": "datetime", "attributeset": null, "unit": ""}, "model": "domain.attribute", "pk": 22}, {"fields": {"value_type": "integer", "attributeset": 23, "unit": ""}, "model": "domain.attribute", "pk": 24}, {"fields": {"value_type": "text", "attributeset": 23, "unit": ""}, "model": "domain.attribute", "pk": 25}, {"fields": {"value_type": "text", "attributeset": 23, "unit": ""}, "model": "domain.attribute", "pk": 26}, {"fields": {"value_type": "text", "attributeset": 99, "unit": ""}, "model": "domain.attribute", "pk": 28}, {"fields": {"value_type": "text", "attributeset": 99, "unit": ""}, "model": "domain.attribute", "pk": 29}, {"fields": {"value_type": "text", "attributeset": null, "unit": ""}, "model": "domain.attribute", "pk": 30}, {"fields": {"value_type": "text", "attributeset": null, "unit": ""}, "model": "domain.attribute", "pk": 31}, {"fields": {"value_type": "text", "attributeset": 99, "unit": ""}, "model": "domain.attribute", "pk": 33}, {"fields": {"value_type": "text", "attributeset": 99, "unit": ""}, "model": "domain.attribute", "pk": 34}, {"fields": {"value_type": "boolean", "attributeset": 99, "unit": ""}, "model": "domain.attribute", "pk": 35}, {"fields": {"value_type": "float", "attributeset": 99, "unit": ""}, "model": "domain.attribute", "pk": 36}, {"fields": {"value_type": "text", "attributeset": 99, "unit": ""}, "model": "domain.attribute", "pk": 37}, {"fields": {"value_type": "text", "attributeset": null, "unit": ""}, "model": "domain.attribute", "pk": 38}, {"fields": {"value_type": "integer", "attributeset": 99, "unit": ""}, "model": "domain.attribute", "pk": 40}, {"fields": {"value_type": "text", "attributeset": 99, "unit": ""}, "model": "domain.attribute", "pk": 41}, {"fields": {"value_type": "text", "attributeset": 99, "unit": ""}, "model": "domain.attribute", "pk": 42}, {"fields": {"value_type": "text", "attributeset": 99, "unit": ""}, "model": "domain.attribute", "pk": 43}, {"fields": {"value_type": "text", "attributeset": 99, "unit": ""}, "model": "domain.attribute", "pk": 44}, {"fields": {"value_type": "text", "attributeset": 99, "unit": ""}, "model": "domain.attribute", "pk": 45}, {"fields": {"value_type": "integer", "attributeset": 99, "unit": ""}, "model": "domain.attribute", "pk": 46}, {"fields": {"value_type": "text", "attributeset": null, "unit": ""}, "model": "domain.attribute", "pk": 47}, {"fields": {"value_type": "text", "attributeset": null, "unit": ""}, "model": "domain.attribute", "pk": 48}, {"fields": {"value_type": "text", "attributeset": null, "unit": ""}, "model": "domain.attribute", "pk": 49}, {"fields": {"value_type": "text", "attributeset": null, "unit": ""}, "model": "domain.attribute", "pk": 50}, {"fields": {"value_type": "text", "attributeset": null, "unit": ""}, "model": "domain.attribute", "pk": 51}, {"fields": {"value_type": "integer", "attributeset": null, "unit": ""}, "model": "domain.attribute", "pk": 52}, {"fields": {"value_type": "text", "attributeset": null, "unit": ""}, "model": "domain.attribute", "pk": 53}, {"fields": {"value_type": "text", "attributeset": null, "unit": ""}, "model": "domain.attribute", "pk": 54}, {"fields": {"value_type": "text", "attributeset": null, "unit": ""}, "model": "domain.attribute", "pk": 55}, {"fields": {"value_type": "text", "attributeset": null, "unit": ""}, "model": "domain.attribute", "pk": 56}, {"fields": {"value_type": "text", "attributeset": null, "unit": ""}, "model": "domain.attribute", "pk": 57}, {"fields": {"value_type": "text", "attributeset": null, "unit": ""}, "model": "domain.attribute", "pk": 58}, {"fields": {"value_type": "text", "attributeset": null, "unit": ""}, "model": "domain.attribute", "pk": 59}, {"fields": {"value_type": "boolean", "attributeset": null, "unit": ""}, "model": "domain.attribute", "pk": 60}, {"fields": {"value_type": "boolean", "attributeset": null, "unit": ""}, "model": "domain.attribute", "pk": 61}, {"fields": {"value_type": "boolean", "attributeset": null, "unit": ""}, "model": "domain.attribute", "pk": 62}, {"fields": {"value_type": "text", "attributeset": null, "unit": ""}, "model": "domain.attribute", "pk": 63}, {"fields": {"value_type": "text", "attributeset": null, "unit": ""}, "model": "domain.attribute", "pk": 64}, {"fields": {"value_type": "text", "attributeset": null, "unit": ""}, "model": "domain.attribute", "pk": 65}, {"fields": {"value_type": "text", "attributeset": null, "unit": ""}, "model": "domain.attribute", "pk": 66}, {"fields": {"value_type": "integer", "attributeset": null, "unit": ""}, "model": "domain.attribute", "pk": 67}, {"fields": {"value_type": "text", "attributeset": null, "unit": ""}, "model": "domain.attribute", "pk": 68}, {"fields": {"value_type": "text", "attributeset": null, "unit": ""}, "model": "domain.attribute", "pk": 69}, {"fields": {"value_type": "text", "attributeset": null, "unit": ""}, "model": "domain.attribute", "pk": 70}, {"fields": {"value_type": "text", "attributeset": null, "unit": ""}, "model": "domain.attribute", "pk": 71}, {"fields": {"value_type": "text", "attributeset": null, "unit": ""}, "model": "domain.attribute", "pk": 72}, {"fields": {"value_type": "boolean", "attributeset": null, "unit": ""}, "model": "domain.attribute", "pk": 73}, {"fields": {"value_type": "boolean", "attributeset": null, "unit": ""}, "model": "domain.attribute", "pk": 74}, {"fields": {"value_type": "text", "attributeset": null, "unit": ""}, "model": "domain.attribute", "pk": 75}, {"fields": {"value_type": "text", "attributeset": null, "unit": ""}, "model": "domain.attribute", "pk": 76}, {"fields": {"value_type": "text", "attributeset": null, "unit": ""}, "model": "domain.attribute", "pk": 77}, {"fields": {"value_type": "text", "attributeset": null, "unit": ""}, "model": "domain.attribute", "pk": 78}, {"fields": {"value_type": "text", "attributeset": null, "unit": ""}, "model": "domain.attribute", "pk": 79}, {"fields": {"value_type": "text", "attributeset": null, "unit": ""}, "model": "domain.attribute", "pk": 80}, {"fields": {"value_type": "text", "attributeset": null, "unit": ""}, "model": "domain.attribute", "pk": 81}, {"fields": {"value_type": "text", "attributeset": null, "unit": ""}, "model": "domain.attribute", "pk": 82}, {"fields": {"value_type": "text", "attributeset": null, "unit": ""}, "model": "domain.attribute", "pk": 83}, {"fields": {"value_type": "integer", "attributeset": null, "unit": ""}, "model": "domain.attribute", "pk": 84}, {"fields": {"value_type": "text", "attributeset": null, "unit": ""}, "model": "domain.attribute", "pk": 85}, {"fields": {"value_type": "text", "attributeset": null, "unit": ""}, "model": "domain.attribute", "pk": 86}, {"fields": {"value_type": "text", "attributeset": null, "unit": ""}, "model": "domain.attribute", "pk": 87}, {"fields": {"value_type": "text", "attributeset": null, "unit": ""}, "model": "domain.attribute", "pk": 88}, {"fields": {"value_type": "text", "attributeset": null, "unit": ""}, "model": "domain.attribute", "pk": 89}, {"fields": {"value_type": "text", "attributeset": null, "unit": ""}, "model": "domain.attribute", "pk": 90}, {"fields": {"value_type": "text", "attributeset": null, "unit": ""}, "model": "domain.attribute", "pk": 91}, {"fields": {"value_type": "text", "attributeset": null, "unit": ""}, "model": "domain.attribute", "pk": 92}, {"fields": {"value_type": "text", "attributeset": null, "unit": ""}, "model": "domain.attribute", "pk": 93}, {"fields": {"value_type": "boolean", "attributeset": null, "unit": ""}, "model": "domain.attribute", "pk": 94}, {"fields": {"value_type": "boolean", "attributeset": null, "unit": ""}, "model": "domain.attribute", "pk": 95}, {"fields": {"value_type": "text", "attributeset": null, "unit": ""}, "model": "domain.attribute", "pk": 96}, {"fields": {"value_type": "text", "attributeset": null, "unit": ""}, "model": "domain.attribute", "pk": 97}, {"fields": {"value_type": "boolean", "attributeset": null, "unit": ""}, "model": "domain.attribute", "pk": 98}, {"fields": {"value_type": "text", "attributeset": 99, "unit": ""}, "model": "domain.attribute", "pk": 101}, {"fields": {"value_type": "datetime", "attributeset": 106, "unit": ""}, "model": "domain.attribute", "pk": 105}, {"fields": {"value_type": "datetime", "attributeset": 104, "unit": ""}, "model": "domain.attribute", "pk": 107}, {"fields": {"value_type": "text", "attributeset": 104, "unit": ""}, "model": "domain.attribute", "pk": 108}, {"fields": {"value_type": "text", "attributeset": 104, "unit": ""}, "model": "domain.attribute", "pk": 109}, {"fields": {"value_type": "text", "attributeset": 99, "unit": ""}, "model": "domain.attribute", "pk": 115}, {"fields": {"value_type": "integer", "attributeset": 99, "unit": null}, "model": "domain.attribute", "pk": 122}]