[{"model": "questions.catalog", "pk": 1, "fields": {"created": "2016-12-15T12:00:09.331Z", "updated": "2017-01-27T12:33:24.712Z", "uri": "http://example.com/questions/catalog", "uri_prefix": null, "key": "catalog", "comment": null, "order": 0, "title_en": "Catalog", "title_de": "Katalog"}}, {"model": "questions.section", "pk": 1, "fields": {"created": "2016-12-15T12:00:31.550Z", "updated": "2017-01-27T12:33:25.446Z", "uri": "http://example.com/questions/catalog/widgets", "uri_prefix": null, "key": "widgets", "comment": null, "catalog": 1, "order": 1, "title_en": "Widgets", "title_de": "Widgets", "label_en": "Catalog / Widgets", "label_de": "Katalog / Widgets"}}, {"model": "questions.section", "pk": 2, "fields": {"created": "2016-12-15T12:02:01.898Z", "updated": "2017-01-27T12:33:26.129Z", "uri": "http://example.com/questions/catalog/conditions", "uri_prefix": null, "key": "conditions", "comment": null, "catalog": 1, "order": 2, "title_en": "Conditions", "title_de": "Bedingungen", "label_en": "Catalog / Conditions", "label_de": "Katalog / Bedingungen"}}, {"model": "questions.subsection", "pk": 1, "fields": {"created": "2016-12-15T12:01:03.104Z", "updated": "2017-01-27T12:33:26.153Z", "uri": "http://example.com/questions/catalog/widgets/individual-questions", "uri_prefix": null, "key": "individual-questions", "comment": null, "section": 1, "order": 1, "title_en": "Individual questions", "title_de": "Einzelne Fragen", "label_en": "Catalog / Widgets / Individual questions", "label_de": "Katalog / Widgets / Einzelne Fragen"}}, {"model": "questions.subsection", "pk": 2, "fields": {"created": "2016-12-15T12:01:28.560Z", "updated": "2017-01-27T12:33:26.346Z", "uri": "http://example.com/questions/catalog/widgets/collection-questions", "uri_prefix": null, "key": "collection-questions", "comment": null, "section": 1, "order": 2, "title_en": "Collection questions", "title_de": "Fragensammlungen", "label_en": "Catalog / Widgets / Collection questions", "label_de": "Katalog / Widgets / Fragensammlungen"}}, {"model": "questions.subsection", "pk": 3, "fields": {"created": "2016-12-15T12:01:47.090Z", "updated": "2017-01-27T12:33:26.542Z", "uri": "http://example.com/questions/catalog/widgets/question-sets", "uri_prefix": null, "key": "question-sets", "comment": null, "section": 1, "order": 3, "title_en": "Question sets", "title_de": "Fragensets", "label_en": "Catalog / Widgets / Question sets", "label_de": "Katalog / Widgets / Fragensets"}}, {"model": "questions.questionentity", "pk": 1, "fields": {"created": "2016-12-15T13:28:15.582Z", "updated": "2017-01-27T12:33:26.832Z", "uri": "http://example.com/questions/catalog/widgets/individual-questions/text", "uri_prefix": null, "key": "text", "comment": null, "attribute_entity": 3, "subsection": 1, "order": 1, "label_en": "Catalog / Widgets / Individual questions / text", "label_de": "Katalog / Widgets / Einzelne Fragen / text", "help_en": null, "help_de": null}}, {"model": "questions.questionentity", "pk": 2, "fields": {"created": "2016-12-15T13:28:41.406Z", "updated": "2017-01-27T12:33:26.859Z", "uri": "http://example.com/questions/catalog/widgets/individual-questions/textarea", "uri_prefix": null, "key": "textarea", "comment": null, "attribute_entity": 4, "subsection": 1, "order": 2, "label_en": "Catalog / Widgets / Individual questions / textarea", "label_de": "Katalog / Widgets / Einzelne Fragen / textarea", "help_en": null, "help_de": null}}, {"model": "questions.questionentity", "pk": 3, "fields": {"created": "2016-12-15T13:29:05.951Z", "updated": "2017-01-27T12:33:26.885Z", "uri": "http://example.com/questions/catalog/widgets/individual-questions/bool", "uri_prefix": null, "key": "bool", "comment": null, "attribute_entity": 8, "subsection": 1, "order": 3, "label_en": "Catalog / Widgets / Individual questions / bool", "label_de": "Katalog / Widgets / Einzelne Fragen / bool", "help_en": null, "help_de": null}}, {"model": "questions.questionentity", "pk": 4, "fields": {"created": "2016-12-15T13:30:22.772Z", "updated": "2017-01-27T12:33:26.911Z", "uri": "http://example.com/questions/catalog/widgets/individual-questions/radio", "uri_prefix": null, "key": "radio", "comment": null, "attribute_entity": 11, "subsection": 1, "order": 4, "label_en": "Catalog / Widgets / Individual questions / radio", "label_de": "Katalog / Widgets / Einzelne Fragen / radio", "help_en": null, "help_de": null}}, {"model": "questions.questionentity", "pk": 5, "fields": {"created": "2016-12-15T13:31:22.093Z", "updated": "2017-01-27T12:33:26.935Z", "uri": "http://example.com/questions/catalog/widgets/individual-questions/select", "uri_prefix": null, "key": "select", "comment": null, "attribute_entity": 12, "subsection": 1, "order": 5, "label_en": "Catalog / Widgets / Individual questions / select", "label_de": "Katalog / Widgets / Einzelne Fragen / select", "help_en": null, "help_de": null}}, {"model": "questions.questionentity", "pk": 6, "fields": {"created": "2016-12-15T13:32:11.267Z", "updated": "2017-01-27T12:33:26.962Z", "uri": "http://example.com/questions/catalog/widgets/individual-questions/range", "uri_prefix": null, "key": "range", "comment": null, "attribute_entity": 7, "subsection": 1, "order": 6, "label_en": "Catalog / Widgets / Individual questions / range", "label_de": "Katalog / Widgets / Einzelne Fragen / range", "help_en": null, "help_de": null}}, {"model": "questions.questionentity", "pk": 7, "fields": {"created": "2016-12-15T13:32:41.210Z", "updated": "2017-01-27T12:33:26.996Z", "uri": "http://example.com/questions/catalog/widgets/individual-questions/datetime", "uri_prefix": null, "key": "datetime", "comment": null, "attribute_entity": 9, "subsection": 1, "order": 7, "label_en": "Catalog / Widgets / Individual questions / datetime", "label_de": "Katalog / Widgets / Einzelne Fragen / datetime", "help_en": null, "help_de": null}}, {"model": "questions.questionentity", "pk": 8, "fields": {"created": "2016-12-15T13:33:08.787Z", "updated": "2017-01-27T12:33:27.024Z", "uri": "http://example.com/questions/catalog/widgets/collection-questions/text", "uri_prefix": null, "key": "text", "comment": null, "attribute_entity": 21, "subsection": 2, "order": 1, "label_en": "Catalog / Widgets / Collection questions / text", "label_de": "Katalog / Widgets / Fragensammlungen / text", "help_en": null, "help_de": null}}, {"model": "questions.questionentity", "pk": 9, "fields": {"created": "2016-12-15T13:33:20.995Z", "updated": "2017-01-27T12:33:27.052Z", "uri": "http://example.com/questions/catalog/widgets/collection-questions/textarea", "uri_prefix": null, "key": "textarea", "comment": null, "attribute_entity": 22, "subsection": 2, "order": 2, "label_en": "Catalog / Widgets / Collection questions / textarea", "label_de": "Katalog / Widgets / Fragensammlungen / textarea", "help_en": null, "help_de": null}}, {"model": "questions.questionentity", "pk": 10, "fields": {"created": "2016-12-15T13:33:34.934Z", "updated": "2017-01-27T12:33:27.078Z", "uri": "http://example.com/questions/catalog/widgets/collection-questions/bool", "uri_prefix": null, "key": "bool", "comment": null, "attribute_entity": 13, "subsection": 2, "order": 3, "label_en": "Catalog / Widgets / Collection questions / bool", "label_de": "Katalog / Widgets / Fragensammlungen / bool", "help_en": null, "help_de": null}}, {"model": "questions.questionentity", "pk": 11, "fields": {"created": "2016-12-15T13:33:54.082Z", "updated": "2017-01-27T12:33:27.106Z", "uri": "http://example.com/questions/catalog/widgets/collection-questions/radio", "uri_prefix": null, "key": "radio", "comment": null, "attribute_entity": 15, "subsection": 2, "order": 4, "label_en": "Catalog / Widgets / Collection questions / radio", "label_de": "Katalog / Widgets / Fragensammlungen / radio", "help_en": null, "help_de": null}}, {"model": "questions.questionentity", "pk": 12, "fields": {"created": "2016-12-15T13:34:08.899Z", "updated": "2017-01-27T12:33:27.136Z", "uri": "http://example.com/questions/catalog/widgets/collection-questions/select", "uri_prefix": null, "key": "select", "comment": null, "attribute_entity": 20, "subsection": 2, "order": 5, "label_en": "Catalog / Widgets / Collection questions / select", "label_de": "Katalog / Widgets / Fragensammlungen / select", "help_en": null, "help_de": null}}, {"model": "questions.questionentity", "pk": 13, "fields": {"created": "2016-12-15T13:34:28.895Z", "updated": "2017-01-27T12:33:27.164Z", "uri": "http://example.com/questions/catalog/widgets/collection-questions/range", "uri_prefix": null, "key": "range", "comment": null, "attribute_entity": 19, "subsection": 2, "order": 6, "label_en": "Catalog / Widgets / Collection questions / range", "label_de": "Katalog / Widgets / Fragensammlungen / range", "help_en": null, "help_de": null}}, {"model": "questions.questionentity", "pk": 14, "fields": {"created": "2016-12-15T13:34:39.608Z", "updated": "2017-01-27T12:33:27.192Z", "uri": "http://example.com/questions/catalog/widgets/collection-questions/datetime", "uri_prefix": null, "key": "datetime", "comment": null, "attribute_entity": 16, "subsection": 2, "order": 7, "label_en": "Catalog / Widgets / Collection questions / datetime", "label_de": "Katalog / Widgets / Fragensammlungen / datetime", "help_en": null, "help_de": null}}, {"model": "questions.questionentity", "pk": 15, "fields": {"created": "2016-12-15T13:35:32.219Z", "updated": "2017-01-27T12:33:27.221Z", "uri": "http://example.com/questions/catalog/widgets/collection-questions/checkbox", "uri_prefix": null, "key": "checkbox", "comment": null, "attribute_entity": 14, "subsection": 2, "order": 8, "label_en": "Catalog / Widgets / Collection questions / checkbox", "label_de": "Katalog / Widgets / Fragensammlungen / checkbox", "help_en": null, "help_de": null}}, {"model": "questions.questionentity", "pk": 16, "fields": {"created": "2017-01-24T15:54:14.908Z", "updated": "2017-01-27T12:33:27.247Z", "uri": "http://example.com/questions/catalog/widgets/question-sets/individual", "uri_prefix": null, "key": "individual", "comment": null, "attribute_entity": 44, "subsection": 3, "order": 0, "label_en": "Catalog / Widgets / Question sets / individual", "label_de": "Katalog / Widgets / Fragensets / individual", "help_en": null, "help_de": null}}, {"model": "questions.questionentity", "pk": 17, "fields": {"created": "2017-01-24T15:54:23.537Z", "updated": "2017-01-27T12:33:27.419Z", "uri": "http://example.com/questions/catalog/widgets/question-sets/collection", "uri_prefix": null, "key": "collection", "comment": null, "attribute_entity": 45, "subsection": 3, "order": 1, "label_en": "Catalog / Widgets / Question sets / collection", "label_de": "Katalog / Widgets / Fragensets / collection", "help_en": null, "help_de": null}}, {"model": "questions.questionentity", "pk": 18, "fields": {"created": "2017-01-24T15:56:13.523Z", "updated": "2017-01-27T12:33:27.334Z", "uri": "http://example.com/questions/catalog/widgets/question-sets/individual/text", "uri_prefix": null, "key": "text", "comment": null, "attribute_entity": 49, "subsection": 3, "order": 0, "label_en": "Catalog / Widgets / Question sets / text", "label_de": "Katalog / Widgets / Fragensets / text", "help_en": null, "help_de": null}}, {"model": "questions.questionentity", "pk": 19, "fields": {"created": "2017-01-24T15:56:34.387Z", "updated": "2017-01-27T12:33:27.508Z", "uri": "http://example.com/questions/catalog/widgets/question-sets/individual/textarea", "uri_prefix": null, "key": "textarea", "comment": null, "attribute_entity": 50, "subsection": 3, "order": 1, "label_en": "Catalog / Widgets / Question sets / textarea", "label_de": "Katalog / Widgets / Fragensets / textarea", "help_en": null, "help_de": null}}, {"model": "questions.questionentity", "pk": 20, "fields": {"created": "2017-01-24T15:59:11.461Z", "updated": "2017-01-27T12:33:27.448Z", "uri": "http://example.com/questions/catalog/widgets/question-sets/collection/text", "uri_prefix": null, "key": "text", "comment": null, "attribute_entity": 47, "subsection": 3, "order": 0, "label_en": "Catalog / Widgets / Question sets / text", "label_de": "Katalog / Widgets / Fragensets / text", "help_en": null, "help_de": null}}, {"model": "questions.questionentity", "pk": 21, "fields": {"created": "2017-01-24T15:59:43.213Z", "updated": "2017-01-27T12:33:27.477Z", "uri": "http://example.com/questions/catalog/widgets/question-sets/collection/textarea", "uri_prefix": null, "key": "textarea", "comment": null, "attribute_entity": 48, "subsection": 3, "order": 1, "label_en": "Catalog / Widgets / Question sets / textarea", "label_de": "Katalog / Widgets / Fragensets / textarea", "help_en": null, "help_de": null}}, {"model": "questions.question", "pk": 1, "fields": {"parent": null, "text_en": "Text?", "text_de": "\ufffcText?", "widget_type": "text"}}, {"model": "questions.question", "pk": 2, "fields": {"parent": null, "text_en": "Textarea?", "text_de": "Textarea?", "widget_type": "textarea"}}, {"model": "questions.question", "pk": 3, "fields": {"parent": null, "text_en": "Yes or no?", "text_de": "Ja oder Nein?", "widget_type": "yesno"}}, {"model": "questions.question", "pk": 4, "fields": {"parent": null, "text_en": "Radio buttons?", "text_de": "Radio-Buttons?", "widget_type": "radio"}}, {"model": "questions.question", "pk": 5, "fields": {"parent": null, "text_en": "Select drop-down?", "text_de": "Select-Aufklappmen\u00fc?", "widget_type": "select"}}, {"model": "questions.question", "pk": 6, "fields": {"parent": null, "text_en": "Range slider?", "text_de": "Bereichs-Schieber?", "widget_type": "range"}}, {"model": "questions.question", "pk": 7, "fields": {"parent": null, "text_en": "Date picker?", "text_de": "Datumsauswahl?", "widget_type": "date"}}, {"model": "questions.question", "pk": 8, "fields": {"parent": null, "text_en": "Text?", "text_de": "\ufffcText?", "widget_type": "text"}}, {"model": "questions.question", "pk": 9, "fields": {"parent": null, "text_en": "Textarea?", "text_de": "Textarea?", "widget_type": "textarea"}}, {"model": "questions.question", "pk": 10, "fields": {"parent": null, "text_en": "Yes or no?", "text_de": "Ja oder Nein?", "widget_type": "yesno"}}, {"model": "questions.question", "pk": 11, "fields": {"parent": null, "text_en": "Radio buttons?", "text_de": "Radio-Buttons?", "widget_type": "radio"}}, {"model": "questions.question", "pk": 12, "fields": {"parent": null, "text_en": "Select drop-down?", "text_de": "Select-Aufklappmen\u00fc?", "widget_type": "select"}}, {"model": "questions.question", "pk": 13, "fields": {"parent": null, "text_en": "Range slider?", "text_de": "Bereichs-Schieber?", "widget_type": "range"}}, {"model": "questions.question", "pk": 14, "fields": {"parent": null, "text_en": "Date picker?", "text_de": "Datumsauswahl?", "widget_type": "date"}}, {"model": "questions.question", "pk": 15, "fields": {"parent": null, "text_en": "Checkbox?", "text_de": "Ankreuzfelder?", "widget_type": "checkbox"}}, {"model": "questions.question", "pk": 18, "fields": {"parent": 16, "text_en": "Text?", "text_de": "Text?", "widget_type": "text"}}, {"model": "questions.question", "pk": 20, "fields": {"parent": 17, "text_en": "Text?", "text_de": "Text?", "widget_type": "text"}}, {"model": "questions.question", "pk": 21, "fields": {"parent": 17, "text_en": "Textarea?", "text_de": "Textarea?", "widget_type": "textarea"}}, {"model": "questions.question", "pk": 19, "fields": {"parent": 16, "text_en": "Textarea?", "text_de": "Textarea?", "widget_type": "textarea"}}]