[{"fields": {"title_de": "DMPwerkzeug", "updated": "2016-04-18T10:19:31.593Z", "title_en": "DMPwerkzeug", "created": "2016-02-19T16:00:53.611Z"}, "model": "questions.catalog", "pk": 1}, {"fields": {"title_de": "Katalog2", "updated": "2016-04-15T14:33:26.343Z", "title_en": "Catalog2", "created": "2016-04-15T14:33:26.343Z"}, "model": "questions.catalog", "pk": 2}, {"fields": {"title_de": "Inhaltliche Einordnung", "updated": "2016-02-19T16:13:38.344Z", "created": "2016-02-19T16:05:03.005Z", "title_en": "Content classification", "catalog": 1, "order": 1}, "model": "questions.section", "pk": 1}, {"fields": {"title_de": "Technische Einordnung", "updated": "2016-02-19T16:13:35.823Z", "created": "2016-02-19T16:04:48.896Z", "title_en": "Technical classification", "catalog": 1, "order": 2}, "model": "questions.section", "pk": 2}, {"fields": {"title_de": "Rechtliche Fragen", "updated": "2016-02-19T16:13:32.546Z", "created": "2016-02-19T16:12:35.447Z", "title_en": "Legal questions", "catalog": 1, "order": 3}, "model": "questions.section", "pk": 3}, {"fields": {"title_de": "Metadaten und Referenzierung", "updated": "2016-02-19T16:13:29.813Z", "created": "2016-02-19T16:13:23.838Z", "title_en": "Metadata and referencing", "catalog": 1, "order": 4}, "model": "questions.section", "pk": 4}, {"fields": {"title_de": "Speicherung und Langzeitarchivierung", "updated": "2016-02-19T16:14:21.874Z", "created": "2016-02-19T16:14:21.874Z", "title_en": "Storage and long-term preservation", "catalog": 1, "order": null}, "model": "questions.section", "pk": 5}, {"fields": {"title_de": "Formalit\u00e4ten", "updated": "2016-04-14T11:40:27.541Z", "created": "2016-04-06T10:39:21.877Z", "title_en": "Formalities", "catalog": 1, "order": 0}, "model": "questions.section", "pk": 6}, {"fields": {"title_de": "Thema", "updated": "2016-02-19T16:14:57.724Z", "created": "2016-02-19T16:14:57.724Z", "section": 1, "title_en": "Topic", "order": 1}, "model": "questions.subsection", "pk": 1}, {"fields": {"title_de": "Nachnutzungspotential und Reproduzierbarkeit", "updated": "2016-02-19T16:15:40.120Z", "created": "2016-02-19T16:15:40.120Z", "section": 1, "title_en": "Potential reuse and Reproducibility", "order": 2}, "model": "questions.subsection", "pk": 2}, {"fields": {"title_de": "Vorhandene bzw. nachgenutzte Daten", "updated": "2016-02-19T16:16:57.916Z", "created": "2016-02-19T16:16:57.916Z", "section": 1, "title_en": "Existing rsp. reused data", "order": 3}, "model": "questions.subsection", "pk": 3}, {"fields": {"title_de": "Datenarten", "updated": "2016-02-19T16:17:50.892Z", "created": "2016-02-19T16:17:50.892Z", "section": 2, "title_en": "Types of data", "order": 1}, "model": "questions.subsection", "pk": 4}, {"fields": {"title_de": "Datennutzung w\u00e4rend des Projektes", "updated": "2016-02-19T16:18:28.646Z", "created": "2016-02-19T16:18:28.646Z", "section": 2, "title_en": "Data usage during the project", "order": 2}, "model": "questions.subsection", "pk": 5}, {"fields": {"title_de": "Recht allgemein", "updated": "2016-02-19T16:19:12.696Z", "created": "2016-02-19T16:19:12.696Z", "section": 3, "title_en": "General legal issues", "order": 1}, "model": "questions.subsection", "pk": 6}, {"fields": {"title_de": "Sensible Daten", "updated": "2016-02-19T16:19:30.242Z", "created": "2016-02-19T16:19:30.242Z", "section": 3, "title_en": "Sensitive data", "order": 2}, "model": "questions.subsection", "pk": 7}, {"fields": {"title_de": "Eigentums und Nutzungsrechte", "updated": "2016-02-19T16:20:58.155Z", "created": "2016-02-19T16:20:43.443Z", "section": 3, "title_en": "Property and copyright issues", "order": 3}, "model": "questions.subsection", "pk": 8}, {"fields": {"title_de": "Metadaten", "updated": "2016-02-19T16:21:18.751Z", "created": "2016-02-19T16:21:18.751Z", "section": 4, "title_en": "Metadata", "order": 1}, "model": "questions.subsection", "pk": 9}, {"fields": {"title_de": "Objektstruktur, Granularit\u00e4t und Referenzierung", "updated": "2016-02-19T16:22:10.028Z", "created": "2016-02-19T16:22:10.028Z", "section": 4, "title_en": "Structure, granularity, and referencing", "order": 2}, "model": "questions.subsection", "pk": 10}, {"fields": {"title_de": "Datenspeicherung und -organisation w\u00e4hrend des Projekts", "updated": "2016-02-19T16:23:02.087Z", "created": "2016-02-19T16:23:02.087Z", "section": 5, "title_en": "Data storage and data management during the project", "order": 1}, "model": "questions.subsection", "pk": 11}, {"fields": {"title_de": "Langzeitarchivierung", "updated": "2016-02-19T16:23:24.638Z", "created": "2016-02-19T16:23:24.638Z", "section": 5, "title_en": "Long-term preservation", "order": 2}, "model": "questions.subsection", "pk": 12}, {"fields": {"title_de": "F\u00f6rderer", "updated": "2016-04-06T10:55:00.719Z", "created": "2016-04-06T10:52:29.523Z", "section": 6, "title_en": "Funder", "order": 2}, "model": "questions.subsection", "pk": 15}, {"fields": {"title_de": "Projektpartner", "updated": "2016-04-19T12:30:17.001Z", "created": "2016-04-06T11:11:26.212Z", "section": 6, "title_en": "Project partners", "order": 3}, "model": "questions.subsection", "pk": 16}, {"fields": {"title_de": "Zeit- und Arbeitsplan", "updated": "2016-04-06T11:14:45.130Z", "created": "2016-04-06T11:14:45.130Z", "section": 6, "title_en": "Time and work schedule", "order": 4}, "model": "questions.subsection", "pk": 17}, {"fields": {"title_de": "Koordination", "updated": "2016-04-06T11:19:00.990Z", "created": "2016-04-06T11:19:00.990Z", "section": 6, "title_en": "Coordination", "order": 5}, "model": "questions.subsection", "pk": 18}, {"fields": {"title_de": "Forschungsgebiet", "updated": "2016-04-14T10:24:57.349Z", "created": "2016-02-19T16:29:10.393Z", "title_en": "Research field", "help_de": "", "subsection": 1, "help_en": "", "order": 1}, "model": "questions.questionentity", "pk": 1}, {"fields": {"title_de": "Forschungsfrage", "updated": "2016-04-14T10:30:50.064Z", "created": "2016-02-19T16:29:44.532Z", "title_en": "Research question", "help_de": "", "subsection": 1, "help_en": "", "order": 1}, "model": "questions.questionentity", "pk": 2}, {"fields": {"title_de": "", "updated": "2016-04-14T10:30:56.510Z", "created": "2016-02-19T16:30:55.466Z", "title_en": "", "help_de": "", "subsection": 1, "help_en": "", "order": 2}, "model": "questions.questionentity", "pk": 3}, {"fields": {"title_de": "Nachnutzung", "updated": "2016-04-14T10:34:51.689Z", "created": "2016-02-19T16:32:45.784Z", "title_en": "Re-use", "help_de": "", "subsection": 2, "help_en": "", "order": 1}, "model": "questions.questionentity", "pk": 4}, {"fields": {"title_de": "Nachnutzbarkeit", "updated": "2016-04-14T10:36:36.699Z", "created": "2016-02-19T16:33:33.874Z", "title_en": "Reproducibility", "help_de": "", "subsection": 2, "help_en": "", "order": 2}, "model": "questions.questionentity", "pk": 5}, {"fields": {"title_de": "Nachnutzung von Datens\u00e4tzen", "updated": "2016-04-14T10:43:25.680Z", "created": "2016-02-19T16:34:54.381Z", "title_en": "Data re-use", "help_de": "", "subsection": 3, "help_en": "", "order": 1}, "model": "questions.questionentity", "pk": 6}, {"fields": {"title_de": "Nachzunutzende Datens\u00e4tze", "updated": "2016-04-14T10:46:21.596Z", "created": "2016-02-19T16:36:34.603Z", "title_en": "Re-used data sets", "help_de": "", "subsection": 3, "help_en": "", "order": 2}, "model": "questions.questionentity", "pk": 7}, {"fields": {"title_de": "", "updated": "2016-04-14T10:55:30.502Z", "created": "2016-02-19T16:37:18.055Z", "title_en": "", "help_de": "", "subsection": 3, "help_en": "", "order": 1}, "model": "questions.questionentity", "pk": 8}, {"fields": {"title_de": "", "updated": "2016-04-08T13:20:48.104Z", "created": "2016-02-19T16:37:34.065Z", "title_en": "", "help_de": null, "subsection": 3, "help_en": null, "order": 2}, "model": "questions.questionentity", "pk": 9}, {"fields": {"title_de": "", "updated": "2016-04-08T13:21:06.658Z", "created": "2016-02-19T16:38:30.147Z", "title_en": "", "help_de": null, "subsection": 3, "help_en": null, "order": 3}, "model": "questions.questionentity", "pk": 10}, {"fields": {"title_de": "", "updated": "2016-04-12T11:20:33.099Z", "created": "2016-04-05T13:20:26.296Z", "title_en": "", "help_de": null, "subsection": 11, "help_en": null, "order": 0}, "model": "questions.questionentity", "pk": 11}, {"fields": {"title_de": "", "updated": "2016-04-08T13:57:44.048Z", "created": "2016-04-05T13:22:33.105Z", "title_en": "", "help_de": null, "subsection": 11, "help_en": null, "order": 1}, "model": "questions.questionentity", "pk": 12}, {"fields": {"title_de": "", "updated": "2016-04-12T11:23:09.536Z", "created": "2016-04-05T13:24:02.779Z", "title_en": "", "help_de": null, "subsection": 11, "help_en": null, "order": 2}, "model": "questions.questionentity", "pk": 13}, {"fields": {"title_de": "", "updated": "2016-04-12T11:24:31.680Z", "created": "2016-04-05T13:25:32.264Z", "title_en": "", "help_de": null, "subsection": 11, "help_en": null, "order": 3}, "model": "questions.questionentity", "pk": 14}, {"fields": {"title_de": "", "updated": "2016-04-12T11:31:33.483Z", "created": "2016-04-05T13:27:38.058Z", "title_en": "", "help_de": null, "subsection": 11, "help_en": null, "order": 4}, "model": "questions.questionentity", "pk": 15}, {"fields": {"title_de": "", "updated": "2016-04-12T11:35:28.199Z", "created": "2016-04-05T13:30:19.827Z", "title_en": "", "help_de": null, "subsection": 11, "help_en": null, "order": 5}, "model": "questions.questionentity", "pk": 16}, {"fields": {"title_de": "", "updated": "2016-04-12T11:38:04.089Z", "created": "2016-04-05T13:38:52Z", "title_en": "", "help_de": null, "subsection": 11, "help_en": null, "order": 6}, "model": "questions.questionentity", "pk": 17}, {"fields": {"title_de": "", "updated": "2016-04-12T11:39:04.925Z", "created": "2016-04-05T13:40:01.020Z", "title_en": "", "help_de": null, "subsection": 11, "help_en": null, "order": 7}, "model": "questions.questionentity", "pk": 18}, {"fields": {"title_de": "", "updated": "2016-04-12T11:40:40.511Z", "created": "2016-04-05T13:41:00.659Z", "title_en": "", "help_de": null, "subsection": 11, "help_en": null, "order": 8}, "model": "questions.questionentity", "pk": 19}, {"fields": {"title_de": "", "updated": "2016-04-08T13:55:12.180Z", "created": "2016-04-05T13:42:42.027Z", "title_en": "", "help_de": null, "subsection": 11, "help_en": null, "order": 9}, "model": "questions.questionentity", "pk": 20}, {"fields": {"title_de": "", "updated": "2016-04-12T11:42:33.560Z", "created": "2016-04-05T13:45:53.231Z", "title_en": "", "help_de": null, "subsection": 11, "help_en": null, "order": 10}, "model": "questions.questionentity", "pk": 21}, {"fields": {"title_de": "", "updated": "2016-04-12T11:50:31.705Z", "created": "2016-04-05T13:48:54.002Z", "title_en": "", "help_de": null, "subsection": 12, "help_en": null, "order": 0}, "model": "questions.questionentity", "pk": 22}, {"fields": {"title_de": "", "updated": "2016-04-12T11:52:11.068Z", "created": "2016-04-05T13:53:25.524Z", "title_en": "", "help_de": null, "subsection": 12, "help_en": null, "order": 1}, "model": "questions.questionentity", "pk": 23}, {"fields": {"title_de": "", "updated": "2016-04-12T11:59:33.866Z", "created": "2016-04-05T13:56:17.777Z", "title_en": "", "help_de": null, "subsection": 12, "help_en": null, "order": 2}, "model": "questions.questionentity", "pk": 24}, {"fields": {"title_de": "", "updated": "2016-04-12T12:00:52.303Z", "created": "2016-04-05T13:57:12.219Z", "title_en": "", "help_de": null, "subsection": 12, "help_en": null, "order": 3}, "model": "questions.questionentity", "pk": 25}, {"fields": {"title_de": "", "updated": "2016-04-12T12:04:32.374Z", "created": "2016-04-05T14:00:13.710Z", "title_en": "", "help_de": null, "subsection": 12, "help_en": null, "order": 4}, "model": "questions.questionentity", "pk": 26}, {"fields": {"title_de": "", "updated": "2016-04-12T12:20:45.919Z", "created": "2016-04-05T14:03:05.728Z", "title_en": "", "help_de": null, "subsection": 12, "help_en": null, "order": 5}, "model": "questions.questionentity", "pk": 27}, {"fields": {"title_de": "", "updated": "2016-04-12T12:23:25.819Z", "created": "2016-04-05T14:06:27.588Z", "title_en": "", "help_de": null, "subsection": 12, "help_en": null, "order": 6}, "model": "questions.questionentity", "pk": 28}, {"fields": {"title_de": "", "updated": "2016-04-12T12:26:23.759Z", "created": "2016-04-05T14:10:30.475Z", "title_en": "", "help_de": null, "subsection": 12, "help_en": null, "order": 7}, "model": "questions.questionentity", "pk": 29}, {"fields": {"title_de": "", "updated": "2016-04-12T12:28:14.937Z", "created": "2016-04-05T14:12:40.225Z", "title_en": "", "help_de": null, "subsection": 12, "help_en": null, "order": 8}, "model": "questions.questionentity", "pk": 30}, {"fields": {"title_de": "", "updated": "2016-04-12T12:30:30.754Z", "created": "2016-04-05T14:13:56.428Z", "title_en": "", "help_de": null, "subsection": 12, "help_en": null, "order": 9}, "model": "questions.questionentity", "pk": 31}, {"fields": {"title_de": "", "updated": "2016-04-12T12:31:27.273Z", "created": "2016-04-05T14:15:13.016Z", "title_en": "", "help_de": null, "subsection": 12, "help_en": null, "order": 10}, "model": "questions.questionentity", "pk": 32}, {"fields": {"title_de": "", "updated": "2016-04-12T12:33:14.561Z", "created": "2016-04-05T14:17:14.351Z", "title_en": "", "help_de": null, "subsection": 12, "help_en": null, "order": 11}, "model": "questions.questionentity", "pk": 33}, {"fields": {"title_de": "", "updated": "2016-04-12T12:34:48.393Z", "created": "2016-04-05T14:24:17.748Z", "title_en": "", "help_de": null, "subsection": 12, "help_en": null, "order": 12}, "model": "questions.questionentity", "pk": 34}, {"fields": {"title_de": "", "updated": "2016-04-12T12:36:57.750Z", "created": "2016-04-05T14:25:49.249Z", "title_en": "", "help_de": null, "subsection": 12, "help_en": null, "order": 13}, "model": "questions.questionentity", "pk": 35}, {"fields": {"title_de": "", "updated": "2016-04-14T11:48:08.716Z", "created": "2016-04-06T10:54:45.632Z", "title_en": "", "help_de": "", "subsection": 15, "help_en": "", "order": 0}, "model": "questions.questionentity", "pk": 41}, {"fields": {"title_de": "", "updated": "2016-04-19T12:29:03.600Z", "created": "2016-04-06T10:58:06.649Z", "title_en": "", "help_de": "", "subsection": 15, "help_en": "", "order": 1}, "model": "questions.questionentity", "pk": 42}, {"fields": {"title_de": "", "updated": "2016-04-14T11:48:43.181Z", "created": "2016-04-06T11:01:33.045Z", "title_en": "", "help_de": "", "subsection": 15, "help_en": "", "order": 2}, "model": "questions.questionentity", "pk": 43}, {"fields": {"title_de": "", "updated": "2016-04-14T11:53:42.607Z", "created": "2016-04-06T11:12:07.195Z", "title_en": "", "help_de": "", "subsection": 16, "help_en": "", "order": 0}, "model": "questions.questionentity", "pk": 44}, {"fields": {"title_de": "", "updated": "2016-04-14T11:54:02.252Z", "created": "2016-04-06T11:12:53.848Z", "title_en": "", "help_de": "", "subsection": 16, "help_en": "", "order": 1}, "model": "questions.questionentity", "pk": 45}, {"fields": {"title_de": "", "updated": "2016-04-14T12:14:42.387Z", "created": "2016-04-06T11:15:28.308Z", "title_en": "", "help_de": "", "subsection": 17, "help_en": "", "order": 0}, "model": "questions.questionentity", "pk": 47}, {"fields": {"title_de": "Projektkoordination", "updated": "2016-04-14T14:06:56.780Z", "created": "2016-04-06T11:19:44.032Z", "title_en": "Project coordination", "help_de": "", "subsection": 18, "help_en": "", "order": 0}, "model": "questions.questionentity", "pk": 49}, {"fields": {"title_de": "Koordination des Datenmanagements", "updated": "2016-04-14T14:07:49.842Z", "created": "2016-04-06T11:21:24.188Z", "title_en": "Data management coordination", "help_de": "", "subsection": 18, "help_en": "", "order": 1}, "model": "questions.questionentity", "pk": 50}, {"fields": {"title_de": "", "updated": "2016-04-11T14:29:39.653Z", "created": "2016-04-06T11:50:01.533Z", "title_en": "", "help_de": null, "subsection": 6, "help_en": null, "order": 0}, "model": "questions.questionentity", "pk": 51}, {"fields": {"title_de": "", "updated": "2016-04-11T14:36:18.275Z", "created": "2016-04-06T11:55:41.230Z", "title_en": "", "help_de": null, "subsection": 6, "help_en": null, "order": 1}, "model": "questions.questionentity", "pk": 52}, {"fields": {"title_de": "", "updated": "2016-04-11T12:50:15.307Z", "created": "2016-04-06T12:11:22.501Z", "title_en": "", "help_de": null, "subsection": 9, "help_en": null, "order": 0}, "model": "questions.questionentity", "pk": 53}, {"fields": {"title_de": "", "updated": "2016-04-11T12:55:54.662Z", "created": "2016-04-06T12:15:13.978Z", "title_en": "", "help_de": null, "subsection": 9, "help_en": null, "order": 1}, "model": "questions.questionentity", "pk": 54}, {"fields": {"title_de": "", "updated": "2016-04-11T13:05:32.763Z", "created": "2016-04-06T12:17:24.156Z", "title_en": "", "help_de": null, "subsection": 9, "help_en": null, "order": 2}, "model": "questions.questionentity", "pk": 55}, {"fields": {"title_de": "", "updated": "2016-04-11T13:12:26.449Z", "created": "2016-04-06T12:19:52.208Z", "title_en": "", "help_de": null, "subsection": 9, "help_en": null, "order": 3}, "model": "questions.questionentity", "pk": 56}, {"fields": {"title_de": "", "updated": "2016-04-11T13:14:30.677Z", "created": "2016-04-06T12:21:05.589Z", "title_en": "", "help_de": null, "subsection": 9, "help_en": null, "order": 4}, "model": "questions.questionentity", "pk": 57}, {"fields": {"title_de": "", "updated": "2016-04-11T13:21:04.486Z", "created": "2016-04-06T12:22:26.692Z", "title_en": "", "help_de": null, "subsection": 9, "help_en": null, "order": 5}, "model": "questions.questionentity", "pk": 58}, {"fields": {"title_de": "", "updated": "2016-04-11T13:33:39.589Z", "created": "2016-04-06T12:23:55.847Z", "title_en": "", "help_de": null, "subsection": 10, "help_en": null, "order": 0}, "model": "questions.questionentity", "pk": 59}, {"fields": {"title_de": "", "updated": "2016-04-11T13:35:05.819Z", "created": "2016-04-06T12:29:47.320Z", "title_en": "", "help_de": null, "subsection": 10, "help_en": null, "order": 1}, "model": "questions.questionentity", "pk": 60}, {"fields": {"title_de": "", "updated": "2016-04-11T13:39:14.042Z", "created": "2016-04-06T12:30:58.535Z", "title_en": "", "help_de": null, "subsection": 10, "help_en": null, "order": 2}, "model": "questions.questionentity", "pk": 61}, {"fields": {"title_de": "", "updated": "2016-04-11T13:41:04.341Z", "created": "2016-04-06T12:39:31.758Z", "title_en": "", "help_de": null, "subsection": 10, "help_en": null, "order": 3}, "model": "questions.questionentity", "pk": 62}, {"fields": {"title_de": "", "updated": "2016-04-11T13:52:10.266Z", "created": "2016-04-06T12:41:53.572Z", "title_en": "", "help_de": null, "subsection": 10, "help_en": null, "order": 4}, "model": "questions.questionentity", "pk": 63}, {"fields": {"title_de": "", "updated": "2016-04-12T09:40:15.749Z", "created": "2016-04-06T12:49:41.676Z", "title_en": "", "help_de": null, "subsection": 7, "help_en": null, "order": 0}, "model": "questions.questionentity", "pk": 64}, {"fields": {"title_de": "", "updated": "2016-04-12T09:56:15.084Z", "created": "2016-04-06T12:56:18.381Z", "title_en": "", "help_de": null, "subsection": 7, "help_en": null, "order": 1}, "model": "questions.questionentity", "pk": 65}, {"fields": {"title_de": "", "updated": "2016-04-12T10:00:54.953Z", "created": "2016-04-06T13:00:35.462Z", "title_en": "", "help_de": null, "subsection": 7, "help_en": null, "order": 2}, "model": "questions.questionentity", "pk": 66}, {"fields": {"title_de": "", "updated": "2016-04-12T10:08:08.543Z", "created": "2016-04-06T13:02:18.262Z", "title_en": "", "help_de": null, "subsection": 7, "help_en": null, "order": 3}, "model": "questions.questionentity", "pk": 67}, {"fields": {"title_de": "", "updated": "2016-04-12T10:13:48.409Z", "created": "2016-04-06T13:05:21.141Z", "title_en": "", "help_de": null, "subsection": 7, "help_en": null, "order": 4}, "model": "questions.questionentity", "pk": 68}, {"fields": {"title_de": "", "updated": "2016-04-12T10:17:20.846Z", "created": "2016-04-06T13:08:01.980Z", "title_en": "", "help_de": null, "subsection": 7, "help_en": null, "order": 5}, "model": "questions.questionentity", "pk": 69}, {"fields": {"title_de": "", "updated": "2016-04-12T10:21:50.471Z", "created": "2016-04-06T13:09:14.899Z", "title_en": "", "help_de": null, "subsection": 7, "help_en": null, "order": 6}, "model": "questions.questionentity", "pk": 70}, {"fields": {"title_de": "", "updated": "2016-04-12T10:24:09.461Z", "created": "2016-04-06T13:10:42.032Z", "title_en": "", "help_de": null, "subsection": 7, "help_en": null, "order": 7}, "model": "questions.questionentity", "pk": 71}, {"fields": {"title_de": "", "updated": "2016-04-12T10:39:05.919Z", "created": "2016-04-06T13:25:55.451Z", "title_en": "", "help_de": null, "subsection": 8, "help_en": null, "order": 0}, "model": "questions.questionentity", "pk": 72}, {"fields": {"title_de": "", "updated": "2016-04-12T10:36:53.586Z", "created": "2016-04-06T13:29:19.795Z", "title_en": "", "help_de": null, "subsection": 8, "help_en": null, "order": 1}, "model": "questions.questionentity", "pk": 73}, {"fields": {"title_de": "", "updated": "2016-04-12T10:47:40.244Z", "created": "2016-04-06T13:58:36.439Z", "title_en": "", "help_de": null, "subsection": 8, "help_en": null, "order": 2}, "model": "questions.questionentity", "pk": 74}, {"fields": {"title_de": "", "updated": "2016-04-12T10:45:23.944Z", "created": "2016-04-06T14:03:27.573Z", "title_en": "", "help_de": null, "subsection": 8, "help_en": null, "order": 3}, "model": "questions.questionentity", "pk": 75}, {"fields": {"title_de": "", "updated": "2016-04-12T10:34:46.094Z", "created": "2016-04-06T14:11:16.529Z", "title_en": "", "help_de": null, "subsection": 8, "help_en": null, "order": 4}, "model": "questions.questionentity", "pk": 76}, {"fields": {"title_de": "", "updated": "2016-04-12T11:07:16.260Z", "created": "2016-04-06T14:12:38.666Z", "title_en": "", "help_de": null, "subsection": 8, "help_en": null, "order": 5}, "model": "questions.questionentity", "pk": 77}, {"fields": {"title_de": "", "updated": "2016-04-12T11:09:06.634Z", "created": "2016-04-06T14:14:00.203Z", "title_en": "", "help_de": null, "subsection": 8, "help_en": null, "order": 6}, "model": "questions.questionentity", "pk": 78}, {"fields": {"title_de": "", "updated": "2016-04-12T11:13:21.906Z", "created": "2016-04-06T14:16:51.069Z", "title_en": "", "help_de": null, "subsection": 8, "help_en": null, "order": 7}, "model": "questions.questionentity", "pk": 79}, {"fields": {"title_de": "", "updated": "2016-04-14T15:56:33.448Z", "created": "2016-04-06T14:18:46.630Z", "title_en": "", "help_de": "", "subsection": 5, "help_en": "", "order": 0}, "model": "questions.questionentity", "pk": 80}, {"fields": {"title_de": "", "updated": "2016-04-14T15:56:11.590Z", "created": "2016-04-06T14:20:44.101Z", "title_en": "", "help_de": "", "subsection": 5, "help_en": "", "order": 1}, "model": "questions.questionentity", "pk": 81}, {"fields": {"title_de": "", "updated": "2016-04-14T15:55:56.951Z", "created": "2016-04-06T14:22:03.918Z", "title_en": "", "help_de": "", "subsection": 5, "help_en": "", "order": 2}, "model": "questions.questionentity", "pk": 82}, {"fields": {"title_de": "", "updated": "2016-04-14T15:56:39.449Z", "created": "2016-04-06T14:23:20.276Z", "title_en": "", "help_de": "", "subsection": 5, "help_en": "", "order": 3}, "model": "questions.questionentity", "pk": 83}, {"fields": {"title_de": "", "updated": "2016-04-14T15:55:19.059Z", "created": "2016-04-06T14:24:45.679Z", "title_en": "", "help_de": "", "subsection": 5, "help_en": "", "order": 4}, "model": "questions.questionentity", "pk": 84}, {"fields": {"title_de": "", "updated": "2016-04-14T15:55:32.299Z", "created": "2016-04-06T14:26:21.164Z", "title_en": "", "help_de": "", "subsection": 5, "help_en": "", "order": 5}, "model": "questions.questionentity", "pk": 85}, {"fields": {"title_de": "", "updated": "2016-04-14T15:49:41.915Z", "created": "2016-04-08T09:28:15.137Z", "title_en": "", "help_de": "", "subsection": 4, "help_en": "", "order": 1}, "model": "questions.questionentity", "pk": 87}, {"fields": {"title_de": "", "updated": "2016-04-14T14:55:39.273Z", "created": "2016-04-08T09:31:21.365Z", "title_en": "", "help_de": "", "subsection": 4, "help_en": "", "order": 2}, "model": "questions.questionentity", "pk": 88}, {"fields": {"title_de": "", "updated": "2016-04-14T14:55:56.981Z", "created": "2016-04-08T09:32:23.647Z", "title_en": "", "help_de": "", "subsection": 4, "help_en": "", "order": 3}, "model": "questions.questionentity", "pk": 89}, {"fields": {"title_de": "", "updated": "2016-04-14T15:41:12.589Z", "created": "2016-04-08T09:34:42.624Z", "title_en": "", "help_de": "", "subsection": 4, "help_en": "", "order": 4}, "model": "questions.questionentity", "pk": 90}, {"fields": {"title_de": "", "updated": "2016-04-14T15:50:10.173Z", "created": "2016-04-08T09:36:10.094Z", "title_en": "", "help_de": "", "subsection": 4, "help_en": "", "order": 5}, "model": "questions.questionentity", "pk": 91}, {"fields": {"title_de": "", "updated": "2016-04-19T13:53:30.647Z", "created": "2016-04-08T09:38:32.771Z", "title_en": "", "help_de": "", "subsection": 4, "help_en": "", "order": 6}, "model": "questions.questionentity", "pk": 92}, {"fields": {"title_de": "", "updated": "2016-04-14T15:40:24.743Z", "created": "2016-04-08T09:41:11.914Z", "title_en": "", "help_de": "", "subsection": 4, "help_en": "", "order": 7}, "model": "questions.questionentity", "pk": 93}, {"fields": {"title_de": "Datenintegration", "updated": "2016-04-14T14:54:59.920Z", "created": "2016-04-08T09:43:02.879Z", "title_en": "Data integration", "help_de": "", "subsection": 4, "help_en": "", "order": 8}, "model": "questions.questionentity", "pk": 94}, {"fields": {"title_de": "", "updated": "2016-04-14T15:43:00.290Z", "created": "2016-04-08T09:49:38.029Z", "title_en": "", "help_de": "", "subsection": 4, "help_en": "", "order": 10}, "model": "questions.questionentity", "pk": 96}, {"fields": {"title_de": "Forschungsfrage", "updated": "2016-04-14T10:29:42.495Z", "created": "2016-04-14T10:29:42.495Z", "title_en": "Research question", "help_de": null, "subsection": 1, "help_en": null, "order": 2}, "model": "questions.questionentity", "pk": 98}, {"fields": {"title_de": "Datens\u00e4tze", "updated": "2016-04-14T15:08:34.961Z", "created": "2016-04-14T10:51:55.627Z", "title_en": "Data sets", "help_de": "Welche Datenarten werden genutzt (z.B. Beobachtungsdaten, Simulationsdaten, quantitative Umfragedaten...)? Falls es sich um verschiedene Arten von Daten handelt, durchlaufen Sie die folgenden Schritte bitte jeweils erst f\u00fcr eine Datenart, bevor Sie die n\u00e4chste beschreiben.", "subsection": 4, "help_en": "Which types of data are being used (e.g. observation data, simulation data, quantitative survey data ...)? If it comes to different types of data, please go through each steps for only one type of data before describing the next.", "order": 0}, "model": "questions.questionentity", "pk": 99}, {"fields": {"title_de": "F\u00f6rderung", "updated": "2016-04-14T11:50:37.732Z", "created": "2016-04-14T11:47:45.600Z", "title_en": "Funding", "help_de": "", "subsection": 15, "help_en": "", "order": 0}, "model": "questions.questionentity", "pk": 100}, {"fields": {"title_de": "Porjektpartner", "updated": "2016-04-14T11:53:32.274Z", "created": "2016-04-14T11:53:32.274Z", "title_en": "Project partners", "help_de": "", "subsection": 16, "help_en": "", "order": 0}, "model": "questions.questionentity", "pk": 101}, {"fields": {"title_de": "Datenmanagementaufgaben", "updated": "2016-04-14T12:05:06.115Z", "created": "2016-04-14T12:05:06.115Z", "title_en": "Data management tasks", "help_de": "Ergeben sich aus dem Arbeitsplan spezifische Datenmanagementaufgaben? Wenn ja, geben Sie bitte den entsprechenden Termin / Zeitrahmen an.", "subsection": 17, "help_en": "Do specific data management tasks result from the work plan? If yes, please provide the appropriate date / time frame.", "order": 1}, "model": "questions.questionentity", "pk": 102}, {"fields": {"title_de": "Projektablauf", "updated": "2016-04-14T12:12:38.911Z", "created": "2016-04-14T12:08:26.115Z", "title_en": "Project schedule", "help_de": "", "subsection": 17, "help_en": "", "order": 0}, "model": "questions.questionentity", "pk": 103}, {"fields": {"title_de": "", "updated": "2016-04-14T12:14:10.670Z", "created": "2016-04-14T12:14:10.670Z", "title_en": "", "help_de": null, "subsection": 17, "help_en": null, "order": 2}, "model": "questions.questionentity", "pk": 104}, {"fields": {"title_de": "", "updated": "2016-04-14T13:50:05.992Z", "created": "2016-04-14T13:47:21.338Z", "title_en": "", "help_de": "", "subsection": 17, "help_en": "", "order": 1}, "model": "questions.questionentity", "pk": 105}, {"fields": {"title_de": "", "updated": "2016-04-14T13:50:22.174Z", "created": "2016-04-14T13:48:10.408Z", "title_en": "", "help_de": "", "subsection": 17, "help_en": "", "order": 1}, "model": "questions.questionentity", "pk": 106}, {"fields": {"title_de": "", "updated": "2016-04-14T13:50:33.496Z", "created": "2016-04-14T13:48:48.647Z", "title_en": "", "help_de": "", "subsection": 17, "help_en": "", "order": 2}, "model": "questions.questionentity", "pk": 107}, {"fields": {"title_de": "", "updated": "2016-04-14T14:15:02.075Z", "created": "2016-04-14T14:13:31.975Z", "title_en": "", "help_de": "", "subsection": 4, "help_en": "", "order": 0}, "model": "questions.questionentity", "pk": 108}, {"fields": {"title_de": "Werkzeuge", "updated": "2016-04-14T16:06:50.862Z", "created": "2016-04-14T14:54:09.223Z", "title_en": "Tools", "help_de": "", "subsection": 4, "help_en": "", "order": 1}, "model": "questions.questionentity", "pk": 109}, {"fields": {"title_de": "", "updated": "2016-04-14T15:33:42.089Z", "created": "2016-04-14T15:33:04.759Z", "title_en": "", "help_de": "", "subsection": 4, "help_en": "", "order": 2}, "model": "questions.questionentity", "pk": 111}, {"fields": {"title_de": "Qualit\u00e4tssicherung", "updated": "2016-04-14T16:09:56.553Z", "created": "2016-04-14T15:39:49.542Z", "title_en": "Quality assurance", "help_de": "", "subsection": 4, "help_en": "", "order": 5}, "model": "questions.questionentity", "pk": 112}, {"fields": {"title_de": "Formate", "updated": "2016-04-14T16:10:01.129Z", "created": "2016-04-14T15:40:54.695Z", "title_en": "Formats", "help_de": "", "subsection": 4, "help_en": "", "order": 6}, "model": "questions.questionentity", "pk": 113}, {"fields": {"title_de": "Kosten", "updated": "2016-04-14T16:10:05.638Z", "created": "2016-04-14T15:42:30.948Z", "title_en": "Costs", "help_de": "", "subsection": 4, "help_en": "", "order": 7}, "model": "questions.questionentity", "pk": 114}, {"fields": {"title_de": "Datennutzung", "updated": "2016-04-14T16:25:00.910Z", "created": "2016-04-14T15:52:31.650Z", "title_en": "Data use", "help_de": "", "subsection": 5, "help_en": "", "order": 1}, "model": "questions.questionentity", "pk": 115}, {"fields": {"title_de": "Datensuche", "updated": "2016-04-14T16:25:06.064Z", "created": "2016-04-14T15:53:56.252Z", "title_en": "Data search and discovery", "help_de": "", "subsection": 5, "help_en": "", "order": 2}, "model": "questions.questionentity", "pk": 116}, {"fields": {"title_de": "Dateninfrastruktur", "updated": "2016-04-14T16:25:10.749Z", "created": "2016-04-14T15:54:57.870Z", "title_en": "Data infrastructure", "help_de": "", "subsection": 5, "help_en": "", "order": 3}, "model": "questions.questionentity", "pk": 117}, {"fields": {"title_de": "Menge", "updated": "2016-04-19T13:33:41.299Z", "created": "2016-04-19T13:33:41.299Z", "title_en": "Quantity", "help_de": null, "subsection": 4, "help_en": null, "order": 2}, "model": "questions.questionentity", "pk": 118}, {"fields": {"title_de": null, "updated": "2016-04-19T13:56:08.789Z", "created": "2016-04-19T13:55:56.235Z", "title_en": null, "help_de": null, "subsection": 4, "help_en": null, "order": 2}, "model": "questions.questionentity", "pk": 119}, {"fields": {"attributeset": 103}, "model": "questions.questionset", "pk": 101}, {"fields": {"attributeset": 102}, "model": "questions.questionset", "pk": 100}, {"fields": {"attributeset": 106}, "model": "questions.questionset", "pk": 103}, {"fields": {"attributeset": 99}, "model": "questions.questionset", "pk": 99}, {"fields": {"attributeset": 99}, "model": "questions.questionset", "pk": 115}, {"fields": {"attributeset": 104}, "model": "questions.questionset", "pk": 102}, {"fields": {"attributeset": 99}, "model": "questions.questionset", "pk": 109}, {"fields": {"attributeset": 99}, "model": "questions.questionset", "pk": 118}, {"fields": {"attributeset": 23}, "model": "questions.questionset", "pk": 7}, {"fields": {"attributeset": 99}, "model": "questions.questionset", "pk": 116}, {"fields": {"attributeset": 100}, "model": "questions.questionset", "pk": 98}, {"fields": {"attributeset": 99}, "model": "questions.questionset", "pk": 117}, {"fields": {"attributeset": 99}, "model": "questions.questionset", "pk": 112}, {"fields": {"attributeset": 99}, "model": "questions.questionset", "pk": 113}, {"fields": {"attributeset": 99}, "model": "questions.questionset", "pk": 114}, {"fields": {"widget_type": "yesno", "attribute": 60, "text_de": "Werden personenbezogene Daten genutzt?", "text_en": "Is personal data being used?", "questionset": null}, "model": "questions.question", "pk": 64}, {"fields": {"widget_type": "text", "attribute": 14, "text_de": "Welche Personen oder Institutionen sind verantwortlich f\u00fcr die Projektkoordination?", "text_en": "Which persons or institutions are responsible for the project coordination?", "questionset": null}, "model": "questions.question", "pk": 49}, {"fields": {"widget_type": "text", "attribute": 12, "text_de": "Wann beginnt die Projektlaufzeit?", "text_en": "When does the project start?", "questionset": 103}, "model": "questions.question", "pk": 47}, {"fields": {"widget_type": "list", "attribute": 53, "text_de": "Wie sind die Daten strukturiert?", "text_en": "How is the data structured?", "questionset": null}, "model": "questions.question", "pk": 59}, {"fields": {"widget_type": "list", "attribute": 85, "text_de": "Wann, durch wen und anhand welcher Kriterien / Regeln erfolgt die Auswahl der zu archivierenden Daten?", "text_en": "When, by whom and based on what criteria / rules does the selection of the archival data occur?", "questionset": null}, "model": "questions.question", "pk": 22}, {"fields": {"widget_type": "text", "attribute": 101, "text_de": "Was ist der Bezeichner des Datensatzes?", "text_en": "What is the data sets identifier?", "questionset": 99}, "model": "questions.question", "pk": 108}, {"fields": {"widget_type": "textarea", "attribute": 76, "text_de": "Welche Daten sollen w\u00e4hrend des Projekts gespeichert werden? ", "text_en": "Which data should be stored during the project?", "questionset": null}, "model": "questions.question", "pk": 11}, {"fields": {"widget_type": "yesno", "attribute": 70, "text_de": "Werden fremde Daten oder Software genutzt, die durch geistige Eigentumsrechte, z.B. Urheberrecht und verwandte Schutzrechte (Recht des Herstellers eines Tontr\u00e4gers, des Sendeunternehmers, des Lichtbildners, des Verfassers sichtender wissenschaftlicher Ausgaben, des Datenbankherstellers) oder gewerbliche Schutzrechte (z.B. Patente, Gebrauchsmuster, Sortenschutz, [Pflanzenz\u00fcchtungen], Halbleiterschutz, Marken, geogr. Herkunftsangaben, eingetragen Designs, gesch\u00e4ftliche Bezeichnungen) gesch\u00fctzt sind?", "text_en": "Is third-party data or software being used which is protected by intellectual property rights, for example, copyright and related rights (right of the maker of a sound recording, the transmission operator, the photographer, the author of scientific issues, the database vendor) or industrial property rights (e.g. patents, utility models, plant variety protection, [plant varieties], semiconductor protection, trademarks, geographical indications, registered designs, business names)?", "questionset": null}, "model": "questions.question", "pk": 72}, {"fields": {"widget_type": "textarea", "attribute": 58, "text_de": "Muss die rechtliche Situation verschiedener L\u00e4nder ber\u00fccksichtigt werden? Wenn ja, welcher?", "text_en": "Does the legal situation of different countries must be taken into account? If so, which countries?", "questionset": null}, "model": "questions.question", "pk": 51}, {"fields": {"widget_type": "checkbox", "attribute": 41, "text_de": "Wozu / wie werden die Daten w\u00e4hrend des Projektes genutzt?\r\n[Liste mit Mehrfachauswahl: \r\n- Pr\u00e4sentation / Illustration; \r\n- Auswertung, Analyse / Informationsgewinn; \r\n- Weiterverarbeitung; \r\n- Ausf\u00fchrung eines Objekts; \r\n- Produkt / Endergebnis]", "text_en": "How / for what purpose will the data be used? \r\n(choose from list, several options possible:\r\n- illustration / presentation; \r\n- analysis / information gain; \r\n- processing; \r\n- execution / performance of an object; \r\n- product / end result; \r\n- notebook / documentation)", "questionset": 115}, "model": "questions.question", "pk": 80}, {"fields": {"widget_type": "checkbox", "attribute": 47, "text_de": "Welche Informationen sind f\u00fcr Au\u00dfenstehende notwendig, um die Daten zu verstehen (d.h. ihre Erhebung bzw. Entstehung, Analyse sowie die auf ihrer Basis gewonnenen Forschungsergebnisse nachvollziehen) und nachnutzen zu k\u00f6nnen? \r\n[- Content; \r\n- Methodology; \r\n- Place and time; \r\n- Creation process; \r\n- Technology; \r\n- Sources; \r\n- Agents; \r\n- Identifier; \r\n- Other...] ", "text_en": "What information is necessary for outsiders to understand the data (that is, to understand their collection or creation, analysis, and research results obtained on its basis) and to reuse it?\r\n[- Content; \r\n- Methodology; \r\n- Place and time; \r\n- Creation process; \r\n- Technology; \r\n- Sources; \r\n- Agents; \r\n- Identifier; \r\n- Other...] ", "questionset": null}, "model": "questions.question", "pk": 53}, {"fields": {"widget_type": "text", "attribute": 9, "text_de": "Projektpartner", "text_en": "Project partner", "questionset": 101}, "model": "questions.question", "pk": 44}, {"fields": {"widget_type": "text", "attribute": 6, "text_de": "Wer f\u00f6rdert das Projekt?", "text_en": "Who is funding the project?", "questionset": 100}, "model": "questions.question", "pk": 41}, {"fields": {"widget_type": "text", "attribute": 16, "text_de": "Welcher Disziplin / welchen Disziplinen ist das Projekt zuzuordnen?", "text_en": "Which field(s) does this project belong to?", "questionset": null}, "model": "questions.question", "pk": 1}, {"fields": {"widget_type": "textarea", "attribute": 19, "text_de": "F\u00fcr welche Personen, Gruppen oder Institutionen k\u00f6nnten die erzeugten Daten (f\u00fcr die Nachnutzung) von Interesse sein? F\u00fcr welche Szenarien ist dies denkbar?", "text_en": "Which individuals, groups or institutions could be interested in re-using the the data created in the project? What are possible scenarios?", "questionset": null}, "model": "questions.question", "pk": 4}, {"fields": {"widget_type": "textarea", "attribute": 69, "text_de": "Wer ist der / die RechteinhaberIn? Welche Nutzungsrechte werden einger\u00e4umt bzw. wurden / werden eingeholt?", "text_en": "Who owns the rights? Which usage rights are / have been granted or will be taken?", "questionset": null}, "model": "questions.question", "pk": 73}, {"fields": {"widget_type": "checkbox", "attribute": 59, "text_de": "Welches Gesetz ist bez\u00fcglich der Fragen des Datenschutzes f\u00fcr das Projekt ma\u00dfgeblich?\r\n[Antwortoptionen: \r\n- Bundesdatenschutzgesetz \r\n- Landesdatenschutzgesetz Land 1 \r\n[...]\r\n- Landesdatenschutzgesetz Land 16 \r\n- Sozialgesetzbuch X (z.B. f\u00fcr medizinische Daten) \r\n- Bundesstatistikgesetz (z.B. f\u00fcr Zensusdaten)", "text_en": "Which law is relevant for the project with respect to the aspects of data protection?\r\n[answer options:\r\n- Federal Data Protection Act\r\n- State Data Protection Act Country 1\r\n[...]\r\n- State Data Protection Act Country 16\r\n- Social Act Book X (for example, medical data)\r\n- Federal Statistics Act (for example, for census data)", "questionset": null}, "model": "questions.question", "pk": 52}, {"fields": {"widget_type": "radio", "attribute": 48, "text_de": "Welche Standards, Ontologien, Klassifikationen etc. werden zur Beschreibung der Daten und Kontextinformation genutzt? \r\n[- Es werden folgende Standards, Klassifikationen etc. genutzt: (disziplinspezifische Auswahl); \r\n- es wird ein eigenes Beschreibungssystem genutzt (bitte ausf\u00fchren oder auf entsprechende Dokumentation verweisen);\r\n- es wird kein festgelegtes System zur Beschreibung genutzt\r\n- es wurde noch nicht entschieden, mit welchem System die Metadaten und Kontextinformationen beschrieben werden \r\n- Sonstiges]", "text_en": "What standards, ontologies, classifications etc. are used for describing the data and context information?\r\n[- The following standards, classifications etc. are used: (discipline-specific selection);\r\n- It is used an own description system (please specify or refer to the corresponding documentation);\r\n- No fixed system for the description is used\r\n- It has not yet been decided, with which system the metadata and contextual information will be described\r\n- Other]", "questionset": null}, "model": "questions.question", "pk": 54}, {"fields": {"widget_type": "yesno", "attribute": 61, "text_de": "Enthalten diese Daten \"Angaben \u00fcber die rassische und ethnische Herkunft, politische Meinungen, religi\u00f6se oder philosophische \u00dcberzeugungen, Gewerkschaftszugeh\u00f6rigkeit, Gesundheit oder Sexualleben\" (BDSG \u00a73, Abs.9)?", "text_en": "Does this information include \"information on racial and ethnic origin, political opinions, religious or philosophical beliefs, trade union membership, health or sex life\" (Federal Data Protection Act \u00a73, subpara. 9)?", "questionset": null}, "model": "questions.question", "pk": 65}, {"fields": {"widget_type": "text", "attribute": 31, "text_de": "Wo werden die Daten w\u00e4hrend des Projekts gespeichert?", "text_en": "Where is the data stored during the project?", "questionset": null}, "model": "questions.question", "pk": 12}, {"fields": {"widget_type": "list", "attribute": 54, "text_de": "Welche (Sub-)Entit\u00e4ten / Untereinheiten sollen referenziert / zitiert werden (z.B. Interviews, Fotos, Videos, Publikationen, Seiten, Zeilen, Datens\u00e4tze etc.)?", "text_en": "Which (sub-) entities / subunits are going to be referenced / cited (for example, interviews, photos, videos, publications, pages, lines, records etc.)?", "questionset": null}, "model": "questions.question", "pk": 60}, {"fields": {"widget_type": "text", "attribute": 107, "text_de": "Wann ist die Aufgabe durchzuf\u00fchren?", "text_en": "When is the task due?", "questionset": 102}, "model": "questions.question", "pk": 106}, {"fields": {"widget_type": "text", "attribute": 109, "text_de": "Was ist der Bezeichner/Name der Aufgabe?", "text_en": "What is the identifier/name of the task?", "questionset": 102}, "model": "questions.question", "pk": 105}, {"fields": {"widget_type": "text", "attribute": 7, "text_de": "In welchem F\u00f6rderprogramm wird das Projekt gef\u00f6rdert?", "text_en": "In which funding program is the project?", "questionset": 100}, "model": "questions.question", "pk": 42}, {"fields": {"widget_type": "text", "attribute": 42, "text_de": "Welche technische Oberfl\u00e4che / welches Werkzeug soll f\u00fcr die Suche nach und den Zugriff auf die Daten genutzt werden?", "text_en": "Which interface / tool should be used for the search and access of the data?", "questionset": 116}, "model": "questions.question", "pk": 81}, {"fields": {"widget_type": "yesno", "attribute": 15, "text_de": "Ist Abstimmung bzw. des Datenmanagements mit dem koordinierenden Partner oder mit anderen Projektpartnern notwendig?", "text_en": "Is coordination respectively data management with the coordinating partner or with other project partners necessary?", "questionset": null}, "model": "questions.question", "pk": 50}, {"fields": {"widget_type": "textarea", "attribute": 86, "text_de": "Welche Daten m\u00fcssen langfristig aufbewahrt werden? (Wenn es sich um verschiedene Arten von Daten bzw. Datens\u00e4tze handelt, durchlaufen Sie die folgenden Fragen bitte zun\u00e4chst jeweils f\u00fcr eine/n). ", "text_en": "Which data needs to be stored long-term? (When it comes to different types of data or records, please go through the following questions first for each record).", "questionset": null}, "model": "questions.question", "pk": 23}, {"fields": {"widget_type": "textarea", "attribute": 10, "text_de": "Datenmanagementanforderungen des Projektpartners", "text_en": "Data management requirements of the project partner", "questionset": 101}, "model": "questions.question", "pk": 45}, {"fields": {"widget_type": "yesno", "attribute": 33, "text_de": "Wird der Datensatz selbst erzeugt oder nachgenutzt?", "text_en": "Is the record being generated or re-used?", "questionset": 99}, "model": "questions.question", "pk": 87}, {"fields": {"widget_type": "text", "attribute": 24, "text_de": "Was ist der Bezeichner des Datensatzes?", "text_en": "What is the data sets identifier?", "questionset": 7}, "model": "questions.question", "pk": 8}, {"fields": {"widget_type": "yesno", "attribute": 21, "text_de": "K\u00f6nnen bereits existierende Daten (im Besitz der eigenen Institution oder von Dritten) genutzt werden?", "text_en": "Can existing data (either owned by your institution or from a third party) be re-used for the project?", "questionset": null}, "model": "questions.question", "pk": 6}, {"fields": {"widget_type": "textarea", "attribute": 17, "text_de": "Wie lautet die prim\u00e4re Forschungsfrage des Projektes?", "text_en": "What is the main research question of the project?", "questionset": 98}, "model": "questions.question", "pk": 2}, {"fields": {"widget_type": "text", "attribute": 122, "text_de": "Wie hoch ist die erwartete Erzeugungsrate der Daten?", "text_en": "What is the expected rate of data production?", "questionset": 118}, "model": "questions.question", "pk": 119}, {"fields": {"widget_type": "textarea", "attribute": 77, "text_de": "Wie und wie oft werden Backups der Daten erstellt?", "text_en": "How and how often will backups of the data be created?", "questionset": null}, "model": "questions.question", "pk": 13}, {"fields": {"widget_type": "checkbox", "attribute": 87, "text_de": "Aus welchen Gr\u00fcnden m\u00fcssen die Daten langfristig aufbewahrt werden?\r\n[(Mehrfachantworten m\u00f6glich)\r\n- Grundlage einer Publikation / Nachweis guter wissenschaftlicher Praxis \r\n- Nachnutzung in Folgeprojekten oder durch andere \r\n- Auflagen oder Selbstverpflichtung (bitte spezifizieren) [ggf. noch trennen zwischen gesetzlichen Auflagen und anderen?]\r\n- Dokumentation aufgrund gesellschaftlicher Relevanz \r\n- andere (bitte spezifizieren)]", "text_en": "Why does the data need to be stored long-term?\r\n[(Multiple answers possible)\r\n- Based on a publication / proof of good scientific practice\r\n- Re-use in subsequent projects or by other persons\r\n- Restrictions or commitment (please specify) [possibly to distinguish between legal requirements and others?]\r\n- Documentation because of social relevance\r\n- Other (please specify)]", "questionset": null}, "model": "questions.question", "pk": 24}, {"fields": {"widget_type": "textarea", "attribute": 49, "text_de": "Welche Informationen werden automatisch, semi-automatisch, manuell erhoben? \r\n[- Folgende Informationen werden automatisch erhoben: ... \r\n- Folgende Informationen werden semi-automatisch (bitte ausf\u00fchren...)  erhoben: ... \r\n- Folgende Informationen werden manuell erhoben: ... ]", "text_en": "What information is collected automatically, semi-automatically, manually?\r\n[- The following information is collected automatically: ...\r\n- The following information is collected semi-automatically (please specify ...): ...\r\n- The following information is collected manually: ...]", "questionset": null}, "model": "questions.question", "pk": 55}, {"fields": {"widget_type": "checkbox", "attribute": 55, "text_de": "Welche persistenten Identifikatoren sollen genutzt werden? \r\n[-DOI, \r\n- Handle, \r\n- URN, \r\n- ARK, \r\n- PURL\r\n- andere: ...] ", "text_en": "Which persistent identifiers should be used?\r\n[-DOI, \r\n- Handle, \r\n- URN, \r\n- ARK, \r\n- PURL\r\n- Other: ...] ", "questionset": null}, "model": "questions.question", "pk": 61}, {"fields": {"widget_type": "yesno", "attribute": 62, "text_de": "Sind unter den personenbezogenen Daten solche, die im Projekt erhoben werden? ", "text_en": "Does the personal data contain data, which is collected in the project?", "questionset": null}, "model": "questions.question", "pk": 66}, {"fields": {"widget_type": "multiselect", "attribute": 72, "text_de": "Bestehen auf die Daten oder Software, die im Projekt erhoben bzw. produziert werden, geistige Eigentumsrechte oder verwandte Schutzrechte/Leistungsschutzrechte oder gewerbliche Schutzrechte? (bei mehreren betreffenden Datentypen oder Datens\u00e4tzen bitte die folgenden Fragen jeweils zun\u00e4chst f\u00fcr einen durchlaufen) \r\n[Urheberrecht & verwandte Schutzrechte: \r\n- ja, Urheberrecht, RechteinhaberIn: ...;\r\n- ja, Recht des Herstellers eines Tontr\u00e4gers, RechteinhaberIn: ...; \r\n- ja, Recht des Sendeunternehmers, RechtinhaberIn: ...;\r\n- ja, Recht des Lichtbildners; RechteinhaberIn: ...;  \r\n- ja, Recht des Verfassers sichtender wissenschaftlicher Ausgaben, RechteinhaberIn: ...; \r\n- ja, Recht des Datenbankherstellers, Rechteinhaberin: ...; \r\n- ja, andere: ..., RechteinhaberIn: ...; \r\n\r\ngewerbliche Schutzrechte: \r\n- Patente, InhaberIn: ...; \r\n- Erg\u00e4nzende Schutzzertifikate, InhaberIn: ...; \r\n- Gebrauchsmuster, InhaberIn...; \r\n- Sortenschutz (Pflanzenz\u00fcchtungen), InhaberIn: ...,\r\n- Halbleiterschutz bzw. Schutz von Topografien, InhaberIn: ...,\r\n- Markenrecht, InhaberIn: ...,\r\n- geografische Herkunftsangaben, InhaberIn: ...,  \r\n- eingetragene Designs (Designs und Modelle), InhaberIn: ..., \r\n- gesch\u00e4ftliche Bezeichungen (Unternehmenskennzeichen und Werktitel), InhaberIn: ...\r\n- andere: ..., InhaberIn: ...\r\n\r\n- nein, keine]", "text_en": "Does the data or software that is collected or produced during the project contain intellectual property rights or related rights / neighboring rights or intellectual property rights? (in case of several relevant data types or records, please answer the following questions for the first one each and then for the others)\r\n[copyright & related rights:\r\n- Yes, copyright, rights owner: ...;\r\n- Yes, right of the maker of a phonogram, rights owner: ...;\r\n- Yes, right of broadcasting entrepreneur, rights owner: ...;\r\n- Yes, right of the light generator; rights owner: ...;\r\n- Yes, right of the author of scientific issues, rights owner: ...;\r\n- Yes, right of the database provider, rights owner: ...;\r\n- Yes, others ..., rights owner: ...;\r\n\r\nIntellectual Property Rights:\r\n- Patents, Proprietor: ...;\r\n- Supplementary Protection Certificates, owner: ...;\r\n- Utility model, Proprietor ...;\r\n- Plant Variety Protection (Plant Varieties), owner: ...\r\n- Semiconductor protection or protection of topographies, owner: ...\r\n- Trademark, Proprietor: ...,\r\n- Geographical indications, owner: ...\r\n- Registered Designs (designs and models), owner: ...\r\n- Business designations (company names and work titles), owner: ...\r\n- Other: ... Owner: ...\r\n\r\n- no, None]", "questionset": null}, "model": "questions.question", "pk": 74}, {"fields": {"widget_type": "text", "attribute": 18, "text_de": "Bitte geben sie einige Schlagw\u00f6rter zur Forschungsfrage an.", "text_en": "Please give some keywords describing the research question.", "questionset": 98}, "model": "questions.question", "pk": 3}, {"fields": {"widget_type": "radio", "attribute": 20, "text_de": "Sind die Daten reproduzierbar?\r\n\r\n", "text_en": "Are the data sets reproducable?\r\n", "questionset": null}, "model": "questions.question", "pk": 5}, {"fields": {"widget_type": "textarea", "attribute": 28, "text_de": "Welche Instrumente, Software, Technologien oder Verfahren werden zur Erzeugung der Daten genutzt?", "text_en": "Which tools, software, technologies or processes are used to generate the data?", "questionset": 109}, "model": "questions.question", "pk": 88}, {"fields": {"widget_type": "checkbox", "attribute": 43, "text_de": "Nach welchen Kriterien soll nach den Daten gesucht werden (z.B. Schlagworte, Person, Ort, Kapitel...)?", "text_en": "Which criteria should be used for searching the data? \r\n(e.g. keywords, place, person, chapter)", "questionset": 116}, "model": "questions.question", "pk": 82}, {"fields": {"widget_type": "textarea", "attribute": 8, "text_de": "Welche Anforderungen stellt der F\u00f6rderer an das Datenmanagement?", "text_en": "What are the requirements of the funder regarding the data management?", "questionset": 100}, "model": "questions.question", "pk": 43}, {"fields": {"widget_type": "text", "attribute": 105, "text_de": "Wann endet die Projektlaufzeit?", "text_en": "When does the project end?", "questionset": 103}, "model": "questions.question", "pk": 104}, {"fields": {"widget_type": "textarea", "attribute": 108, "text_de": "Was ist zu tun?", "text_en": "What is the task about?", "questionset": 102}, "model": "questions.question", "pk": 107}, {"fields": {"widget_type": "textarea", "attribute": 115, "text_de": "Bitte beschreiben Sie den Datensatz.", "text_en": "Please describe the data set.", "questionset": 99}, "model": "questions.question", "pk": 111}, {"fields": {"widget_type": "textarea", "attribute": 25, "text_de": "Wer ist der/die ErzeugerIn der nachzunutzenden Daten? ", "text_en": "Who created the data set?", "questionset": 7}, "model": "questions.question", "pk": 9}, {"fields": {"widget_type": "text", "attribute": 56, "text_de": "Frage nach der Verantwortlichkeit f\u00fcr die Pflege der PIDs oder zumindest der Objektpflege (d.h. wer ist verantwortlich daf\u00fcr, den PID-Service Objektumzug und die neue Adresse mitzuteilen)?", "text_en": "Question for the responsibility for the maintenance of the PIDs or at least the object maintenance (ie who is responsible for communicating the PID-Service object relocation and the new address)?", "questionset": null}, "model": "questions.question", "pk": 62}, {"fields": {"widget_type": "textarea", "attribute": 29, "text_de": "Welche Software, Verfahren oder Technologien sind notwendig, um die Daten zu nutzen?", "text_en": "Which software, processes or technologies are needed to use the data?", "questionset": 109}, "model": "questions.question", "pk": 89}, {"fields": {"widget_type": "radio", "attribute": 63, "text_de": "Werden die Daten anonymisiert oder pseudonymisiert? Wenn ja, wann? \r\n(- Nein; \r\n- Ja, w\u00e4hrend der Erhebung; \r\n- Ja, vor / zu Beginn der Datenanalyse; \r\n- Ja, nach der Datenanalyse / vor der Publikation) ", "text_en": "Will the data be anonymised or pseudonymised? If so, when?\r\n(- No;\r\n- Yes, during the collection;\r\n- Yes, before / at the beginning of the data analysis;\r\n- Yes, after the data analysis / before publication)", "questionset": null}, "model": "questions.question", "pk": 67}, {"fields": {"widget_type": "text", "attribute": 44, "text_de": "Wie h\u00e4ufig werden die Daten genutzt werden?", "text_en": "How often will the data be used?", "questionset": 115}, "model": "questions.question", "pk": 83}, {"fields": {"widget_type": "radio", "attribute": 71, "text_de": "Sollen Daten oder Software ver\u00f6ffentlicht oder geteilt werden (bei mehreren betreffenden Datentypen oder Datens\u00e4tzen bitte die folgenden Fragen jeweils zun\u00e4chst f\u00fcr einen durchlaufen)? \r\n[- Ja, intern in begrenztem Kreis mit individueller Freigabe;\r\n- Ja, intern mit allen, solange sie die Daten nicht ver\u00f6ffentlichen oder nach au\u00dfen weitergeben; \r\n- Ja, extern in begrenztem mit individueller Freigabe;\r\n- Ja, extern f\u00fcr alle;\r\n- Nein, weil ... (Begr\u00fcndung)]", "text_en": "Is data or software published or shared (in case of multiple relevant data types or records please answer the following questions each for an initial run through)?\r\n[- Yes, internally in a limited circle with individual sharing;\r\n- Yes, internally sharing with all, as long as they do not publish the data or pass it on to the outside;\r\n- Yes, externally limited with individual sharing;\r\n- Yes, externally for everyone;\r\n- No, because ... (reason)]", "questionset": null}, "model": "questions.question", "pk": 75}, {"fields": {"widget_type": "textarea", "attribute": 26, "text_de": "Was ist das Thema der nachzunutzenden Daten / wie lautet die urspr\u00fcngliche Forschungsfrage?", "text_en": "What is the topic of the re-used data set / what was the original research question?", "questionset": 7}, "model": "questions.question", "pk": 10}, {"fields": {"widget_type": "checkbox", "attribute": 50, "text_de": "Werden Metadaten und Kontextinformation auf Korrektheit und Vollst\u00e4ndigkeit gepr\u00fcft? Wann?\r\n[- automatische Pr\u00fcfung auf Vollst\u00e4ndigkeit; \r\n- manuelle Pr\u00fcfung auf Vollst\u00e4ndigkeit; \r\n- manuelle Pr\u00fcfung auf Korrektheit; \r\n- Sonstiges (bitte ausf\u00fchren)]", "text_en": "Are metadata and context information being checked for correctness and completeness? When?\r\n[- Automatic check for completeness;\r\n- Manual check for completeness;\r\n- Manual check for correctness;\r\n- Other (please specify)]", "questionset": null}, "model": "questions.question", "pk": 56}, {"fields": {"widget_type": "text", "attribute": 78, "text_de": "Wer ist verantwortlich f\u00fcr die Speicherung der Daten w\u00e4hrend des Projekts und die Erstellung der Backups?", "text_en": "Who is responsible for storing the data during the project and the creation of backups?", "questionset": null}, "model": "questions.question", "pk": 14}, {"fields": {"widget_type": "text", "attribute": 88, "text_de": "Wie lange m\u00fcssen die Daten aufbewahrt werden?", "text_en": "How long will the data be kept?", "questionset": null}, "model": "questions.question", "pk": 25}, {"fields": {"widget_type": "textarea", "attribute": 34, "text_de": "In welchen Formaten liegen die Daten vor?", "text_en": "In which formats does the data exist?", "questionset": 113}, "model": "questions.question", "pk": 90}, {"fields": {"widget_type": "text", "attribute": 45, "text_de": "In welchem Umfang werden Infrastrukturressourcen ben\u00f6tigt (CPU-Stunden, Bandbreite etc.)?", "text_en": "Indicate or estimate the intensity of data use of the infrastructure resources (e.g. CPU hours, bandwidth... etc.).", "questionset": 117}, "model": "questions.question", "pk": 84}, {"fields": {"widget_type": "radio", "attribute": 64, "text_de": "Wird die \"informierte Einwilligung\" der Betroffenen eingeholt? \r\n(- Ja, zur Analyse/Nutzung der Daten im Rahmen des Projektes, hier dokumentiert ... [bitte spezifizieren: Form, Datum, Ablageort] ...;  \r\n- Ja, zur Analyse/Nutzung der Daten im Rahmen des Projektes sowie zur Nachnutzung, hier dokumentiert ... [bitte spezifizieren: Form, Datum, Ablageort] ...?", "text_en": "Is the \"informed consent\" of the affected persons being taken?\r\n(- Yes, for analysis / use of the data within the project, documented here: ... [please specify: type, date, location] ...;\r\n- Yes, for analysis / use of the data within the project as well as for re-use, documented here: ... [please specify: type, date, location] ...?", "questionset": null}, "model": "questions.question", "pk": 68}, {"fields": {"widget_type": "radio", "attribute": 89, "text_de": "Was geschieht nach Ablauf der Aufbewahrungsdauer? \r\n[-L\u00f6schen \r\n- Wiedervorlage (erneute Evaluation Archivf\u00e4higkeit und Archivw\u00fcrdigkeit, wenn beides positiv, weiter aufheben)\r\n- Sonstiges: ... (bitte spezifizieren)]", "text_en": "What happens after the retention period expires?\r\n[-Delete\r\n- Resubmission (repeated evaluation of archive capability and archival value, if both are positive, further storage)\r\n- Other: ... (please specify)]", "questionset": null}, "model": "questions.question", "pk": 26}, {"fields": {"widget_type": "radio", "attribute": 68, "text_de": "Unter welcher Lizenz bzw. unter welchen Nutzungsbedingungen sollen die Daten oder Software ver\u00f6ffentlicht bzw. geteilt werden? \r\n[- Namensnennung; \r\n- Namensnennung, keine Bearbeitung; \r\n- Namensnennung, nicht kommerziell; \r\n- Namensnennung, nicht kommerziell, keine Bearbeitung; \r\n- Namensnennung, Weitergabe unter gleichen Bedingungen; \r\n- Namensnennung, nicht kommerziell, Weitergabe unter gleichen Bedingungen]", "text_en": "Under which license or conditions of use will the data or software be published or shared?\r\n[- Name;\r\n- Name, no processing;\r\n- Name, non-commercial;\r\n- Name, non-commercial, no processing;\r\n- Name, share alike conditions;\r\n- Name, non-commercial, share alike conditions]", "questionset": null}, "model": "questions.question", "pk": 76}, {"fields": {"widget_type": "checkbox", "attribute": 57, "text_de": "Welche Kosten entstehen im Zusammenhang mit der Vergabe von persistenten Identifikatoren? \r\n[- keine; \r\n- ... Personenmonate (ggf. spezifizieren, wof\u00fcr); \r\n- ... Euro (ggf. spezifizieren)]", "text_en": "What are the costs associated with the allocation of persistent identifiers?\r\n[- None;\r\n-  ... man-months (specify what for, if neccessary);\r\n- ... Euro (specify, if necessary)]", "questionset": null}, "model": "questions.question", "pk": 63}, {"fields": {"widget_type": "text", "attribute": 51, "text_de": "Wer ist verantwortlich f\u00fcr die Dokumentation und Pr\u00fcfung der Metadaten und Kontextinformationen? \r\n[- Verantwortliche/r f\u00fcr Dokumentation: ...\r\n- Verantwortliche/r f\u00fcr \u00dcberpr\u00fcfung: ...]", "text_en": "Who is responsible for the documentation and testing of metadata and contextual information?\r\n[- Responsible for documentation: ...\r\n- Responsible for verification: ...]", "questionset": null}, "model": "questions.question", "pk": 57}, {"fields": {"widget_type": "textarea", "attribute": 79, "text_de": "Gibt es eine projektinterne Richtlinie zur Benennung der Daten? Wenn ja, wo sind diese festgehalten?", "text_en": "Is there a project internal guideline for naming the data? If so, where they are noted?", "questionset": null}, "model": "questions.question", "pk": 15}, {"fields": {"widget_type": "textarea", "attribute": 65, "text_de": "Gibt es Daten, die aus anderen Gr\u00fcnden als dem Datenschutz sensibel sind (z.B. weil sie Betriebs- oder Gesch\u00e4ftsgeheimnisse, Ortsangaben zu bedrohten Tier- oder Pflanzenarten u.a.m. enthalten)? (Wenn ja, bitte spezifizieren)", "text_en": "Is there any data that is sensitive for reasons other than for data protection (e.g., because they contain trade or business secrets, local information on endangered animal or plant species)? (If yes, please specify)", "questionset": null}, "model": "questions.question", "pk": 69}, {"fields": {"widget_type": "textarea", "attribute": 80, "text_de": "Gibt es projektinterne Richtlinien zur einheitlichen Organisation der Daten? Wenn ja, wo sind diese festgehalten?", "text_en": "Are there internal project guidelines for a unified organization of the data? If so, where they are noted?", "questionset": null}, "model": "questions.question", "pk": 16}, {"fields": {"widget_type": "select", "attribute": 90, "text_de": "Wo werden die Daten nach Projektende gespeichert bzw. archiviert? \r\n(- eigene Institution \r\n- disziplinspezifisches Datenzentrum [wenn ja, welches?] \r\n- generisches Datenzentrum [wenn ja, welches?] \r\n- anderswo [bitte spezifizieren]\r\n- wurde noch nicht entschieden) ", "text_en": "Where is the data stored or archived after the project has ended?\r\n(- Own institution\r\n- Discipline specific data center [if so, which one?]\r\n- Generic data center [if yes, which?]\r\n- Elsewhere [please specify]\r\n- Has not yet been decided)", "questionset": null}, "model": "questions.question", "pk": 27}, {"fields": {"widget_type": "checkbox", "attribute": 46, "text_de": "Welche Kosten fallen f\u00fcr die Nutzung der Infrastrukturressourcen an? \r\n[- keine; \r\n- Kosten f\u00fcr Bandbreite: ... Euro; \r\n- Kosten f\u00fcr CPU-Stunden: ... Euro; \r\n- Kosten f\u00fcr ...: ... Euro]", "text_en": "What are the costs for the use of infrastructure resources?\r\n[- None;\r\n- Bandwidth costs: ... Euro;\r\n- Cost of CPU hours: ... Euro;\r\n- Costs for ...: ... EUR]", "questionset": 117}, "model": "questions.question", "pk": 85}, {"fields": {"widget_type": "text", "attribute": 52, "text_de": "Mit welchem Aufwand ist insgesamt f\u00fcr die Erstellung von Metadaten und Kontextinformation zu rechnen? \r\n[- ... Personenmonate]", "text_en": "How much effort can be expected as a whole for the creation of metadata and contextual information?\r\n[- ... Man-months]", "questionset": null}, "model": "questions.question", "pk": 58}, {"fields": {"widget_type": "yesno", "attribute": 35, "text_de": "Werden verschiedene Versionen des Datensatzes erzeugt?", "text_en": "Are different versions of the data record being generated?", "questionset": 99}, "model": "questions.question", "pk": 91}, {"fields": {"widget_type": "yesno", "attribute": 73, "text_de": "Wurden alle erforderlichen Zustimmungen von Beteiligten (z.B. ...) eingeholt?", "text_en": "Were all necessary consents of the involved parties (e.g., ...) taken?", "questionset": null}, "model": "questions.question", "pk": 77}, {"fields": {"widget_type": "text", "attribute": 36, "text_de": "Wie gro\u00df ist die erwartete Gr\u00f6\u00dfe des Datensatzes?", "text_en": "How is the expected size of the data set?", "questionset": 118}, "model": "questions.question", "pk": 92}, {"fields": {"widget_type": "checkbox", "attribute": 81, "text_de": "Werden die Daten kollaborativ genutzt / bearbeitet?\r\n\r\n[- ja, von mehreren Personen derselben Arbeitsgruppe an derselben Institution; \r\n- ja, von mehreren Personen an verschiedenen Institutionen; \r\n- nein]", "text_en": "Will the data be collaboratively used / edited?\r\n\r\n[- Yes, by multiple persons of the same workgroup at the same institution; \r\n- Yes, by several persons at various institutions; \r\n- No]", "questionset": null}, "model": "questions.question", "pk": 17}, {"fields": {"widget_type": "yesno", "attribute": 74, "text_de": "Werden im Projekt weitere Datens\u00e4tze / Datenarten oder Software erzeugt?", "text_en": "Is the project generating more records / data types or software?", "questionset": null}, "model": "questions.question", "pk": 78}, {"fields": {"widget_type": "list", "attribute": 91, "text_de": "Sind die Rechte und Pflichten beider Seiten (Datengeber und Datenzentrum / Repositorium o.\u00e4.) gekl\u00e4rt? \r\n[hier Liste mit den wichtigsten Aufgaben, wo jeweils zugeordnet werden soll , welche Seite die Verantwortung hat?]\r\nWerden diese in einer \u00dcbernahmevereinbarung dokumentiert?", "text_en": "Are the rights and obligations of both sides (data transmitter and data center / repository, etc.) clarified?\r\n\r\nAre these documented in an acquisition agreement?", "questionset": null}, "model": "questions.question", "pk": 28}, {"fields": {"widget_type": "textarea", "attribute": 66, "text_de": "Welche Ma\u00dfnahmen zur Gew\u00e4hrleisung der Datensicherheit werden getroffen (Schutz vor unbefugtem Zugriff, ungeplanter \u00c4nderung oder Verlust u.\u00e4.)?", "text_en": "What measures are taken to ensure data security (protection against unauthorized access, unplanned modification or loss etc.)?", "questionset": null}, "model": "questions.question", "pk": 70}, {"fields": {"widget_type": "textarea", "attribute": 67, "text_de": "Welche Aufw\u00e4nde / Kosten entstehen f\u00fcr den angemessenen Umgang mit sensiblen Daten? \r\n[- F\u00fcr Anonymisierung / Pseudonymisierung: ... Personenmonate; \r\n- F\u00fcr technische Sicherheitsma\u00dfnahmen: ... Personenmonate; ... Euro]", "text_en": "What expenses / charges are made for the appropriate handling of sensitive data?\r\n[- For anonymization / pseudonymization: ... man-months;\r\n- Technical security measures ... man-months; ... Euro]", "questionset": null}, "model": "questions.question", "pk": 71}, {"fields": {"widget_type": "checkbox", "attribute": 75, "text_de": "Welche Kosten fallen im Zusammenhang mit Eigentums- und Nutzungsrechten sowie Lizenen an? \r\n[- Geb\u00fchren f\u00fcr die Nutzung fremder Daten: ... Euro; \r\n- Einholung rechtlicher Expertise: ... Euro;\r\n- andere (z.B. Anmeldung eines Patentes): ... Euro; ... Personenmonate;\r\n- keine]", "text_en": "What are the costs associated with ownership and rights of use and licenses?\r\n[- Fees for the use of external data: ... Euro;\r\n- Obtaining legal expertise: ... Euro;\r\n- Other (for example, a patent application): ... Euro; ... man-months;\r\n- None]", "questionset": null}, "model": "questions.question", "pk": 79}, {"fields": {"widget_type": "textarea", "attribute": 37, "text_de": "Welche Ma\u00dfnahmen zur inhaltlichen und technischen Qualit\u00e4tsicherung werden ergriffen?", "text_en": "What measures are taken for content and technical quality?", "questionset": 112}, "model": "questions.question", "pk": 93}, {"fields": {"widget_type": "checkbox", "attribute": 92, "text_de": "Welche Anforderungen stellt die datenaufnehmende Institution an die Daten bzw. die Datengeber? \r\n(z.B. Vorgaben/Empfehlungen bez\u00fcglich Formaten, Metadaten / Kontextinformation, Lizenzen etc.)?  \r\n[- Formatvorgaben / Empfehlungen: [... bitte ausf\u00fchren...] \r\n- Metadaten & Kontextinformationen: [... bitte ausf\u00fchren...]\r\n- Nutzungsrechte / Lizenzen: [... bitte ausf\u00fchren ...]", "text_en": "What demands does the receiving institution make to the data or the data donor?\r\n(For example, guidelines / recommendations regarding formats, metadata / context information, licenses etc.)?\r\n[- Format guidelines / recommendations: [... please specify ...]\r\n- Metadata & contextual information: [... please specify ...]\r\n- Rights of use / licenses: [... please specify ...]", "questionset": null}, "model": "questions.question", "pk": 29}, {"fields": {"widget_type": "textarea", "attribute": 82, "text_de": "Welche Plattform, welche Werkzeuge werden zum kollaborativen Arbeiten an Daten und Publikationen genutzt?", "text_en": "Which platform, which tools are used for collaborative work on data and publications?", "questionset": null}, "model": "questions.question", "pk": 18}, {"fields": {"widget_type": "textarea", "attribute": 83, "text_de": "Wie ist das kollaborative Arbeiten an denselben Dateien geregelt?", "text_en": "How is the collaborative work on the same files organized?", "questionset": null}, "model": "questions.question", "pk": 19}, {"fields": {"widget_type": "textarea", "attribute": 38, "text_de": "Wie wird die Integration zwischen nachgenutzen und erzeugten Daten gew\u00e4hrleistet? ", "text_en": "How is the integration guaranteed between re-used and generated data?", "questionset": null}, "model": "questions.question", "pk": 94}, {"fields": {"widget_type": "textarea", "attribute": 93, "text_de": "Wie wird diesen Anforderungen in der Planung des Datenmanagements Rechnung getragen? \r\n\r\n[oder das irgendwie mit den Fragen, die es betrifft, verkn\u00fcpfen, so dass die hier gegebenen Antworten dann da voreingetragen sind oder zumindest ein Hinweis aufploppt o.\u00e4.\r\noder: in der Frage davor (4.03h) nach jedem angegebenen Item gleich fragen, ob das erf\u00fcllt / so geplant ist und die, bei denen \"nein\" angeben wird als to-dos merken]?", "text_en": "How are these requirements taken into account in the planning of the data management?", "questionset": null}, "model": "questions.question", "pk": 30}, {"fields": {"widget_type": "yesno", "attribute": 94, "text_de": "Wird der Ingest (detailliert, d.h. inklusive aller wichtiger Arbeitsschritte) protokolliert?", "text_en": "Does the ingest (in detail, that is, including all important steps) get logged?", "questionset": null}, "model": "questions.question", "pk": 31}, {"fields": {"widget_type": "textarea", "attribute": 30, "text_de": "Welche Versionierungsstrategie wird im Projekt angewandt?", "text_en": "What versioning strategy is applied in the project?", "questionset": null}, "model": "questions.question", "pk": 20}, {"fields": {"widget_type": "yesno", "attribute": 95, "text_de": "Ist ein Vorgehen zur Fehlerbehandlung definiert?", "text_en": "Is a procedure defined for error handling?", "questionset": null}, "model": "questions.question", "pk": 32}, {"fields": {"widget_type": "text", "attribute": 84, "text_de": "Welche Kosten fallen f\u00fcr die Speicherung der Daten w\u00e4hrend des Projekts an?\r\n\r\n[- Kosten f\u00fcr Hardware: ... Euro, \r\n- Personalkosten (Durchf\u00fchrung Backups, ggf. Hardwarewartung etc.): ... Personenmonate]", "text_en": "What are the costs for the data storage during the project?\r\n\r\n[- Hardware costs: ... Euro, \r\n- Personnel costs (implementation of backups, possibly hardware maintenance etc.): ... Persons months]", "questionset": null}, "model": "questions.question", "pk": 21}, {"fields": {"widget_type": "checkbox", "attribute": 40, "text_de": "Welche Kosten entstehen bei der Erhebung / Akquise der Daten? \r\n", "text_en": "What costs are involved in the collection / acquisition of data?\r\n", "questionset": 114}, "model": "questions.question", "pk": 96}, {"fields": {"widget_type": "radio", "attribute": 96, "text_de": "Sollen die Daten erst nach Ablauf einer Sperrfrist zug\u00e4nglich gemacht werden? \r\n[- Nein, die Daten sollen unmittelbar nach Projektende bzw. nach der \u00dcberf\u00fchrung ins Repositorium / Datenzentrum zug\u00e4nglich sein; \r\n- Ja, nach einer Sperrfrist von ... Monaten]", "text_en": "Should the data be made available only after a waiting period?\r\n[- No, the data should be accessible directly after the project or after the conversion into the repository / data center;\r\n- Yes, after a waiting period of ... months]", "questionset": null}, "model": "questions.question", "pk": 33}, {"fields": {"widget_type": "multiselect", "attribute": 97, "text_de": "Welche Aufw\u00e4nde und Kosten fallen im Zusammenhang mit der Archivierung der Daten an? \r\n[- Zusammenstellung (ggf. Erg\u00e4nzung) der erforderlichen Metadaten: ... Personenmonate; \r\n- Aufbereitung der Daten f\u00fcr die \u00dcberf\u00fchrung: ... Personenmonate;\r\n- Pr\u00fcfung der Daten (nach \u00dcberf\u00fchrung): ... Personenmonate; \r\n- Weitere... (Liste sp\u00e4ter ggf. noch erg\u00e4nzen)]", "text_en": "What expenses and costs can ocurre with the archiving of the data?\r\n[- Compilation (if necessary supplement) the necessary metadata: ... Persons months;\r\n- Preparation of data for transfer: ... Persons months;\r\n- Examination of the data (after conversion): ... Persons months;\r\n- More ...", "questionset": null}, "model": "questions.question", "pk": 34}, {"fields": {"widget_type": "yesno", "attribute": 98, "text_de": "Sollen weitere Daten langfristig archiviert werden?", "text_en": "Is additonal data to be archived in the long term?", "questionset": null}, "model": "questions.question", "pk": 35}, {"fields": {"text_de": "ja, mit geringem Aufwand", "question": 5, "text_en": "yes, with little effort", "key": "1"}, "model": "questions.option", "pk": 2}, {"fields": {"text_de": "ja, mit m\u00e4\u00dfigem, aber vertretbarem Auswand", "question": 5, "text_en": "yes, with moderate, but reasonable effort", "key": "2"}, "model": "questions.option", "pk": 3}, {"fields": {"text_de": "ja, aber nur mit unverh\u00e4ltnism\u00e4\u00dfig gro\u00dfem Aufwand", "question": 5, "text_en": "yes, but only with disproportionate cost or effort", "key": "3"}, "model": "questions.option", "pk": 4}, {"fields": {"text_de": "nein, die Daten sind per se nicht reproduzierbar", "question": 5, "text_en": "no, the data is not reproducible per se", "key": "4"}, "model": "questions.option", "pk": 5}, {"fields": {"text_de": "Lizenz-/Nutzungsgeb\u00fchren f\u00fcr nachgenutzte Daten", "question": 96, "text_en": "Licensing / usage fees for re-used data", "key": "1"}, "model": "questions.option", "pk": 6}, {"fields": {"text_de": "Lizenzgeb\u00fchren f\u00fcr Software zur Erhebung und Nutzung der Daten", "question": 96, "text_en": " License fees for software for the collection and use of data", "key": "2"}, "model": "questions.option", "pk": 7}, {"fields": {"text_de": "Kosten f\u00fcr technische Ger\u00e4te / Instrumente zur Erhebung der Daten", "question": 96, "text_en": "Costs for technical equipment / instruments to collect data", "key": "3"}, "model": "questions.option", "pk": 8}, {"fields": {"text_de": "Personalaufwand in Personenmonaten (oder besser Stunden?)", "question": 96, "text_en": "Personnel expenses in man-months (or hours?)", "key": "3"}, "model": "questions.option", "pk": 9}, {"fields": {"text_de": "andere", "question": 96, "text_en": "Other", "key": "4"}, "model": "questions.option", "pk": 10}]