[{"model": "questions.catalog", "pk": 1, "fields": {"created": "2016-08-11T11:50:29.296Z", "updated": "2016-09-20T14:27:12.593Z", "order": 1, "title_en": "Conditions", "title_de": "Bedingungen"}}, {"model": "questions.catalog", "pk": 2, "fields": {"created": "2016-08-12T11:20:12.215Z", "updated": "2016-09-20T14:27:21.006Z", "order": 2, "title_en": "Views", "title_de": "Ansichten"}}, {"model": "questions.catalog", "pk": 3, "fields": {"created": "2016-09-08T13:51:11.927Z", "updated": "2016-09-08T13:51:11.927Z", "order": 0, "title_en": "Widgets", "title_de": "Widgets"}}, {"model": "questions.section", "pk": 1, "fields": {"created": "2016-08-11T11:50:50.531Z", "updated": "2016-09-20T14:27:12.622Z", "catalog": 1, "order": 0, "title_en": "Test", "title_de": "Test", "label_de": "Bedingungen / Test", "label_en": "Conditions / Test"}}, {"model": "questions.section", "pk": 2, "fields": {"created": "2016-08-12T11:20:23.236Z", "updated": "2016-09-20T14:27:21.036Z", "catalog": 2, "order": 0, "title_en": "Lorem ipsum", "title_de": "Lorem ipsum", "label_de": "Ansichten / Lorem ipsum", "label_en": "Views / Lorem ipsum"}}, {"model": "questions.section", "pk": 3, "fields": {"created": "2016-09-08T13:51:23.383Z", "updated": "2016-09-08T14:59:55.697Z", "catalog": 3, "order": 1, "title_en": "Single", "title_de": "Single", "label_de": "Widgets / Single", "label_en": "Widgets / Single"}}, {"model": "questions.section", "pk": 4, "fields": {"created": "2016-09-08T14:59:16.288Z", "updated": "2016-09-08T14:59:49.384Z", "catalog": 3, "order": 2, "title_en": "Collection", "title_de": "Sammlung", "label_de": "Widgets / Sammlung", "label_en": "Widgets / Collection"}}, {"model": "questions.section", "pk": 5, "fields": {"created": "2016-09-20T10:35:46.808Z", "updated": "2016-09-20T10:35:46.827Z", "catalog": 3, "order": 3, "title_en": "Set", "title_de": "Set", "label_de": "Widgets / Set", "label_en": "Widgets / Set"}}, {"model": "questions.subsection", "pk": 1, "fields": {"created": "2016-08-11T11:51:22.390Z", "updated": "2016-09-20T14:27:12.657Z", "section": 1, "order": 0, "title_en": "Contains", "title_de": "Enth\u00e4lt", "label_de": "Bedingungen / Test / Enth\u00e4lt", "label_en": "Conditions / Test / Contains"}}, {"model": "questions.subsection", "pk": 2, "fields": {"created": "2016-08-12T11:20:38.215Z", "updated": "2016-09-20T14:27:21.069Z", "section": 2, "order": 0, "title_en": "Lorem ipsum dolor sit amet", "title_de": "Lorem ipsum dolor sit amet", "label_de": "Ansichten / Lorem ipsum / Lorem ipsum dolor sit amet", "label_en": "Views / Lorem ipsum / Lorem ipsum dolor sit amet"}}, {"model": "questions.subsection", "pk": 3, "fields": {"created": "2016-09-08T13:51:44.147Z", "updated": "2016-09-08T14:59:55.727Z", "section": 3, "order": 0, "title_en": "Date", "title_de": "Datum", "label_de": "Widgets / Single / Datum", "label_en": "Widgets / Single / Date"}}, {"model": "questions.subsection", "pk": 4, "fields": {"created": "2016-09-08T14:59:27.116Z", "updated": "2016-09-08T14:59:49.415Z", "section": 4, "order": 0, "title_en": "Date", "title_de": "Datum", "label_de": "Widgets / Sammlung / Datum", "label_en": "Widgets / Collection / Date"}}, {"model": "questions.subsection", "pk": 5, "fields": {"created": "2016-09-20T10:35:59.705Z", "updated": "2016-09-20T10:37:52.927Z", "section": 5, "order": 1, "title_en": "Collection", "title_de": "Sammlung", "label_de": "Widgets / Set / Sammlung", "label_en": "Widgets / Set / Collection"}}, {"model": "questions.subsection", "pk": 6, "fields": {"created": "2016-09-21T12:36:04.562Z", "updated": "2016-09-21T12:36:07.773Z", "section": 1, "order": 2, "title_en": "Empty", "title_de": "Empty", "label_de": "Bedingungen / Test / Empty", "label_en": "Conditions / Test / Empty"}}, {"model": "questions.questionentity", "pk": 1, "fields": {"created": "2016-08-11T11:52:17.007Z", "updated": "2016-09-20T14:27:12.716Z", "attribute_entity": 16, "subsection": 1, "order": 0, "label_de": "Bedingungen / Test / Enth\u00e4lt / source", "label_en": "Conditions / Test / Contains / source", "help_en": "Lorem ipsum dolor sit amet, consetetur sadipscing elitr?", "help_de": "Lorem ipsum dolor sit amet, consetetur sadipscing elitr?"}}, {"model": "questions.questionentity", "pk": 2, "fields": {"created": "2016-08-11T11:53:03.471Z", "updated": "2016-09-20T14:27:12.747Z", "attribute_entity": 25, "subsection": 1, "order": 1, "label_de": "Bedingungen / Test / Enth\u00e4lt / attribute", "label_en": "Conditions / Test / Contains / attribute", "help_en": "Lorem ipsum dolor sit amet, consetetur sadipscing elitr, sed diam nonumy eirmod tempor invidunt ut labore et dolore magna aliquyam erat, sed diam voluptua. At vero eos et accusam et justo duo dolores et ea rebum. Stet clita kasd gubergren, no sea takimata sanctus est. Lorem ipsum dolor sit amet. Lorem ipsum dolor sit amet, consetetur sadipscing elitr, sed diam nonumy eirmod tempor invidunt ut labore et dolore magna aliquyam erat, sed diam voluptua. At vero eos et accusam et justo duo dolores et ea rebum. Stet clita kasd gubergren, no sea takimata sanctus est. Lorem ipsum dolor sit amet.", "help_de": "Lorem ipsum dolor sit amet, consetetur sadipscing elitr, sed diam nonumy eirmod tempor invidunt ut labore et dolore magna aliquyam erat, sed diam voluptua. At vero eos et accusam et justo duo dolores et ea rebum. Stet clita kasd gubergren, no sea takimata sanctus est. Lorem ipsum dolor sit amet. Lorem ipsum dolor sit amet, consetetur sadipscing elitr, sed diam nonumy eirmod tempor invidunt ut labore et dolore magna aliquyam erat, sed diam voluptua. At vero eos et accusam et justo duo dolores et ea rebum. Stet clita kasd gubergren, no sea takimata sanctus est. Lorem ipsum dolor sit amet."}}, {"model": "questions.questionentity", "pk": 3, "fields": {"created": "2016-08-12T11:21:08.547Z", "updated": "2016-09-20T14:27:21.134Z", "attribute_entity": 35, "subsection": 2, "order": 0, "label_de": "Ansichten / Lorem ipsum / Lorem ipsum dolor sit amet / single", "label_en": "Views / Lorem ipsum / Lorem ipsum dolor sit amet / single", "help_en": "Lorem ipsum dolor sit amet, consetetur sadipscing elitr, sed diam nonumy eirmod tempor invidunt ut labore et dolore magna aliquyam erat, sed diam voluptua.", "help_de": "Lorem ipsum dolor sit amet, consetetur sadipscing elitr, sed diam nonumy eirmod tempor invidunt ut labore et dolore magna aliquyam erat, sed diam voluptua."}}, {"model": "questions.questionentity", "pk": 4, "fields": {"created": "2016-08-12T11:21:29.563Z", "updated": "2016-09-20T14:27:21.193Z", "attribute_entity": 36, "subsection": 2, "order": 1, "label_de": "Ansichten / Lorem ipsum / Lorem ipsum dolor sit amet / collection", "label_en": "Views / Lorem ipsum / Lorem ipsum dolor sit amet / collection", "help_en": "Lorem ipsum dolor sit amet, consetetur sadipscing elitr, sed diam nonumy eirmod tempor invidunt ut labore et dolore magna aliquyam erat, sed diam voluptua.", "help_de": "Lorem ipsum dolor sit amet, consetetur sadipscing elitr, sed diam nonumy eirmod tempor invidunt ut labore et dolore magna aliquyam erat, sed diam voluptua."}}, {"model": "questions.questionentity", "pk": 5, "fields": {"created": "2016-08-12T11:22:05.165Z", "updated": "2016-09-20T14:27:21.222Z", "attribute_entity": 37, "subsection": 2, "order": 2, "label_de": "Ansichten / Lorem ipsum / Lorem ipsum dolor sit amet / options", "label_en": "Views / Lorem ipsum / Lorem ipsum dolor sit amet / options", "help_en": "Lorem ipsum dolor sit amet, consetetur sadipscing elitr, sed diam nonumy eirmod tempor invidunt ut labore et dolore magna aliquyam erat, sed diam voluptua.", "help_de": "Lorem ipsum dolor sit amet, consetetur sadipscing elitr, sed diam nonumy eirmod tempor invidunt ut labore et dolore magna aliquyam erat, sed diam voluptua."}}, {"model": "questions.questionentity", "pk": 6, "fields": {"created": "2016-08-12T14:40:31.008Z", "updated": "2016-09-20T14:27:21.251Z", "attribute_entity": 38, "subsection": 2, "order": 4, "label_de": "Ansichten / Lorem ipsum / Lorem ipsum dolor sit amet / set", "label_en": "Views / Lorem ipsum / Lorem ipsum dolor sit amet / set", "help_en": "Lorem ipsum dolor sit amet, consetetur sadipscing elitr, sed diam nonumy eirmod tempor invidunt ut labore et dolore magna aliquyam erat, sed diam voluptua. At vero eos et accusam et justo duo dolores et ea rebum. Stet clita kasd gubergren, no sea takimata sanctus est. Lorem ipsum dolor sit amet. Lorem ipsum dolor sit amet, consetetur sadipscing elitr, sed diam nonumy eirmod tempor invidunt ut labore et dolore magna aliquyam erat, sed diam voluptua. At vero eos et accusam et justo duo dolores et ea rebum. Stet clita kasd gubergren, no sea takimata sanctus est. Lorem ipsum dolor sit amet.", "help_de": "Lorem ipsum dolor sit amet, consetetur sadipscing elitr, sed diam nonumy eirmod tempor invidunt ut labore et dolore magna aliquyam erat, sed diam voluptua. At vero eos et accusam et justo duo dolores et ea rebum. Stet clita kasd gubergren, no sea takimata sanctus est. Lorem ipsum dolor sit amet. Lorem ipsum dolor sit amet, consetetur sadipscing elitr, sed diam nonumy eirmod tempor invidunt ut labore et dolore magna aliquyam erat, sed diam voluptua. At vero eos et accusam et justo duo dolores et ea rebum. Stet clita kasd gubergren, no sea takimata sanctus est. Lorem ipsum dolor sit amet."}}, {"model": "questions.questionentity", "pk": 7, "fields": {"created": "2016-08-12T14:41:15.983Z", "updated": "2016-09-20T14:27:21.104Z", "attribute_entity": 39, "subsection": 2, "order": 0, "label_de": "Ansichten / Lorem ipsum / Lorem ipsum dolor sit amet / single", "label_en": "Views / Lorem ipsum / Lorem ipsum dolor sit amet / single", "help_en": "At vero eos et accusam et justo duo dolores et ea rebum. Stet clita kasd gubergren, no sea takimata sanctus est. Lorem ipsum dolor sit amet.", "help_de": "At vero eos et accusam et justo duo dolores et ea rebum. Stet clita kasd gubergren, no sea takimata sanctus est. Lorem ipsum dolor sit amet."}}, {"model": "questions.questionentity", "pk": 8, "fields": {"created": "2016-08-12T14:52:06.699Z", "updated": "2016-09-22T12:21:48.524Z", "attribute_entity": 40, "subsection": 2, "order": 1, "label_de": "Ansichten / Lorem ipsum / Lorem ipsum dolor sit amet / collection", "label_en": "Views / Lorem ipsum / Lorem ipsum dolor sit amet / collection", "help_en": "Lorem ipsum dolor sit amet, consetetur sadipscing elitr, sed diam nonumy eirmod tempor invidunt ut labore et dolore magna aliquyam erat, sed diam voluptua. At vero eos et accusam et justo duo dolores et ea rebum. Stet clita kasd gubergren, no sea takimata sanctus est. Lorem ipsum dolor sit amet. Lorem ipsum dolor sit amet, consetetur sadipscing elitr, sed diam nonumy eirmod tempor invidunt ut labore et dolore magna aliquyam erat, sed diam voluptua. At vero eos et accusam et justo duo dolores et ea rebum. Stet clita kasd gubergren, no sea takimata sanctus est. Lorem ipsum dolor sit amet.", "help_de": "Lorem ipsum dolor sit amet, consetetur sadipscing elitr, sed diam nonumy eirmod tempor invidunt ut labore et dolore magna aliquyam erat, sed diam voluptua. At vero eos et accusam et justo duo dolores et ea rebum. Stet clita kasd gubergren, no sea takimata sanctus est. Lorem ipsum dolor sit amet. Lorem ipsum dolor sit amet, consetetur sadipscing elitr, sed diam nonumy eirmod tempor invidunt ut labore et dolore magna aliquyam erat, sed diam voluptua. At vero eos et accusam et justo duo dolores et ea rebum. Stet clita kasd gubergren, no sea takimata sanctus est. Lorem ipsum dolor sit amet."}}, {"model": "questions.questionentity", "pk": 11, "fields": {"created": "2016-09-08T13:52:03.175Z", "updated": "2016-09-08T14:59:55.763Z", "attribute_entity": 43, "subsection": 3, "order": 0, "label_de": "Widgets / Single / Datum / date", "label_en": "Widgets / Single / Date / date", "help_en": null, "help_de": null}}, {"model": "questions.questionentity", "pk": 12, "fields": {"created": "2016-09-08T14:59:44.343Z", "updated": "2016-09-21T11:16:45.691Z", "attribute_entity": 43, "subsection": 4, "order": 0, "label_de": "Widgets / Sammlung / Datum / date", "label_en": "Widgets / Collection / Date / date", "help_en": null, "help_de": null}}, {"model": "questions.questionentity", "pk": 13, "fields": {"created": "2016-09-20T10:36:17.719Z", "updated": "2016-09-20T15:02:48.468Z", "attribute_entity": 5, "subsection": 5, "order": 0, "label_de": "Widgets / Set / Sammlung / set_collection", "label_en": "Widgets / Set / Collection / set_collection", "help_en": "Lorem ipsum dolor sit amet, consetetur sadipscing elitr, sed diam nonumy eirmod tempor invidunt ut labore et dolore magna aliquyam erat, sed diam voluptua. At vero eos et accusam et justo duo dolores et ea rebum. Stet clita kasd gubergren, no sea takimata sanctus est. Lorem ipsum dolor sit amet. Lorem ipsum dolor sit amet, consetetur sadipscing elitr, sed diam nonumy eirmod tempor invidunt ut labore et dolore magna aliquyam erat, sed diam voluptua. At vero eos et accusam et justo duo dolores et ea rebum. Stet clita kasd gubergren, no sea takimata sanctus est. Lorem ipsum dolor sit amet.", "help_de": "Lorem ipsum dolor sit amet, consetetur sadipscing elitr, sed diam nonumy eirmod tempor invidunt ut labore et dolore magna aliquyam erat, sed diam voluptua. At vero eos et accusam et justo duo dolores et ea rebum. Stet clita kasd gubergren, no sea takimata sanctus est. Lorem ipsum dolor sit amet. Lorem ipsum dolor sit amet, consetetur sadipscing elitr, sed diam nonumy eirmod tempor invidunt ut labore et dolore magna aliquyam erat, sed diam voluptua. At vero eos et accusam et justo duo dolores et ea rebum. Stet clita kasd gubergren, no sea takimata sanctus est. Lorem ipsum dolor sit amet."}}, {"model": "questions.questionentity", "pk": 14, "fields": {"created": "2016-09-20T10:36:36.139Z", "updated": "2016-09-20T15:02:42.271Z", "attribute_entity": 45, "subsection": 5, "order": 0, "label_de": "Widgets / Set / Sammlung / text", "label_en": "Widgets / Set / Collection / text", "help_en": null, "help_de": null}}, {"model": "questions.questionentity", "pk": 15, "fields": {"created": "2016-09-20T10:37:03.884Z", "updated": "2016-09-20T10:37:53.022Z", "attribute_entity": 46, "subsection": 5, "order": 1, "label_de": "Widgets / Set / Sammlung / textarea", "label_en": "Widgets / Set / Collection / textarea", "help_en": null, "help_de": null}}, {"model": "questions.questionentity", "pk": 16, "fields": {"created": "2016-09-20T11:02:37.568Z", "updated": "2016-09-20T11:02:37.568Z", "attribute_entity": 48, "subsection": 5, "order": 3, "label_de": "", "label_en": "", "help_en": null, "help_de": null}}, {"model": "questions.questionentity", "pk": 18, "fields": {"created": "2016-09-21T12:36:33.403Z", "updated": "2016-09-21T12:36:33.403Z", "attribute_entity": 17, "subsection": 6, "order": 0, "label_de": "", "label_en": "", "help_en": null, "help_de": null}}, {"model": "questions.questionentity", "pk": 19, "fields": {"created": "2016-09-22T12:21:25.824Z", "updated": "2016-09-22T12:51:19.769Z", "attribute_entity": 52, "subsection": 2, "order": 4, "label_de": "", "label_en": "", "help_en": null, "help_de": null}}, {"model": "questions.question", "pk": 11, "fields": {"parent": null, "text_en": "Date", "text_de": "Datum", "widget_type": "date"}}, {"model": "questions.question", "pk": 12, "fields": {"parent": null, "text_en": "Date", "text_de": "Datum", "widget_type": "date"}}, {"model": "questions.question", "pk": 14, "fields": {"parent": 13, "text_en": "Text?", "text_de": "Text?", "widget_type": "text"}}, {"model": "questions.question", "pk": 15, "fields": {"parent": 13, "text_en": "Textarea?", "text_de": "Textarea?", "widget_type": "textarea"}}, {"model": "questions.question", "pk": 16, "fields": {"parent": 13, "text_en": "Text?", "text_de": "Text?", "widget_type": "text"}}, {"model": "questions.question", "pk": 1, "fields": {"parent": null, "text_en": "Lorem ipsum dolor sit amet, consetetur sadipscing elitr?", "text_de": "Lorem ipsum dolor sit amet, consetetur sadipscing elitr?", "widget_type": "text"}}, {"model": "questions.question", "pk": 2, "fields": {"parent": null, "text_en": "Lorem ipsum dolor sit amet, consetetur sadipscing elitr?", "text_de": "Lorem ipsum dolor sit amet, consetetur sadipscing elitr?", "widget_type": "textarea"}}, {"model": "questions.question", "pk": 18, "fields": {"parent": null, "text_en": "Empty?", "text_de": "Empty?", "widget_type": "text"}}, {"model": "questions.question", "pk": 3, "fields": {"parent": null, "text_en": "Lorem ipsum dolor sit amet, consetetur sadipscing elitr?", "text_de": "Lorem ipsum dolor sit amet, consetetur sadipscing elitr?", "widget_type": "text"}}, {"model": "questions.question", "pk": 7, "fields": {"parent": 6, "text_en": "Lorem ipsum dolor sit amet, consetetur sadipscing elitr?", "text_de": "Lorem ipsum dolor sit amet, consetetur sadipscing elitr?", "widget_type": "textarea"}}, {"model": "questions.question", "pk": 8, "fields": {"parent": 6, "text_en": "Lorem ipsum dolor sit amet, consetetur sadipscing elitr?", "text_de": "Lorem ipsum dolor sit amet, consetetur sadipscing elitr?", "widget_type": "text"}}, {"model": "questions.question", "pk": 4, "fields": {"parent": null, "text_en": "Lorem ipsum dolor sit amet, consetetur sadipscing elitr?", "text_de": "Lorem ipsum dolor sit amet, consetetur sadipscing elitr?", "widget_type": "text"}}, {"model": "questions.question", "pk": 5, "fields": {"parent": null, "text_en": "Lorem ipsum dolor sit amet, consetetur sadipscing elitr?", "text_de": "Lorem ipsum dolor sit amet, consetetur sadipscing elitr?", "widget_type": "checkbox"}}, {"model": "questions.question", "pk": 19, "fields": {"parent": 6, "text_en": "Lorem ipsum dolor sit amet, consetetur sadipscing elitr?", "text_de": "Lorem ipsum dolor sit amet, consetetur sadipscing elitr?", "widget_type": "text"}}]