[{"pk": 1001, "model": "domain.attributeentity", "fields": {"full_title": "text", "parent_entity": null, "is_collection": 0, "title": "text"}}, {"pk": 1001, "model": "domain.attribute", "fields": {"value_type": "text", "unit": null}}, {"pk": 1002, "model": "domain.attributeentity", "fields": {"full_title": "textarea", "parent_entity": null, "is_collection": 0, "title": "textarea"}}, {"pk": 1002, "model": "domain.attribute", "fields": {"value_type": "text", "unit": null}}, {"pk": 1003, "model": "domain.attributeentity", "fields": {"full_title": "yesno", "parent_entity": null, "is_collection": 0, "title": "yesno"}}, {"pk": 1003, "model": "domain.attribute", "fields": {"value_type": "boolean", "unit": null}}, {"pk": 1004, "model": "domain.attributeentity", "fields": {"full_title": "date", "parent_entity": null, "is_collection": 0, "title": "date"}}, {"pk": 1004, "model": "domain.attribute", "fields": {"value_type": "datetime", "unit": null}}, {"pk": 1005, "model": "domain.attributeentity", "fields": {"full_title": "range", "parent_entity": null, "is_collection": 0, "title": "range"}}, {"pk": 1005, "model": "domain.attribute", "fields": {"value_type": "float", "unit": null}}, {"pk": 1005, "model": "domain.range", "fields": {"attribute": 1005, "step": 10, "minimum": 0, "maximum": 1000}}, {"pk": 1006, "model": "domain.attributeentity", "fields": {"full_title": "radio", "parent_entity": null, "is_collection": 0, "title": "radio"}}, {"pk": 1006, "model": "domain.attribute", "fields": {"value_type": "options", "unit": null}}, {"pk": 1006, "model": "domain.option", "fields": {"additional_input": false, "attribute": 1006, "text_de": "a_de", "order": 0, "text_en": "a_en"}}, {"pk": 11006, "model": "domain.option", "fields": {"additional_input": false, "attribute": 1006, "text_de": "b_de", "order": 1, "text_en": "b_en"}}, {"pk": 21006, "model": "domain.option", "fields": {"additional_input": false, "attribute": 1006, "text_de": "c_de", "order": 2, "text_en": "c_en"}}, {"pk": 31006, "model": "domain.option", "fields": {"additional_input": false, "attribute": 1006, "text_de": "d_de", "order": 3, "text_en": "d_en"}}, {"pk": 41006, "model": "domain.option", "fields": {"additional_input": false, "attribute": 1006, "text_de": "e_de", "order": 4, "text_en": "e_en"}}, {"pk": 101006, "model": "domain.option", "fields": {"additional_input": true, "attribute": 1006, "text_de": "other_de", "order": 100, "text_en": "other_en"}}, {"pk": 1007, "model": "domain.attributeentity", "fields": {"full_title": "select", "parent_entity": null, "is_collection": 0, "title": "select"}}, {"pk": 1007, "model": "domain.attribute", "fields": {"value_type": "options", "unit": null}}, {"pk": 1007, "model": "domain.option", "fields": {"additional_input": false, "attribute": 1007, "text_de": "a_de", "order": 0, "text_en": "a_en"}}, {"pk": 11007, "model": "domain.option", "fields": {"additional_input": false, "attribute": 1007, "text_de": "b_de", "order": 1, "text_en": "b_en"}}, {"pk": 21007, "model": "domain.option", "fields": {"additional_input": false, "attribute": 1007, "text_de": "c_de", "order": 2, "text_en": "c_en"}}, {"pk": 31007, "model": "domain.option", "fields": {"additional_input": false, "attribute": 1007, "text_de": "d_de", "order": 3, "text_en": "d_en"}}, {"pk": 41007, "model": "domain.option", "fields": {"additional_input": false, "attribute": 1007, "text_de": "e_de", "order": 4, "text_en": "e_en"}}, {"pk": 101007, "model": "domain.option", "fields": {"additional_input": true, "attribute": 1007, "text_de": "other_de", "order": 100, "text_en": "other_en"}}, {"pk": 1008, "model": "domain.attributeentity", "fields": {"full_title": "checkbox", "parent_entity": null, "is_collection": 0, "title": "checkbox"}}, {"pk": 1008, "model": "domain.attribute", "fields": {"value_type": "options", "unit": null}}, {"pk": 1008, "model": "domain.option", "fields": {"additional_input": false, "attribute": 1008, "text_de": "a_de", "order": 0, "text_en": "a_en"}}, {"pk": 11008, "model": "domain.option", "fields": {"additional_input": false, "attribute": 1008, "text_de": "b_de", "order": 1, "text_en": "b_en"}}, {"pk": 21008, "model": "domain.option", "fields": {"additional_input": false, "attribute": 1008, "text_de": "c_de", "order": 2, "text_en": "c_en"}}, {"pk": 31008, "model": "domain.option", "fields": {"additional_input": false, "attribute": 1008, "text_de": "d_de", "order": 3, "text_en": "d_en"}}, {"pk": 41008, "model": "domain.option", "fields": {"additional_input": false, "attribute": 1008, "text_de": "e_de", "order": 4, "text_en": "e_en"}}, {"pk": 101008, "model": "domain.option", "fields": {"additional_input": true, "attribute": 1008, "text_de": "other_de", "order": 100, "text_en": "other_en"}}, {"pk": 1010, "model": "domain.attributeentity", "fields": {"full_title": "collection", "parent_entity": null, "is_collection": 0, "title": "collection"}}, {"pk": 1011, "model": "domain.attributeentity", "fields": {"full_title": "collection.text", "parent_entity": 1010, "is_collection": 1, "title": "text"}}, {"pk": 1011, "model": "domain.attribute", "fields": {"value_type": "text", "unit": null}}, {"pk": 1012, "model": "domain.attributeentity", "fields": {"full_title": "collection.textarea", "parent_entity": 1010, "is_collection": 1, "title": "textarea"}}, {"pk": 1012, "model": "domain.attribute", "fields": {"value_type": "text", "unit": null}}, {"pk": 1013, "model": "domain.attributeentity", "fields": {"full_title": "collection.yesno", "parent_entity": 1010, "is_collection": 1, "title": "yesno"}}, {"pk": 1013, "model": "domain.attribute", "fields": {"value_type": "boolean", "unit": null}}, {"pk": 1014, "model": "domain.attributeentity", "fields": {"full_title": "collection.date", "parent_entity": 1010, "is_collection": 1, "title": "date"}}, {"pk": 1014, "model": "domain.attribute", "fields": {"value_type": "datetime", "unit": null}}, {"pk": 1015, "model": "domain.attributeentity", "fields": {"full_title": "collection.range", "parent_entity": 1010, "is_collection": 1, "title": "range"}}, {"pk": 1015, "model": "domain.attribute", "fields": {"value_type": "float", "unit": null}}, {"pk": 1015, "model": "domain.range", "fields": {"attribute": 1015, "step": 10, "minimum": 0, "maximum": 1000}}, {"pk": 1016, "model": "domain.attributeentity", "fields": {"full_title": "collection.radio", "parent_entity": 1010, "is_collection": 1, "title": "radio"}}, {"pk": 1016, "model": "domain.attribute", "fields": {"value_type": "options", "unit": null}}, {"pk": 1016, "model": "domain.option", "fields": {"additional_input": false, "attribute": 1016, "text_de": "a_de", "order": 0, "text_en": "a_en"}}, {"pk": 11016, "model": "domain.option", "fields": {"additional_input": false, "attribute": 1016, "text_de": "b_de", "order": 1, "text_en": "b_en"}}, {"pk": 21016, "model": "domain.option", "fields": {"additional_input": false, "attribute": 1016, "text_de": "c_de", "order": 2, "text_en": "c_en"}}, {"pk": 31016, "model": "domain.option", "fields": {"additional_input": false, "attribute": 1016, "text_de": "d_de", "order": 3, "text_en": "d_en"}}, {"pk": 41016, "model": "domain.option", "fields": {"additional_input": false, "attribute": 1016, "text_de": "e_de", "order": 4, "text_en": "e_en"}}, {"pk": 101016, "model": "domain.option", "fields": {"additional_input": true, "attribute": 1016, "text_de": "other_de", "order": 100, "text_en": "other_en"}}, {"pk": 1017, "model": "domain.attributeentity", "fields": {"full_title": "collection.select", "parent_entity": 1010, "is_collection": 1, "title": "select"}}, {"pk": 1017, "model": "domain.attribute", "fields": {"value_type": "options", "unit": null}}, {"pk": 1017, "model": "domain.option", "fields": {"additional_input": false, "attribute": 1017, "text_de": "a_de", "order": 0, "text_en": "a_en"}}, {"pk": 11017, "model": "domain.option", "fields": {"additional_input": false, "attribute": 1017, "text_de": "b_de", "order": 1, "text_en": "b_en"}}, {"pk": 21017, "model": "domain.option", "fields": {"additional_input": false, "attribute": 1017, "text_de": "c_de", "order": 2, "text_en": "c_en"}}, {"pk": 31017, "model": "domain.option", "fields": {"additional_input": false, "attribute": 1017, "text_de": "d_de", "order": 3, "text_en": "d_en"}}, {"pk": 41017, "model": "domain.option", "fields": {"additional_input": false, "attribute": 1017, "text_de": "e_de", "order": 4, "text_en": "e_en"}}, {"pk": 101017, "model": "domain.option", "fields": {"additional_input": true, "attribute": 1017, "text_de": "other_de", "order": 100, "text_en": "other_en"}}, {"pk": 1018, "model": "domain.attributeentity", "fields": {"full_title": "collection.checkbox", "parent_entity": 1010, "is_collection": 1, "title": "checkbox"}}, {"pk": 1018, "model": "domain.attribute", "fields": {"value_type": "options", "unit": null}}, {"pk": 1018, "model": "domain.option", "fields": {"additional_input": false, "attribute": 1018, "text_de": "a_de", "order": 0, "text_en": "a_en"}}, {"pk": 11018, "model": "domain.option", "fields": {"additional_input": false, "attribute": 1018, "text_de": "b_de", "order": 1, "text_en": "b_en"}}, {"pk": 21018, "model": "domain.option", "fields": {"additional_input": false, "attribute": 1018, "text_de": "c_de", "order": 2, "text_en": "c_en"}}, {"pk": 31018, "model": "domain.option", "fields": {"additional_input": false, "attribute": 1018, "text_de": "d_de", "order": 3, "text_en": "d_en"}}, {"pk": 41018, "model": "domain.option", "fields": {"additional_input": false, "attribute": 1018, "text_de": "e_de", "order": 4, "text_en": "e_en"}}, {"pk": 101018, "model": "domain.option", "fields": {"additional_input": true, "attribute": 1018, "text_de": "other_de", "order": 100, "text_en": "other_en"}}, {"pk": 1100, "model": "domain.attributeentity", "fields": {"full_title": "set", "parent_entity": null, "is_collection": 0, "title": "set"}}, {"pk": 1101, "model": "domain.attributeentity", "fields": {"full_title": "set.text", "parent_entity": 1100, "is_collection": 0, "title": "text"}}, {"pk": 1101, "model": "domain.attribute", "fields": {"value_type": "text", "unit": null}}, {"pk": 1102, "model": "domain.attributeentity", "fields": {"full_title": "set.textarea", "parent_entity": 1100, "is_collection": 0, "title": "textarea"}}, {"pk": 1102, "model": "domain.attribute", "fields": {"value_type": "text", "unit": null}}, {"pk": 1103, "model": "domain.attributeentity", "fields": {"full_title": "set.yesno", "parent_entity": 1100, "is_collection": 0, "title": "yesno"}}, {"pk": 1103, "model": "domain.attribute", "fields": {"value_type": "boolean", "unit": null}}, {"pk": 1104, "model": "domain.attributeentity", "fields": {"full_title": "set.date", "parent_entity": 1100, "is_collection": 0, "title": "date"}}, {"pk": 1104, "model": "domain.attribute", "fields": {"value_type": "datetime", "unit": null}}, {"pk": 1105, "model": "domain.attributeentity", "fields": {"full_title": "set.range", "parent_entity": 1100, "is_collection": 0, "title": "range"}}, {"pk": 1105, "model": "domain.attribute", "fields": {"value_type": "float", "unit": null}}, {"pk": 1105, "model": "domain.range", "fields": {"attribute": 1105, "step": 10, "minimum": 0, "maximum": 1000}}, {"pk": 1106, "model": "domain.attributeentity", "fields": {"full_title": "set.radio", "parent_entity": 1100, "is_collection": 0, "title": "radio"}}, {"pk": 1106, "model": "domain.attribute", "fields": {"value_type": "options", "unit": null}}, {"pk": 1106, "model": "domain.option", "fields": {"additional_input": false, "attribute": 1106, "text_de": "a_de", "order": 0, "text_en": "a_en"}}, {"pk": 11106, "model": "domain.option", "fields": {"additional_input": false, "attribute": 1106, "text_de": "b_de", "order": 1, "text_en": "b_en"}}, {"pk": 21106, "model": "domain.option", "fields": {"additional_input": false, "attribute": 1106, "text_de": "c_de", "order": 2, "text_en": "c_en"}}, {"pk": 31106, "model": "domain.option", "fields": {"additional_input": false, "attribute": 1106, "text_de": "d_de", "order": 3, "text_en": "d_en"}}, {"pk": 41106, "model": "domain.option", "fields": {"additional_input": false, "attribute": 1106, "text_de": "e_de", "order": 4, "text_en": "e_en"}}, {"pk": 101106, "model": "domain.option", "fields": {"additional_input": true, "attribute": 1106, "text_de": "other_de", "order": 100, "text_en": "other_en"}}, {"pk": 1107, "model": "domain.attributeentity", "fields": {"full_title": "set.select", "parent_entity": 1100, "is_collection": 0, "title": "select"}}, {"pk": 1107, "model": "domain.attribute", "fields": {"value_type": "options", "unit": null}}, {"pk": 1107, "model": "domain.option", "fields": {"additional_input": false, "attribute": 1107, "text_de": "a_de", "order": 0, "text_en": "a_en"}}, {"pk": 11107, "model": "domain.option", "fields": {"additional_input": false, "attribute": 1107, "text_de": "b_de", "order": 1, "text_en": "b_en"}}, {"pk": 21107, "model": "domain.option", "fields": {"additional_input": false, "attribute": 1107, "text_de": "c_de", "order": 2, "text_en": "c_en"}}, {"pk": 31107, "model": "domain.option", "fields": {"additional_input": false, "attribute": 1107, "text_de": "d_de", "order": 3, "text_en": "d_en"}}, {"pk": 41107, "model": "domain.option", "fields": {"additional_input": false, "attribute": 1107, "text_de": "e_de", "order": 4, "text_en": "e_en"}}, {"pk": 101107, "model": "domain.option", "fields": {"additional_input": true, "attribute": 1107, "text_de": "other_de", "order": 100, "text_en": "other_en"}}, {"pk": 1108, "model": "domain.attributeentity", "fields": {"full_title": "set.checkbox", "parent_entity": 1100, "is_collection": 0, "title": "checkbox"}}, {"pk": 1108, "model": "domain.attribute", "fields": {"value_type": "options", "unit": null}}, {"pk": 1108, "model": "domain.option", "fields": {"additional_input": false, "attribute": 1108, "text_de": "a_de", "order": 0, "text_en": "a_en"}}, {"pk": 11108, "model": "domain.option", "fields": {"additional_input": false, "attribute": 1108, "text_de": "b_de", "order": 1, "text_en": "b_en"}}, {"pk": 21108, "model": "domain.option", "fields": {"additional_input": false, "attribute": 1108, "text_de": "c_de", "order": 2, "text_en": "c_en"}}, {"pk": 31108, "model": "domain.option", "fields": {"additional_input": false, "attribute": 1108, "text_de": "d_de", "order": 3, "text_en": "d_en"}}, {"pk": 41108, "model": "domain.option", "fields": {"additional_input": false, "attribute": 1108, "text_de": "e_de", "order": 4, "text_en": "e_en"}}, {"pk": 101108, "model": "domain.option", "fields": {"additional_input": true, "attribute": 1108, "text_de": "other_de", "order": 100, "text_en": "other_en"}}, {"pk": 1110, "model": "domain.attributeentity", "fields": {"full_title": "set.collection", "parent_entity": 1100, "is_collection": 0, "title": "collection"}}, {"pk": 1111, "model": "domain.attributeentity", "fields": {"full_title": "set.collection.text", "parent_entity": 1110, "is_collection": 1, "title": "text"}}, {"pk": 1111, "model": "domain.attribute", "fields": {"value_type": "text", "unit": null}}, {"pk": 1112, "model": "domain.attributeentity", "fields": {"full_title": "set.collection.textarea", "parent_entity": 1110, "is_collection": 1, "title": "textarea"}}, {"pk": 1112, "model": "domain.attribute", "fields": {"value_type": "text", "unit": null}}, {"pk": 1113, "model": "domain.attributeentity", "fields": {"full_title": "set.collection.yesno", "parent_entity": 1110, "is_collection": 1, "title": "yesno"}}, {"pk": 1113, "model": "domain.attribute", "fields": {"value_type": "boolean", "unit": null}}, {"pk": 1114, "model": "domain.attributeentity", "fields": {"full_title": "set.collection.date", "parent_entity": 1110, "is_collection": 1, "title": "date"}}, {"pk": 1114, "model": "domain.attribute", "fields": {"value_type": "datetime", "unit": null}}, {"pk": 1115, "model": "domain.attributeentity", "fields": {"full_title": "set.collection.range", "parent_entity": 1110, "is_collection": 1, "title": "range"}}, {"pk": 1115, "model": "domain.attribute", "fields": {"value_type": "float", "unit": null}}, {"pk": 1115, "model": "domain.range", "fields": {"attribute": 1115, "step": 10, "minimum": 0, "maximum": 1000}}, {"pk": 1116, "model": "domain.attributeentity", "fields": {"full_title": "set.collection.radio", "parent_entity": 1110, "is_collection": 1, "title": "radio"}}, {"pk": 1116, "model": "domain.attribute", "fields": {"value_type": "options", "unit": null}}, {"pk": 1116, "model": "domain.option", "fields": {"additional_input": false, "attribute": 1116, "text_de": "a_de", "order": 0, "text_en": "a_en"}}, {"pk": 11116, "model": "domain.option", "fields": {"additional_input": false, "attribute": 1116, "text_de": "b_de", "order": 1, "text_en": "b_en"}}, {"pk": 21116, "model": "domain.option", "fields": {"additional_input": false, "attribute": 1116, "text_de": "c_de", "order": 2, "text_en": "c_en"}}, {"pk": 31116, "model": "domain.option", "fields": {"additional_input": false, "attribute": 1116, "text_de": "d_de", "order": 3, "text_en": "d_en"}}, {"pk": 41116, "model": "domain.option", "fields": {"additional_input": false, "attribute": 1116, "text_de": "e_de", "order": 4, "text_en": "e_en"}}, {"pk": 101116, "model": "domain.option", "fields": {"additional_input": true, "attribute": 1116, "text_de": "other_de", "order": 100, "text_en": "other_en"}}, {"pk": 1117, "model": "domain.attributeentity", "fields": {"full_title": "set.collection.select", "parent_entity": 1110, "is_collection": 1, "title": "select"}}, {"pk": 1117, "model": "domain.attribute", "fields": {"value_type": "options", "unit": null}}, {"pk": 1117, "model": "domain.option", "fields": {"additional_input": false, "attribute": 1117, "text_de": "a_de", "order": 0, "text_en": "a_en"}}, {"pk": 11117, "model": "domain.option", "fields": {"additional_input": false, "attribute": 1117, "text_de": "b_de", "order": 1, "text_en": "b_en"}}, {"pk": 21117, "model": "domain.option", "fields": {"additional_input": false, "attribute": 1117, "text_de": "c_de", "order": 2, "text_en": "c_en"}}, {"pk": 31117, "model": "domain.option", "fields": {"additional_input": false, "attribute": 1117, "text_de": "d_de", "order": 3, "text_en": "d_en"}}, {"pk": 41117, "model": "domain.option", "fields": {"additional_input": false, "attribute": 1117, "text_de": "e_de", "order": 4, "text_en": "e_en"}}, {"pk": 101117, "model": "domain.option", "fields": {"additional_input": true, "attribute": 1117, "text_de": "other_de", "order": 100, "text_en": "other_en"}}, {"pk": 1118, "model": "domain.attributeentity", "fields": {"full_title": "set.collection.checkbox", "parent_entity": 1110, "is_collection": 1, "title": "checkbox"}}, {"pk": 1118, "model": "domain.attribute", "fields": {"value_type": "options", "unit": null}}, {"pk": 1118, "model": "domain.option", "fields": {"additional_input": false, "attribute": 1118, "text_de": "a_de", "order": 0, "text_en": "a_en"}}, {"pk": 11118, "model": "domain.option", "fields": {"additional_input": false, "attribute": 1118, "text_de": "b_de", "order": 1, "text_en": "b_en"}}, {"pk": 21118, "model": "domain.option", "fields": {"additional_input": false, "attribute": 1118, "text_de": "c_de", "order": 2, "text_en": "c_en"}}, {"pk": 31118, "model": "domain.option", "fields": {"additional_input": false, "attribute": 1118, "text_de": "d_de", "order": 3, "text_en": "d_en"}}, {"pk": 41118, "model": "domain.option", "fields": {"additional_input": false, "attribute": 1118, "text_de": "e_de", "order": 4, "text_en": "e_en"}}, {"pk": 101118, "model": "domain.option", "fields": {"additional_input": true, "attribute": 1118, "text_de": "other_de", "order": 100, "text_en": "other_en"}}, {"pk": 1200, "model": "domain.attributeentity", "fields": {"full_title": "collection_set", "parent_entity": null, "is_collection": 1, "title": "collection_set"}}, {"pk": 1200, "model": "domain.verbosename", "fields": {"name_en": "Collection_set", "name_plural_de": "Collection_sets", "name_de": "Collection_set", "attribute_entity": 1200, "name_plural_en": "Collection_sets"}}, {"pk": 1201, "model": "domain.attributeentity", "fields": {"full_title": "collection_set.text", "parent_entity": 1200, "is_collection": 0, "title": "text"}}, {"pk": 1201, "model": "domain.attribute", "fields": {"value_type": "text", "unit": null}}, {"pk": 1202, "model": "domain.attributeentity", "fields": {"full_title": "collection_set.textarea", "parent_entity": 1200, "is_collection": 0, "title": "textarea"}}, {"pk": 1202, "model": "domain.attribute", "fields": {"value_type": "text", "unit": null}}, {"pk": 1203, "model": "domain.attributeentity", "fields": {"full_title": "collection_set.yesno", "parent_entity": 1200, "is_collection": 0, "title": "yesno"}}, {"pk": 1203, "model": "domain.attribute", "fields": {"value_type": "boolean", "unit": null}}, {"pk": 1204, "model": "domain.attributeentity", "fields": {"full_title": "collection_set.date", "parent_entity": 1200, "is_collection": 0, "title": "date"}}, {"pk": 1204, "model": "domain.attribute", "fields": {"value_type": "datetime", "unit": null}}, {"pk": 1205, "model": "domain.attributeentity", "fields": {"full_title": "collection_set.range", "parent_entity": 1200, "is_collection": 0, "title": "range"}}, {"pk": 1205, "model": "domain.attribute", "fields": {"value_type": "float", "unit": null}}, {"pk": 1205, "model": "domain.range", "fields": {"attribute": 1205, "step": 10, "minimum": 0, "maximum": 1000}}, {"pk": 1206, "model": "domain.attributeentity", "fields": {"full_title": "collection_set.radio", "parent_entity": 1200, "is_collection": 0, "title": "radio"}}, {"pk": 1206, "model": "domain.attribute", "fields": {"value_type": "options", "unit": null}}, {"pk": 1206, "model": "domain.option", "fields": {"additional_input": false, "attribute": 1206, "text_de": "a_de", "order": 0, "text_en": "a_en"}}, {"pk": 11206, "model": "domain.option", "fields": {"additional_input": false, "attribute": 1206, "text_de": "b_de", "order": 1, "text_en": "b_en"}}, {"pk": 21206, "model": "domain.option", "fields": {"additional_input": false, "attribute": 1206, "text_de": "c_de", "order": 2, "text_en": "c_en"}}, {"pk": 31206, "model": "domain.option", "fields": {"additional_input": false, "attribute": 1206, "text_de": "d_de", "order": 3, "text_en": "d_en"}}, {"pk": 41206, "model": "domain.option", "fields": {"additional_input": false, "attribute": 1206, "text_de": "e_de", "order": 4, "text_en": "e_en"}}, {"pk": 101206, "model": "domain.option", "fields": {"additional_input": true, "attribute": 1206, "text_de": "other_de", "order": 100, "text_en": "other_en"}}, {"pk": 1207, "model": "domain.attributeentity", "fields": {"full_title": "collection_set.select", "parent_entity": 1200, "is_collection": 0, "title": "select"}}, {"pk": 1207, "model": "domain.attribute", "fields": {"value_type": "options", "unit": null}}, {"pk": 1207, "model": "domain.option", "fields": {"additional_input": false, "attribute": 1207, "text_de": "a_de", "order": 0, "text_en": "a_en"}}, {"pk": 11207, "model": "domain.option", "fields": {"additional_input": false, "attribute": 1207, "text_de": "b_de", "order": 1, "text_en": "b_en"}}, {"pk": 21207, "model": "domain.option", "fields": {"additional_input": false, "attribute": 1207, "text_de": "c_de", "order": 2, "text_en": "c_en"}}, {"pk": 31207, "model": "domain.option", "fields": {"additional_input": false, "attribute": 1207, "text_de": "d_de", "order": 3, "text_en": "d_en"}}, {"pk": 41207, "model": "domain.option", "fields": {"additional_input": false, "attribute": 1207, "text_de": "e_de", "order": 4, "text_en": "e_en"}}, {"pk": 101207, "model": "domain.option", "fields": {"additional_input": true, "attribute": 1207, "text_de": "other_de", "order": 100, "text_en": "other_en"}}, {"pk": 1208, "model": "domain.attributeentity", "fields": {"full_title": "collection_set.checkbox", "parent_entity": 1200, "is_collection": 0, "title": "checkbox"}}, {"pk": 1208, "model": "domain.attribute", "fields": {"value_type": "options", "unit": null}}, {"pk": 1208, "model": "domain.option", "fields": {"additional_input": false, "attribute": 1208, "text_de": "a_de", "order": 0, "text_en": "a_en"}}, {"pk": 11208, "model": "domain.option", "fields": {"additional_input": false, "attribute": 1208, "text_de": "b_de", "order": 1, "text_en": "b_en"}}, {"pk": 21208, "model": "domain.option", "fields": {"additional_input": false, "attribute": 1208, "text_de": "c_de", "order": 2, "text_en": "c_en"}}, {"pk": 31208, "model": "domain.option", "fields": {"additional_input": false, "attribute": 1208, "text_de": "d_de", "order": 3, "text_en": "d_en"}}, {"pk": 41208, "model": "domain.option", "fields": {"additional_input": false, "attribute": 1208, "text_de": "e_de", "order": 4, "text_en": "e_en"}}, {"pk": 101208, "model": "domain.option", "fields": {"additional_input": true, "attribute": 1208, "text_de": "other_de", "order": 100, "text_en": "other_en"}}, {"pk": 1210, "model": "domain.attributeentity", "fields": {"full_title": "collection_set.collection", "parent_entity": 1200, "is_collection": 0, "title": "collection"}}, {"pk": 1211, "model": "domain.attributeentity", "fields": {"full_title": "collection_set.collection.text", "parent_entity": 1210, "is_collection": 1, "title": "text"}}, {"pk": 1211, "model": "domain.attribute", "fields": {"value_type": "text", "unit": null}}, {"pk": 1212, "model": "domain.attributeentity", "fields": {"full_title": "collection_set.collection.textarea", "parent_entity": 1210, "is_collection": 1, "title": "textarea"}}, {"pk": 1212, "model": "domain.attribute", "fields": {"value_type": "text", "unit": null}}, {"pk": 1213, "model": "domain.attributeentity", "fields": {"full_title": "collection_set.collection.yesno", "parent_entity": 1210, "is_collection": 1, "title": "yesno"}}, {"pk": 1213, "model": "domain.attribute", "fields": {"value_type": "boolean", "unit": null}}, {"pk": 1214, "model": "domain.attributeentity", "fields": {"full_title": "collection_set.collection.date", "parent_entity": 1210, "is_collection": 1, "title": "date"}}, {"pk": 1214, "model": "domain.attribute", "fields": {"value_type": "datetime", "unit": null}}, {"pk": 1215, "model": "domain.attributeentity", "fields": {"full_title": "collection_set.collection.range", "parent_entity": 1210, "is_collection": 1, "title": "range"}}, {"pk": 1215, "model": "domain.attribute", "fields": {"value_type": "float", "unit": null}}, {"pk": 1215, "model": "domain.range", "fields": {"attribute": 1215, "step": 10, "minimum": 0, "maximum": 1000}}, {"pk": 1216, "model": "domain.attributeentity", "fields": {"full_title": "collection_set.collection.radio", "parent_entity": 1210, "is_collection": 1, "title": "radio"}}, {"pk": 1216, "model": "domain.attribute", "fields": {"value_type": "options", "unit": null}}, {"pk": 1216, "model": "domain.option", "fields": {"additional_input": false, "attribute": 1216, "text_de": "a_de", "order": 0, "text_en": "a_en"}}, {"pk": 11216, "model": "domain.option", "fields": {"additional_input": false, "attribute": 1216, "text_de": "b_de", "order": 1, "text_en": "b_en"}}, {"pk": 21216, "model": "domain.option", "fields": {"additional_input": false, "attribute": 1216, "text_de": "c_de", "order": 2, "text_en": "c_en"}}, {"pk": 31216, "model": "domain.option", "fields": {"additional_input": false, "attribute": 1216, "text_de": "d_de", "order": 3, "text_en": "d_en"}}, {"pk": 41216, "model": "domain.option", "fields": {"additional_input": false, "attribute": 1216, "text_de": "e_de", "order": 4, "text_en": "e_en"}}, {"pk": 101216, "model": "domain.option", "fields": {"additional_input": true, "attribute": 1216, "text_de": "other_de", "order": 100, "text_en": "other_en"}}, {"pk": 1217, "model": "domain.attributeentity", "fields": {"full_title": "collection_set.collection.select", "parent_entity": 1210, "is_collection": 1, "title": "select"}}, {"pk": 1217, "model": "domain.attribute", "fields": {"value_type": "options", "unit": null}}, {"pk": 1217, "model": "domain.option", "fields": {"additional_input": false, "attribute": 1217, "text_de": "a_de", "order": 0, "text_en": "a_en"}}, {"pk": 11217, "model": "domain.option", "fields": {"additional_input": false, "attribute": 1217, "text_de": "b_de", "order": 1, "text_en": "b_en"}}, {"pk": 21217, "model": "domain.option", "fields": {"additional_input": false, "attribute": 1217, "text_de": "c_de", "order": 2, "text_en": "c_en"}}, {"pk": 31217, "model": "domain.option", "fields": {"additional_input": false, "attribute": 1217, "text_de": "d_de", "order": 3, "text_en": "d_en"}}, {"pk": 41217, "model": "domain.option", "fields": {"additional_input": false, "attribute": 1217, "text_de": "e_de", "order": 4, "text_en": "e_en"}}, {"pk": 101217, "model": "domain.option", "fields": {"additional_input": true, "attribute": 1217, "text_de": "other_de", "order": 100, "text_en": "other_en"}}, {"pk": 1218, "model": "domain.attributeentity", "fields": {"full_title": "collection_set.collection.checkbox", "parent_entity": 1210, "is_collection": 1, "title": "checkbox"}}, {"pk": 1218, "model": "domain.attribute", "fields": {"value_type": "options", "unit": null}}, {"pk": 1218, "model": "domain.option", "fields": {"additional_input": false, "attribute": 1218, "text_de": "a_de", "order": 0, "text_en": "a_en"}}, {"pk": 11218, "model": "domain.option", "fields": {"additional_input": false, "attribute": 1218, "text_de": "b_de", "order": 1, "text_en": "b_en"}}, {"pk": 21218, "model": "domain.option", "fields": {"additional_input": false, "attribute": 1218, "text_de": "c_de", "order": 2, "text_en": "c_en"}}, {"pk": 31218, "model": "domain.option", "fields": {"additional_input": false, "attribute": 1218, "text_de": "d_de", "order": 3, "text_en": "d_en"}}, {"pk": 41218, "model": "domain.option", "fields": {"additional_input": false, "attribute": 1218, "text_de": "e_de", "order": 4, "text_en": "e_en"}}, {"pk": 101218, "model": "domain.option", "fields": {"additional_input": true, "attribute": 1218, "text_de": "other_de", "order": 100, "text_en": "other_en"}}, {"pk": 1200, "model": "domain.condition", "fields": {"target_text": "1", "target_option": null, "relation": "eq", "source_attribute": 1003, "attribute_entity": 1200}}]