[
  {
    "model": "projects.continuation",
    "pk": 1,
    "fields": {
      "created": "2021-06-01T15:21:18.566Z",
      "updated": "2021-06-01T15:21:18.566Z",
      "project": 1,
      "user": 1,
      "questionset": 87
    }
  },
  {
    "model": "projects.integration",
    "pk": 1,
    "fields": {
      "project": 1,
      "provider_key": "github"
    }
  },
  {
    "model": "projects.integration",
    "pk": 2,
    "fields": {
      "project": 2,
      "provider_key": "github"
    }
  },
  {
    "model": "projects.integrationoption",
    "pk": 1,
    "fields": {
      "integration": 1,
      "key": "repo",
      "value": "example/example",
      "secret": false
    }
  },
  {
    "model": "projects.integrationoption",
    "pk": 2,
    "fields": {
      "integration": 1,
      "key": "secret",
      "value": "super_duper_secret",
      "secret": false
    }
  },
  {
    "model": "projects.integrationoption",
    "pk": 3,
    "fields": {
      "integration": 2,
      "key": "repo",
      "value": "example/example",
      "secret": false
    }
  },
  {
    "model": "projects.integrationoption",
    "pk": 4,
    "fields": {
      "integration": 2,
      "key": "secret",
      "value": "super_duper_secret",
      "secret": true
    }
  },
  {
    "model": "projects.issue",
    "pk": 1,
    "fields": {
      "project": 1,
      "task": 1,
      "status": "open"
    }
  },
  {
    "model": "projects.issue",
    "pk": 2,
    "fields": {
      "project": 2,
      "task": 1,
      "status": "open"
    }
  },
  {
    "model": "projects.issue",
    "pk": 3,
    "fields": {
      "project": 3,
      "task": 1,
      "status": "open"
    }
  },
  {
    "model": "projects.issue",
    "pk": 4,
    "fields": {
      "project": 4,
      "task": 1,
      "status": "open"
    }
  },
  {
    "model": "projects.issue",
    "pk": 5,
    "fields": {
      "project": 5,
      "task": 1,
      "status": "open"
    }
  },
  {
    "model": "projects.issueresource",
    "pk": 1,
    "fields": {
      "issue": 1,
      "integration": 1,
      "url": "https://github.com/example/example/issues/1"
    }
  },
  {
    "model": "projects.membership",
    "pk": 1,
    "fields": {
      "project": 1,
      "user": 5,
      "role": "owner"
    }
  },
  {
    "model": "projects.membership",
    "pk": 2,
    "fields": {
      "project": 1,
      "user": 6,
      "role": "manager"
    }
  },
  {
    "model": "projects.membership",
    "pk": 3,
    "fields": {
      "project": 1,
      "user": 7,
      "role": "author"
    }
  },
  {
    "model": "projects.membership",
    "pk": 4,
    "fields": {
      "project": 1,
      "user": 8,
      "role": "guest"
    }
  },
  {
    "model": "projects.membership",
    "pk": 5,
    "fields": {
      "project": 2,
      "user": 5,
      "role": "owner"
    }
  },
  {
    "model": "projects.membership",
    "pk": 6,
    "fields": {
      "project": 3,
      "user": 5,
      "role": "owner"
    }
  },
  {
    "model": "projects.membership",
    "pk": 7,
    "fields": {
      "project": 4,
      "user": 5,
      "role": "owner"
    }
  },
  {
    "model": "projects.membership",
    "pk": 8,
    "fields": {
      "project": 5,
      "user": 5,
      "role": "owner"
    }
  },
  {
    "model": "projects.membership",
    "pk": 9,
    "fields": {
      "project": 3,
      "user": 6,
      "role": "manager"
    }
  },
  {
    "model": "projects.membership",
    "pk": 10,
    "fields": {
      "project": 3,
      "user": 7,
      "role": "author"
    }
  },
  {
    "model": "projects.membership",
    "pk": 11,
    "fields": {
      "project": 3,
      "user": 8,
      "role": "guest"
    }
  },
  {
    "model": "projects.project",
    "pk": 1,
    "fields": {
      "created": "2017-01-30T07:55:13.007Z",
      "updated": "2017-03-01T13:57:34.993Z",
      "parent": null,
      "site": 1,
      "title": "Test",
      "description": "This is a test!",
      "catalog": 1,
      "lft": 1,
      "rght": 2,
      "tree_id": 1,
      "level": 0,
      "views": [
        1
      ]
    }
  },
  {
    "model": "projects.project",
    "pk": 2,
    "fields": {
      "created": "2020-12-07T11:55:36.442Z",
      "updated": "2020-12-07T11:56:35.856Z",
      "parent": null,
      "site": 1,
      "title": "Parent",
      "description": "Lorem ipsum dolor sit amet, consetetur sadipscing elitr, sed diam nonumy eirmod tempor invidunt ut labore et dolore magna aliquyam erat, sed diam voluptua. At vero eos et accusam et justo duo dolores et ea rebum. Stet clita kasd gubergren, no sea takimata sanctus est.",
      "catalog": 1,
      "lft": 1,
      "rght": 8,
      "tree_id": 2,
      "level": 0,
      "views": [
        1
      ]
    }
  },
  {
    "model": "projects.project",
    "pk": 3,
    "fields": {
      "created": "2020-12-07T11:55:59.339Z",
      "updated": "2020-12-07T11:55:59.339Z",
      "parent": 2,
      "site": 1,
      "title": "Child1",
      "description": "Lorem ipsum dolor sit amet, consetetur sadipscing elitr, sed diam nonumy eirmod tempor invidunt ut labore et dolore magna aliquyam erat, sed diam voluptua.",
      "catalog": 1,
      "lft": 2,
      "rght": 5,
      "tree_id": 2,
      "level": 1,
      "views": [
        1
      ]
    }
  },
  {
    "model": "projects.project",
    "pk": 4,
    "fields": {
      "created": "2020-12-07T11:56:11.992Z",
      "updated": "2020-12-07T11:56:19.183Z",
      "parent": 2,
      "site": 1,
      "title": "Child2",
      "description": "At vero eos et accusam et justo duo dolores et ea rebum. Stet clita kasd gubergren, no sea takimata sanctus est.",
      "catalog": 1,
      "lft": 6,
      "rght": 7,
      "tree_id": 2,
      "level": 1,
      "views": [
        1
      ]
    }
  },
  {
    "model": "projects.project",
    "pk": 5,
    "fields": {
      "created": "2020-12-13T11:03:53.637Z",
      "updated": "2020-12-13T11:03:53.637Z",
      "parent": 3,
      "site": 1,
      "title": "Child11",
      "description": "",
      "catalog": 1,
      "lft": 3,
      "rght": 4,
      "tree_id": 2,
      "level": 2,
      "views": [
        1
      ]
    }
  },
  {
    "model": "projects.snapshot",
    "pk": 1,
    "fields": {
      "created": "2018-08-30T12:09:19.774Z",
      "updated": "2018-08-30T12:09:45.416Z",
      "project": 1,
      "title": "A first snapshot",
      "description": "Lorem ipsum dolor sit amet, consetetur sadipscing elitr, sed diam nonumy eirmod tempor invidunt ut labore et dolore magna aliquyam erat, sed diam voluptua."
    }
  },
  {
    "model": "projects.snapshot",
    "pk": 3,
    "fields": {
      "created": "2021-01-07T13:00:55.195Z",
      "updated": "2021-01-07T13:00:55.195Z",
      "project": 2,
      "title": "Test",
      "description": ""
    }
  },
  {
    "model": "projects.snapshot",
    "pk": 4,
    "fields": {
      "created": "2021-01-07T13:00:59.668Z",
      "updated": "2021-01-07T13:00:59.668Z",
      "project": 3,
      "title": "Test",
      "description": ""
    }
  },
  {
    "model": "projects.snapshot",
    "pk": 5,
    "fields": {
      "created": "2021-01-07T13:01:03.895Z",
      "updated": "2021-01-07T13:01:03.895Z",
      "project": 4,
      "title": "Test",
      "description": ""
    }
  },
  {
    "model": "projects.snapshot",
    "pk": 6,
    "fields": {
      "created": "2021-01-07T13:01:08.372Z",
      "updated": "2021-01-07T13:01:08.372Z",
      "project": 5,
      "title": "Test",
      "description": ""
    }
  },
  {
    "model": "projects.snapshot",
    "pk": 7,
    "fields": {
      "created": "2021-02-21T12:32:42.677Z",
      "updated": "2021-02-21T12:32:54.725Z",
      "project": 1,
      "title": "A second snapshot",
      "description": "At vero eos et accusam et justo duo dolores et ea rebum. Stet clita kasd gubergren, no sea takimata sanctus est. Lorem ipsum dolor sit amet."
    }
  },
  {
    "model": "projects.value",
    "pk": 1,
    "fields": {
      "created": "2017-04-25T14:52:59.412Z",
      "updated": "2018-07-23T12:15:12.912Z",
      "project": 1,
      "snapshot": null,
      "attribute": 3,
      "set_prefix": "",
      "set_index": 0,
      "collection_index": 0,
      "text": "Lorem ipsum dolor sit amet",
      "option": null,
      "file": "",
      "value_type": "text",
      "unit": "",
      "external_id": ""
    }
  },
  {
    "model": "projects.value",
    "pk": 2,
    "fields": {
      "created": "2017-04-25T14:53:03.399Z",
      "updated": "2018-07-20T15:08:28.850Z",
      "project": 1,
      "snapshot": null,
      "attribute": 4,
      "set_prefix": "",
      "set_index": 0,
      "collection_index": 0,
      "text": "Lorem ipsum dolor sit amet, consetetur sadipscing elitr, sed diam nonumy eirmod tempor invidunt ut labore et dolore magna aliquyam erat, sed diam voluptua. At vero eos et accusam et justo duo dolores et ea rebum. Stet clita kasd gubergren, no sea takimata sanctus est. Lorem ipsum dolor sit amet. Lorem ipsum dolor sit amet, consetetur sadipscing elitr, sed diam nonumy eirmod tempor invidunt ut labore et dolore magna aliquyam erat, sed diam voluptua. At vero eos et accusam et justo duo dolores et ea rebum. Stet clita kasd gubergren, no sea takimata sanctus est. Lorem ipsum dolor sit amet.",
      "option": null,
      "file": "",
      "value_type": "text",
      "unit": "",
      "external_id": ""
    }
  },
  {
    "model": "projects.value",
    "pk": 3,
    "fields": {
      "created": "2017-04-25T14:53:05.503Z",
      "updated": "2018-07-20T15:08:28.881Z",
      "project": 1,
      "snapshot": null,
      "attribute": 8,
      "set_prefix": "",
      "set_index": 0,
      "collection_index": 0,
      "text": "1",
      "option": null,
      "file": "",
      "value_type": "boolean",
      "unit": "",
      "external_id": ""
    }
  },
  {
    "model": "projects.value",
    "pk": 4,
    "fields": {
      "created": "2017-04-25T14:53:12.956Z",
      "updated": "2018-07-20T15:08:28.883Z",
      "project": 1,
      "snapshot": null,
      "attribute": 11,
      "set_prefix": "",
      "set_index": 0,
      "collection_index": 0,
      "text": "Lorem ipsum",
      "option": 7,
      "file": "",
      "value_type": "option",
      "unit": "",
      "external_id": ""
    }
  },
  {
    "model": "projects.value",
    "pk": 5,
    "fields": {
      "created": "2017-04-25T14:53:15.855Z",
      "updated": "2018-07-20T15:08:28.893Z",
      "project": 1,
      "snapshot": null,
      "attribute": 12,
      "set_prefix": "",
      "set_index": 0,
      "collection_index": 0,
      "text": "",
      "option": 1,
      "file": "",
      "value_type": "option",
      "unit": "",
      "external_id": ""
    }
  },
  {
    "model": "projects.value",
    "pk": 6,
    "fields": {
      "created": "2017-04-25T14:53:21.131Z",
      "updated": "2018-07-20T15:08:28.888Z",
      "project": 1,
      "snapshot": null,
      "attribute": 7,
      "set_prefix": "",
      "set_index": 0,
      "collection_index": 0,
      "text": "37",
      "option": null,
      "file": "",
      "value_type": "float",
      "unit": "",
      "external_id": ""
    }
  },
  {
    "model": "projects.value",
    "pk": 7,
    "fields": {
      "created": "2017-04-25T14:53:30.134Z",
      "updated": "2018-07-31T11:16:36.138Z",
      "project": 1,
      "snapshot": null,
      "attribute": 9,
      "set_prefix": "",
      "set_index": 0,
      "collection_index": 0,
      "text": "2018-01-01T00:00:00+01:00",
      "option": null,
      "file": "",
      "value_type": "datetime",
      "unit": "",
      "external_id": ""
    }
  },
  {
    "model": "projects.value",
    "pk": 8,
    "fields": {
      "created": "2017-04-25T14:53:40.735Z",
      "updated": "2018-07-20T15:08:34.026Z",
      "project": 1,
      "snapshot": null,
      "attribute": 21,
      "set_prefix": "",
      "set_index": 0,
      "collection_index": 0,
      "text": "Lorem ipsum dolor sit amet, consetetur sadipscing elitr",
      "option": null,
      "file": "",
      "value_type": "text",
      "unit": "",
      "external_id": ""
    }
  },
  {
    "model": "projects.value",
    "pk": 9,
    "fields": {
      "created": "2017-04-25T14:53:40.744Z",
      "updated": "2018-07-20T15:08:34.031Z",
      "project": 1,
      "snapshot": null,
      "attribute": 21,
      "set_prefix": "",
      "set_index": 0,
      "collection_index": 1,
      "text": "sed diam nonumy eirmod tempor invidunt ut labore et dolore magna aliquyam erat, sed diam voluptua",
      "option": null,
      "file": "",
      "value_type": "text",
      "unit": "",
      "external_id": ""
    }
  },
  {
    "model": "projects.value",
    "pk": 10,
    "fields": {
      "created": "2017-04-25T14:53:45.659Z",
      "updated": "2018-07-20T15:08:34.052Z",
      "project": 1,
      "snapshot": null,
      "attribute": 22,
      "set_prefix": "",
      "set_index": 0,
      "collection_index": 0,
      "text": "Lorem ipsum dolor sit amet, consetetur sadipscing elitr, sed diam nonumy eirmod tempor invidunt ut labore et dolore magna aliquyam erat, sed diam voluptua. At vero eos et accusam et justo duo dolores et ea rebum. Stet clita kasd gubergren, no sea takimata sanctus est. Lorem ipsum dolor sit amet.",
      "option": null,
      "file": "",
      "value_type": "text",
      "unit": "",
      "external_id": ""
    }
  },
  {
    "model": "projects.value",
    "pk": 11,
    "fields": {
      "created": "2017-04-25T14:53:56.532Z",
      "updated": "2018-07-20T15:08:34.045Z",
      "project": 1,
      "snapshot": null,
      "attribute": 22,
      "set_prefix": "",
      "set_index": 0,
      "collection_index": 1,
      "text": "Lorem ipsum dolor sit amet, consetetur sadipscing elitr, sed diam nonumy eirmod tempor invidunt ut labore et dolore magna aliquyam erat, sed diam voluptua. At vero eos et accusam et justo duo dolores et ea rebum. Stet clita kasd gubergren, no sea takimata sanctus est. Lorem ipsum dolor sit amet.",
      "option": null,
      "file": "",
      "value_type": "text",
      "unit": "",
      "external_id": ""
    }
  },
  {
    "model": "projects.value",
    "pk": 12,
    "fields": {
      "created": "2017-04-25T14:54:01.077Z",
      "updated": "2018-07-20T15:08:34.037Z",
      "project": 1,
      "snapshot": null,
      "attribute": 13,
      "set_prefix": "",
      "set_index": 0,
      "collection_index": 1,
      "text": "0",
      "option": null,
      "file": "",
      "value_type": "boolean",
      "unit": "",
      "external_id": ""
    }
  },
  {
    "model": "projects.value",
    "pk": 13,
    "fields": {
      "created": "2017-04-25T14:54:01.087Z",
      "updated": "2018-07-20T15:08:34.069Z",
      "project": 1,
      "snapshot": null,
      "attribute": 13,
      "set_prefix": "",
      "set_index": 0,
      "collection_index": 0,
      "text": "1",
      "option": null,
      "file": "",
      "value_type": "boolean",
      "unit": "",
      "external_id": ""
    }
  },
  {
    "model": "projects.value",
    "pk": 14,
    "fields": {
      "created": "2017-04-25T14:54:01.088Z",
      "updated": "2018-07-20T15:08:34.087Z",
      "project": 1,
      "snapshot": null,
      "attribute": 13,
      "set_prefix": "",
      "set_index": 0,
      "collection_index": 2,
      "text": "1",
      "option": null,
      "file": "",
      "value_type": "boolean",
      "unit": "",
      "external_id": ""
    }
  },
  {
    "model": "projects.value",
    "pk": 15,
    "fields": {
      "created": "2017-04-25T14:54:41.838Z",
      "updated": "2018-07-20T15:08:34.141Z",
      "project": 1,
      "snapshot": null,
      "attribute": 15,
      "set_prefix": "",
      "set_index": 0,
      "collection_index": 2,
      "text": "",
      "option": 6,
      "file": "",
      "value_type": "option",
      "unit": "",
      "external_id": ""
    }
  },
  {
    "model": "projects.value",
    "pk": 16,
    "fields": {
      "created": "2017-04-25T14:54:41.842Z",
      "updated": "2018-07-20T15:08:34.143Z",
      "project": 1,
      "snapshot": null,
      "attribute": 15,
      "set_prefix": "",
      "set_index": 0,
      "collection_index": 1,
      "text": "",
      "option": 5,
      "file": "",
      "value_type": "option",
      "unit": "",
      "external_id": ""
    }
  },
  {
    "model": "projects.value",
    "pk": 17,
    "fields": {
      "created": "2017-04-25T14:54:41.844Z",
      "updated": "2018-07-20T15:08:34.101Z",
      "project": 1,
      "snapshot": null,
      "attribute": 15,
      "set_prefix": "",
      "set_index": 0,
      "collection_index": 0,
      "text": "",
      "option": 4,
      "file": "",
      "value_type": "option",
      "unit": "",
      "external_id": ""
    }
  },
  {
    "model": "projects.value",
    "pk": 18,
    "fields": {
      "created": "2017-04-25T14:54:48.745Z",
      "updated": "2018-07-20T15:08:34.154Z",
      "project": 1,
      "snapshot": null,
      "attribute": 20,
      "set_prefix": "",
      "set_index": 0,
      "collection_index": 1,
      "text": "",
      "option": 2,
      "file": "",
      "value_type": "option",
      "unit": "",
      "external_id": ""
    }
  },
  {
    "model": "projects.value",
    "pk": 19,
    "fields": {
      "created": "2017-04-25T14:54:48.750Z",
      "updated": "2018-07-20T15:08:34.167Z",
      "project": 1,
      "snapshot": null,
      "attribute": 20,
      "set_prefix": "",
      "set_index": 0,
      "collection_index": 2,
      "text": "",
      "option": 3,
      "file": "",
      "value_type": "option",
      "unit": "",
      "external_id": ""
    }
  },
  {
    "model": "projects.value",
    "pk": 20,
    "fields": {
      "created": "2017-04-25T14:54:48.751Z",
      "updated": "2018-07-20T15:08:34.131Z",
      "project": 1,
      "snapshot": null,
      "attribute": 20,
      "set_prefix": "",
      "set_index": 0,
      "collection_index": 0,
      "text": "",
      "option": 1,
      "file": "",
      "value_type": "option",
      "unit": "",
      "external_id": ""
    }
  },
  {
    "model": "projects.value",
    "pk": 21,
    "fields": {
      "created": "2017-04-25T14:54:57.674Z",
      "updated": "2018-07-20T15:08:34.223Z",
      "project": 1,
      "snapshot": null,
      "attribute": 19,
      "set_prefix": "",
      "set_index": 0,
      "collection_index": 1,
      "text": "50",
      "option": null,
      "file": "",
      "value_type": "float",
      "unit": "",
      "external_id": ""
    }
  },
  {
    "model": "projects.value",
    "pk": 22,
    "fields": {
      "created": "2017-04-25T14:54:57.682Z",
      "updated": "2018-07-20T15:08:34.185Z",
      "project": 1,
      "snapshot": null,
      "attribute": 19,
      "set_prefix": "",
      "set_index": 0,
      "collection_index": 0,
      "text": "0",
      "option": null,
      "file": "",
      "value_type": "float",
      "unit": "",
      "external_id": ""
    }
  },
  {
    "model": "projects.value",
    "pk": 23,
    "fields": {
      "created": "2017-04-25T14:54:57.685Z",
      "updated": "2018-07-20T15:08:34.208Z",
      "project": 1,
      "snapshot": null,
      "attribute": 19,
      "set_prefix": "",
      "set_index": 0,
      "collection_index": 2,
      "text": "100",
      "option": null,
      "file": "",
      "value_type": "float",
      "unit": "",
      "external_id": ""
    }
  },
  {
    "model": "projects.value",
    "pk": 24,
    "fields": {
      "created": "2017-04-25T14:55:06.062Z",
      "updated": "2018-07-20T15:08:34.224Z",
      "project": 1,
      "snapshot": null,
      "attribute": 16,
      "set_prefix": "",
      "set_index": 0,
      "collection_index": 1,
      "text": "2017-04-02T00:00:00+02:00",
      "option": null,
      "file": "",
      "value_type": "datetime",
      "unit": "",
      "external_id": ""
    }
  },
  {
    "model": "projects.value",
    "pk": 25,
    "fields": {
      "created": "2017-04-25T14:55:06.073Z",
      "updated": "2018-07-20T15:08:34.226Z",
      "project": 1,
      "snapshot": null,
      "attribute": 16,
      "set_prefix": "",
      "set_index": 0,
      "collection_index": 0,
      "text": "2017-04-01T00:00:00+02:00",
      "option": null,
      "file": "",
      "value_type": "datetime",
      "unit": "",
      "external_id": ""
    }
  },
  {
    "model": "projects.value",
    "pk": 26,
    "fields": {
      "created": "2017-04-25T14:55:06.075Z",
      "updated": "2018-07-20T15:08:34.264Z",
      "project": 1,
      "snapshot": null,
      "attribute": 16,
      "set_prefix": "",
      "set_index": 0,
      "collection_index": 2,
      "text": "2017-04-03T00:00:00+02:00",
      "option": null,
      "file": "",
      "value_type": "datetime",
      "unit": "",
      "external_id": ""
    }
  },
  {
    "model": "projects.value",
    "pk": 27,
    "fields": {
      "created": "2017-04-25T14:55:11.016Z",
      "updated": "2018-07-20T15:08:34.265Z",
      "project": 1,
      "snapshot": null,
      "attribute": 14,
      "set_prefix": "",
      "set_index": 0,
      "collection_index": 0,
      "text": "",
      "option": 4,
      "file": "",
      "value_type": "option",
      "unit": "",
      "external_id": ""
    }
  },
  {
    "model": "projects.value",
    "pk": 29,
    "fields": {
      "created": "2017-04-25T14:55:19.847Z",
      "updated": "2018-07-20T15:09:31.505Z",
      "project": 1,
      "snapshot": null,
      "attribute": 49,
      "set_prefix": "",
      "set_index": 0,
      "collection_index": 0,
      "text": "Lorem ipsum dolor sit amet, consetetur sadipscing elitr",
      "option": null,
      "file": "",
      "value_type": "text",
      "unit": "",
      "external_id": ""
    }
  },
  {
    "model": "projects.value",
    "pk": 30,
    "fields": {
      "created": "2017-04-25T14:55:19.853Z",
      "updated": "2018-07-20T15:09:31.508Z",
      "project": 1,
      "snapshot": null,
      "attribute": 50,
      "set_prefix": "",
      "set_index": 0,
      "collection_index": 0,
      "text": "Lorem ipsum dolor sit amet, consetetur sadipscing elitr, sed diam nonumy eirmod tempor invidunt ut labore et dolore magna aliquyam erat, sed diam voluptua. At vero eos et accusam et justo duo dolores et ea rebum. Stet clita kasd gubergren, no sea takimata sanctus est. Lorem ipsum dolor sit amet. Lorem ipsum dolor sit amet, consetetur sadipscing elitr, sed diam nonumy eirmod tempor invidunt ut labore et dolore magna aliquyam erat, sed diam voluptua. At vero eos et accusam et justo duo dolores et ea rebum. Stet clita kasd gubergren, no sea takimata sanctus est. Lorem ipsum dolor sit amet.",
      "option": null,
      "file": "",
      "value_type": "text",
      "unit": "",
      "external_id": ""
    }
  },
  {
    "model": "projects.value",
    "pk": 31,
    "fields": {
      "created": "2017-04-25T14:55:25.443Z",
      "updated": "2018-07-20T15:27:00.982Z",
      "project": 1,
      "snapshot": null,
      "attribute": 47,
      "set_prefix": "",
      "set_index": 0,
      "collection_index": 0,
      "text": "Lorem ipsum dolor sit amet, consetetur sadipscing elitr",
      "option": null,
      "file": "",
      "value_type": "text",
      "unit": "",
      "external_id": ""
    }
  },
  {
    "model": "projects.value",
    "pk": 32,
    "fields": {
      "created": "2017-04-25T14:55:25.449Z",
      "updated": "2018-07-20T15:27:00.979Z",
      "project": 1,
      "snapshot": null,
      "attribute": 48,
      "set_prefix": "",
      "set_index": 0,
      "collection_index": 0,
      "text": "Lorem ipsum dolor sit amet, consetetur sadipscing elitr, sed diam nonumy eirmod tempor invidunt ut labore et dolore magna aliquyam erat, sed diam voluptua. At vero eos et accusam et justo duo dolores et ea rebum. Stet clita kasd gubergren, no sea takimata sanctus est. Lorem ipsum dolor sit amet. Lorem ipsum dolor sit amet, consetetur sadipscing elitr, sed diam nonumy eirmod tempor invidunt ut labore et dolore magna aliquyam erat, sed diam voluptua. At vero eos et accusam et justo duo dolores et ea rebum. Stet clita kasd gubergren, no sea takimata sanctus est. Lorem ipsum dolor sit amet.",
      "option": null,
      "file": "",
      "value_type": "text",
      "unit": "",
      "external_id": ""
    }
  },
  {
    "model": "projects.value",
    "pk": 34,
    "fields": {
      "created": "2017-04-25T14:55:30.120Z",
      "updated": "2018-07-20T15:27:01.167Z",
      "project": 1,
      "snapshot": null,
      "attribute": 48,
      "set_prefix": "",
      "set_index": 1,
      "collection_index": 0,
      "text": "Lorem ipsum dolor sit amet, consetetur sadipscing elitr, sed diam nonumy eirmod tempor invidunt ut labore et dolore magna aliquyam erat, sed diam voluptua. At vero eos et accusam et justo duo dolores et ea rebum. Stet clita kasd gubergren, no sea takimata sanctus est. Lorem ipsum dolor sit amet. Lorem ipsum dolor sit amet, consetetur sadipscing elitr, sed diam nonumy eirmod tempor invidunt ut labore et dolore magna aliquyam erat, sed diam voluptua. At vero eos et accusam et justo duo dolores et ea rebum. Stet clita kasd gubergren, no sea takimata sanctus est. Lorem ipsum dolor sit amet.",
      "option": null,
      "file": "",
      "value_type": "text",
      "unit": "",
      "external_id": ""
    }
  },
  {
    "model": "projects.value",
    "pk": 35,
    "fields": {
      "created": "2017-04-25T14:55:30.124Z",
      "updated": "2018-07-20T15:27:01.174Z",
      "project": 1,
      "snapshot": null,
      "attribute": 47,
      "set_prefix": "",
      "set_index": 1,
      "collection_index": 0,
      "text": "Lorem ipsum dolor sit amet, consetetur sadipscing elitr",
      "option": null,
      "file": "",
      "value_type": "text",
      "unit": "",
      "external_id": ""
    }
  },
  {
    "model": "projects.value",
    "pk": 46,
    "fields": {
      "created": "2018-07-20T15:08:22.495Z",
      "updated": "2018-07-20T15:08:34.266Z",
      "project": 1,
      "snapshot": null,
      "attribute": 14,
      "set_prefix": "",
      "set_index": 0,
      "collection_index": 2,
      "text": "",
      "option": 6,
      "file": "",
      "value_type": "option",
      "unit": "",
      "external_id": ""
    }
  },
  {
    "model": "projects.value",
    "pk": 47,
    "fields": {
      "created": "2018-07-20T15:08:38.974Z",
      "updated": "2018-07-20T15:09:31.574Z",
      "project": 1,
      "snapshot": null,
      "attribute": 49,
      "set_prefix": "",
      "set_index": 1,
      "collection_index": 0,
      "text": "Lorem ipsum dolor sit amet, consetetur sadipscing elitr",
      "option": null,
      "file": "",
      "value_type": "text",
      "unit": "",
      "external_id": ""
    }
  },
  {
    "model": "projects.value",
    "pk": 48,
    "fields": {
      "created": "2018-07-20T15:08:38.975Z",
      "updated": "2018-07-20T15:09:31.585Z",
      "project": 1,
      "snapshot": null,
      "attribute": 50,
      "set_prefix": "",
      "set_index": 1,
      "collection_index": 0,
      "text": "Lorem ipsum dolor sit amet, consetetur sadipscing elitr, sed diam nonumy eirmod tempor invidunt ut labore et dolore magna aliquyam erat, sed diam voluptua. At vero eos et accusam et justo duo dolores et ea rebum. Stet clita kasd gubergren, no sea takimata sanctus est. Lorem ipsum dolor sit amet. Lorem ipsum dolor sit amet, consetetur sadipscing elitr, sed diam nonumy eirmod tempor invidunt ut labore et dolore magna aliquyam erat, sed diam voluptua. At vero eos et accusam et justo duo dolores et ea rebum. Stet clita kasd gubergren, no sea takimata sanctus est. Lorem ipsum dolor sit amet.",
      "option": null,
      "file": "",
      "value_type": "text",
      "unit": "",
      "external_id": ""
    }
  },
  {
    "model": "projects.value",
    "pk": 49,
    "fields": {
      "created": "2018-07-20T15:08:38.976Z",
      "updated": "2018-07-20T15:09:31.623Z",
      "project": 1,
      "snapshot": null,
      "attribute": 74,
      "set_prefix": "",
      "set_index": 1,
      "collection_index": 0,
      "text": "",
      "option": 5,
      "file": "",
      "value_type": "option",
      "unit": "",
      "external_id": ""
    }
  },
  {
    "model": "projects.value",
    "pk": 50,
    "fields": {
      "created": "2018-07-20T15:08:38.982Z",
      "updated": "2018-07-20T15:09:31.595Z",
      "project": 1,
      "snapshot": null,
      "attribute": 70,
      "set_prefix": "",
      "set_index": 1,
      "collection_index": 0,
      "text": "0",
      "option": null,
      "file": "",
      "value_type": "boolean",
      "unit": "",
      "external_id": ""
    }
  },
  {
    "model": "projects.value",
    "pk": 51,
    "fields": {
      "created": "2018-07-20T15:08:38.992Z",
      "updated": "2018-07-20T15:09:31.621Z",
      "project": 1,
      "snapshot": null,
      "attribute": 76,
      "set_prefix": "",
      "set_index": 1,
      "collection_index": 0,
      "text": "",
      "option": 2,
      "file": "",
      "value_type": "option",
      "unit": "",
      "external_id": ""
    }
  },
  {
    "model": "projects.value",
    "pk": 52,
    "fields": {
      "created": "2018-07-20T15:08:38.997Z",
      "updated": "2018-07-20T15:09:31.644Z",
      "project": 1,
      "snapshot": null,
      "attribute": 75,
      "set_prefix": "",
      "set_index": 1,
      "collection_index": 0,
      "text": "2",
      "option": null,
      "file": "",
      "value_type": "float",
      "unit": "",
      "external_id": ""
    }
  },
  {
    "model": "projects.value",
    "pk": 53,
    "fields": {
      "created": "2018-07-20T15:08:39.010Z",
      "updated": "2018-07-20T15:09:31.645Z",
      "project": 1,
      "snapshot": null,
      "attribute": 71,
      "set_prefix": "",
      "set_index": 1,
      "collection_index": 0,
      "text": "2018-02-07T00:00:00+01:00",
      "option": null,
      "file": "",
      "value_type": "datetime",
      "unit": "",
      "external_id": ""
    }
  },
  {
    "model": "projects.value",
    "pk": 54,
    "fields": {
      "created": "2018-07-20T15:09:23.797Z",
      "updated": "2018-07-20T15:09:31.514Z",
      "project": 1,
      "snapshot": null,
      "attribute": 70,
      "set_prefix": "",
      "set_index": 0,
      "collection_index": 0,
      "text": "1",
      "option": null,
      "file": "",
      "value_type": "boolean",
      "unit": "",
      "external_id": ""
    }
  },
  {
    "model": "projects.value",
    "pk": 55,
    "fields": {
      "created": "2018-07-20T15:09:23.807Z",
      "updated": "2018-07-20T15:09:31.525Z",
      "project": 1,
      "snapshot": null,
      "attribute": 75,
      "set_prefix": "",
      "set_index": 0,
      "collection_index": 0,
      "text": "1",
      "option": null,
      "file": "",
      "value_type": "float",
      "unit": "",
      "external_id": ""
    }
  },
  {
    "model": "projects.value",
    "pk": 56,
    "fields": {
      "created": "2018-07-20T15:09:23.804Z",
      "updated": "2018-07-20T15:09:31.543Z",
      "project": 1,
      "snapshot": null,
      "attribute": 74,
      "set_prefix": "",
      "set_index": 0,
      "collection_index": 0,
      "text": "",
      "option": 4,
      "file": "",
      "value_type": "option",
      "unit": "",
      "external_id": ""
    }
  },
  {
    "model": "projects.value",
    "pk": 57,
    "fields": {
      "created": "2018-07-20T15:09:23.813Z",
      "updated": "2018-07-20T15:09:31.530Z",
      "project": 1,
      "snapshot": null,
      "attribute": 76,
      "set_prefix": "",
      "set_index": 0,
      "collection_index": 0,
      "text": "",
      "option": 1,
      "file": "",
      "value_type": "option",
      "unit": "",
      "external_id": ""
    }
  },
  {
    "model": "projects.value",
    "pk": 58,
    "fields": {
      "created": "2018-07-20T15:09:23.833Z",
      "updated": "2018-07-20T15:09:31.565Z",
      "project": 1,
      "snapshot": null,
      "attribute": 71,
      "set_prefix": "",
      "set_index": 0,
      "collection_index": 0,
      "text": "2018-01-07T00:00:00+01:00",
      "option": null,
      "file": "",
      "value_type": "datetime",
      "unit": "",
      "external_id": ""
    }
  },
  {
    "model": "projects.value",
    "pk": 59,
    "fields": {
      "created": "2018-07-20T15:27:00.962Z",
      "updated": "2018-07-20T15:27:00.962Z",
      "project": 1,
      "snapshot": null,
      "attribute": 62,
      "set_prefix": "",
      "set_index": 0,
      "collection_index": 0,
      "text": "1",
      "option": null,
      "file": "",
      "value_type": "boolean",
      "unit": "",
      "external_id": ""
    }
  },
  {
    "model": "projects.value",
    "pk": 60,
    "fields": {
      "created": "2018-07-20T15:27:00.980Z",
      "updated": "2018-07-20T15:27:00.980Z",
      "project": 1,
      "snapshot": null,
      "attribute": 62,
      "set_prefix": "",
      "set_index": 0,
      "collection_index": 2,
      "text": "1",
      "option": null,
      "file": "",
      "value_type": "boolean",
      "unit": "",
      "external_id": ""
    }
  },
  {
    "model": "projects.value",
    "pk": 61,
    "fields": {
      "created": "2018-07-20T15:27:00.981Z",
      "updated": "2018-07-20T15:27:00.981Z",
      "project": 1,
      "snapshot": null,
      "attribute": 62,
      "set_prefix": "",
      "set_index": 0,
      "collection_index": 1,
      "text": "0",
      "option": null,
      "file": "",
      "value_type": "boolean",
      "unit": "",
      "external_id": ""
    }
  },
  {
    "model": "projects.value",
    "pk": 62,
    "fields": {
      "created": "2018-07-20T15:27:00.995Z",
      "updated": "2018-07-20T15:27:00.995Z",
      "project": 1,
      "snapshot": null,
      "attribute": 66,
      "set_prefix": "",
      "set_index": 0,
      "collection_index": 0,
      "text": "",
      "option": 4,
      "file": "",
      "value_type": "option",
      "unit": "",
      "external_id": ""
    }
  },
  {
    "model": "projects.value",
    "pk": 63,
    "fields": {
      "created": "2018-07-20T15:27:01.061Z",
      "updated": "2018-07-20T15:27:01.061Z",
      "project": 1,
      "snapshot": null,
      "attribute": 66,
      "set_prefix": "",
      "set_index": 0,
      "collection_index": 1,
      "text": "",
      "option": 5,
      "file": "",
      "value_type": "option",
      "unit": "",
      "external_id": ""
    }
  },
  {
    "model": "projects.value",
    "pk": 64,
    "fields": {
      "created": "2018-07-20T15:27:01.072Z",
      "updated": "2018-07-20T15:27:01.072Z",
      "project": 1,
      "snapshot": null,
      "attribute": 66,
      "set_prefix": "",
      "set_index": 0,
      "collection_index": 2,
      "text": "",
      "option": 6,
      "file": "",
      "value_type": "option",
      "unit": "",
      "external_id": ""
    }
  },
  {
    "model": "projects.value",
    "pk": 65,
    "fields": {
      "created": "2018-07-20T15:27:01.080Z",
      "updated": "2018-07-20T15:27:01.080Z",
      "project": 1,
      "snapshot": null,
      "attribute": 67,
      "set_prefix": "",
      "set_index": 0,
      "collection_index": 0,
      "text": "16",
      "option": null,
      "file": "",
      "value_type": "float",
      "unit": "",
      "external_id": ""
    }
  },
  {
    "model": "projects.value",
    "pk": 66,
    "fields": {
      "created": "2018-07-20T15:27:01.087Z",
      "updated": "2018-07-20T15:27:01.087Z",
      "project": 1,
      "snapshot": null,
      "attribute": 68,
      "set_prefix": "",
      "set_index": 0,
      "collection_index": 1,
      "text": "",
      "option": 2,
      "file": "",
      "value_type": "option",
      "unit": "",
      "external_id": ""
    }
  },
  {
    "model": "projects.value",
    "pk": 67,
    "fields": {
      "created": "2018-07-20T15:27:01.090Z",
      "updated": "2018-07-20T15:27:01.090Z",
      "project": 1,
      "snapshot": null,
      "attribute": 68,
      "set_prefix": "",
      "set_index": 0,
      "collection_index": 0,
      "text": "",
      "option": 1,
      "file": "",
      "value_type": "option",
      "unit": "",
      "external_id": ""
    }
  },
  {
    "model": "projects.value",
    "pk": 68,
    "fields": {
      "created": "2018-07-20T15:27:01.093Z",
      "updated": "2018-07-20T15:27:01.093Z",
      "project": 1,
      "snapshot": null,
      "attribute": 67,
      "set_prefix": "",
      "set_index": 0,
      "collection_index": 1,
      "text": "31",
      "option": null,
      "file": "",
      "value_type": "float",
      "unit": "",
      "external_id": ""
    }
  },
  {
    "model": "projects.value",
    "pk": 69,
    "fields": {
      "created": "2018-07-20T15:27:01.110Z",
      "updated": "2018-07-20T15:27:01.110Z",
      "project": 1,
      "snapshot": null,
      "attribute": 63,
      "set_prefix": "",
      "set_index": 0,
      "collection_index": 0,
      "text": "2018-01-07T00:00:00+01:00",
      "option": null,
      "file": "",
      "value_type": "datetime",
      "unit": "",
      "external_id": ""
    }
  },
  {
    "model": "projects.value",
    "pk": 70,
    "fields": {
      "created": "2018-07-20T15:27:01.126Z",
      "updated": "2018-07-20T15:27:01.126Z",
      "project": 1,
      "snapshot": null,
      "attribute": 63,
      "set_prefix": "",
      "set_index": 0,
      "collection_index": 1,
      "text": "2018-02-07T00:00:00+01:00",
      "option": null,
      "file": "",
      "value_type": "datetime",
      "unit": "",
      "external_id": ""
    }
  },
  {
    "model": "projects.value",
    "pk": 71,
    "fields": {
      "created": "2018-07-20T15:27:01.133Z",
      "updated": "2018-07-20T15:27:01.133Z",
      "project": 1,
      "snapshot": null,
      "attribute": 78,
      "set_prefix": "",
      "set_index": 0,
      "collection_index": 1,
      "text": "",
      "option": 5,
      "file": "",
      "value_type": "option",
      "unit": "",
      "external_id": ""
    }
  },
  {
    "model": "projects.value",
    "pk": 72,
    "fields": {
      "created": "2018-07-20T15:27:01.151Z",
      "updated": "2018-07-20T15:27:01.151Z",
      "project": 1,
      "snapshot": null,
      "attribute": 78,
      "set_prefix": "",
      "set_index": 0,
      "collection_index": 2,
      "text": "",
      "option": 6,
      "file": "",
      "value_type": "option",
      "unit": "",
      "external_id": ""
    }
  },
  {
    "model": "projects.value",
    "pk": 73,
    "fields": {
      "created": "2018-07-20T15:27:01.189Z",
      "updated": "2018-07-20T15:27:01.189Z",
      "project": 1,
      "snapshot": null,
      "attribute": 62,
      "set_prefix": "",
      "set_index": 1,
      "collection_index": 0,
      "text": "0",
      "option": null,
      "file": "",
      "value_type": "boolean",
      "unit": "",
      "external_id": ""
    }
  },
  {
    "model": "projects.value",
    "pk": 74,
    "fields": {
      "created": "2018-07-20T15:27:01.190Z",
      "updated": "2018-07-20T15:27:01.190Z",
      "project": 1,
      "snapshot": null,
      "attribute": 62,
      "set_prefix": "",
      "set_index": 1,
      "collection_index": 1,
      "text": "1",
      "option": null,
      "file": "",
      "value_type": "boolean",
      "unit": "",
      "external_id": ""
    }
  },
  {
    "model": "projects.value",
    "pk": 75,
    "fields": {
      "created": "2018-07-20T15:27:01.191Z",
      "updated": "2018-07-20T15:27:01.191Z",
      "project": 1,
      "snapshot": null,
      "attribute": 62,
      "set_prefix": "",
      "set_index": 1,
      "collection_index": 2,
      "text": "0",
      "option": null,
      "file": "",
      "value_type": "boolean",
      "unit": "",
      "external_id": ""
    }
  },
  {
    "model": "projects.value",
    "pk": 76,
    "fields": {
      "created": "2018-07-20T15:27:01.213Z",
      "updated": "2018-07-20T15:27:01.213Z",
      "project": 1,
      "snapshot": null,
      "attribute": 66,
      "set_prefix": "",
      "set_index": 1,
      "collection_index": 0,
      "text": "",
      "option": 6,
      "file": "",
      "value_type": "option",
      "unit": "",
      "external_id": ""
    }
  },
  {
    "model": "projects.value",
    "pk": 77,
    "fields": {
      "created": "2018-07-20T15:27:01.233Z",
      "updated": "2018-07-20T15:27:01.233Z",
      "project": 1,
      "snapshot": null,
      "attribute": 66,
      "set_prefix": "",
      "set_index": 1,
      "collection_index": 2,
      "text": "",
      "option": 4,
      "file": "",
      "value_type": "option",
      "unit": "",
      "external_id": ""
    }
  },
  {
    "model": "projects.value",
    "pk": 78,
    "fields": {
      "created": "2018-07-20T15:27:01.233Z",
      "updated": "2018-07-20T15:27:01.233Z",
      "project": 1,
      "snapshot": null,
      "attribute": 66,
      "set_prefix": "",
      "set_index": 1,
      "collection_index": 1,
      "text": "",
      "option": 5,
      "file": "",
      "value_type": "option",
      "unit": "",
      "external_id": ""
    }
  },
  {
    "model": "projects.value",
    "pk": 79,
    "fields": {
      "created": "2018-07-20T15:27:01.247Z",
      "updated": "2018-07-20T15:27:01.247Z",
      "project": 1,
      "snapshot": null,
      "attribute": 68,
      "set_prefix": "",
      "set_index": 1,
      "collection_index": 0,
      "text": "",
      "option": 3,
      "file": "",
      "value_type": "option",
      "unit": "",
      "external_id": ""
    }
  },
  {
    "model": "projects.value",
    "pk": 80,
    "fields": {
      "created": "2018-07-20T15:27:01.256Z",
      "updated": "2018-07-20T15:27:01.256Z",
      "project": 1,
      "snapshot": null,
      "attribute": 67,
      "set_prefix": "",
      "set_index": 1,
      "collection_index": 0,
      "text": "86",
      "option": null,
      "file": "",
      "value_type": "float",
      "unit": "",
      "external_id": ""
    }
  },
  {
    "model": "projects.value",
    "pk": 81,
    "fields": {
      "created": "2018-07-20T15:27:01.265Z",
      "updated": "2018-07-20T15:27:01.265Z",
      "project": 1,
      "snapshot": null,
      "attribute": 63,
      "set_prefix": "",
      "set_index": 1,
      "collection_index": 0,
      "text": "2018-10-07T00:00:00+02:00",
      "option": null,
      "file": "",
      "value_type": "datetime",
      "unit": "",
      "external_id": ""
    }
  },
  {
    "model": "projects.value",
    "pk": 82,
    "fields": {
      "created": "2018-07-20T15:27:01.277Z",
      "updated": "2018-07-20T15:27:01.277Z",
      "project": 1,
      "snapshot": null,
      "attribute": 63,
      "set_prefix": "",
      "set_index": 1,
      "collection_index": 1,
      "text": "2018-11-07T00:00:00+01:00",
      "option": null,
      "file": "",
      "value_type": "datetime",
      "unit": "",
      "external_id": ""
    }
  },
  {
    "model": "projects.value",
    "pk": 83,
    "fields": {
      "created": "2018-07-20T15:27:01.282Z",
      "updated": "2018-07-20T15:27:01.282Z",
      "project": 1,
      "snapshot": null,
      "attribute": 78,
      "set_prefix": "",
      "set_index": 1,
      "collection_index": 0,
      "text": "",
      "option": 4,
      "file": "",
      "value_type": "option",
      "unit": "",
      "external_id": ""
    }
  },
  {
    "model": "projects.value",
    "pk": 84,
    "fields": {
      "created": "2018-07-23T11:10:30.841Z",
      "updated": "2018-08-30T12:10:29.720Z",
      "project": 1,
      "snapshot": null,
      "attribute": 79,
      "set_prefix": "",
      "set_index": 0,
      "collection_index": 0,
      "text": "First",
      "option": null,
      "file": "",
      "value_type": "text",
      "unit": "",
      "external_id": ""
    }
  },
  {
    "model": "projects.value",
    "pk": 85,
    "fields": {
      "created": "2018-07-23T11:10:33.797Z",
      "updated": "2018-08-30T12:10:34.986Z",
      "project": 1,
      "snapshot": null,
      "attribute": 79,
      "set_prefix": "",
      "set_index": 1,
      "collection_index": 0,
      "text": "Second",
      "option": null,
      "file": "",
      "value_type": "text",
      "unit": "",
      "external_id": ""
    }
  },
  {
    "model": "projects.value",
    "pk": 86,
    "fields": {
      "created": "2018-07-23T11:29:20.935Z",
      "updated": "2018-07-31T11:15:48.762Z",
      "project": 1,
      "snapshot": null,
      "attribute": 81,
      "set_prefix": "",
      "set_index": 0,
      "collection_index": 0,
      "text": "test",
      "option": null,
      "file": "",
      "value_type": "text",
      "unit": "",
      "external_id": ""
    }
  },
  {
    "model": "projects.value",
    "pk": 87,
    "fields": {
      "created": "2018-07-23T11:30:48.237Z",
      "updated": "2018-07-31T11:43:43.080Z",
      "project": 1,
      "snapshot": null,
      "attribute": 82,
      "set_prefix": "",
      "set_index": 0,
      "collection_index": 0,
      "text": "",
      "option": 1,
      "file": "",
      "value_type": "option",
      "unit": "",
      "external_id": ""
    }
  },
  {
    "model": "projects.value",
    "pk": 88,
    "fields": {
      "created": "2018-08-30T12:09:19.778Z",
      "updated": "2018-08-30T12:09:19.778Z",
      "project": 1,
      "snapshot": 1,
      "attribute": 82,
      "set_prefix": "",
      "set_index": 0,
      "collection_index": 0,
      "text": "",
      "option": 1,
      "file": "",
      "value_type": "option",
      "unit": "",
      "external_id": ""
    }
  },
  {
    "model": "projects.value",
    "pk": 89,
    "fields": {
      "created": "2018-08-30T12:09:19.780Z",
      "updated": "2018-08-30T12:09:19.780Z",
      "project": 1,
      "snapshot": 1,
      "attribute": 81,
      "set_prefix": "",
      "set_index": 0,
      "collection_index": 0,
      "text": "test",
      "option": null,
      "file": "",
      "value_type": "text",
      "unit": "",
      "external_id": ""
    }
  },
  {
    "model": "projects.value",
    "pk": 90,
    "fields": {
      "created": "2018-08-30T12:09:19.781Z",
      "updated": "2018-08-30T12:09:19.781Z",
      "project": 1,
      "snapshot": 1,
      "attribute": 13,
      "set_prefix": "",
      "set_index": 0,
      "collection_index": 0,
      "text": "1",
      "option": null,
      "file": "",
      "value_type": "boolean",
      "unit": "",
      "external_id": ""
    }
  },
  {
    "model": "projects.value",
    "pk": 91,
    "fields": {
      "created": "2018-08-30T12:09:19.781Z",
      "updated": "2018-08-30T12:09:19.781Z",
      "project": 1,
      "snapshot": 1,
      "attribute": 13,
      "set_prefix": "",
      "set_index": 0,
      "collection_index": 1,
      "text": "0",
      "option": null,
      "file": "",
      "value_type": "boolean",
      "unit": "",
      "external_id": ""
    }
  },
  {
    "model": "projects.value",
    "pk": 92,
    "fields": {
      "created": "2018-08-30T12:09:19.782Z",
      "updated": "2018-08-30T12:09:19.782Z",
      "project": 1,
      "snapshot": 1,
      "attribute": 13,
      "set_prefix": "",
      "set_index": 0,
      "collection_index": 2,
      "text": "1",
      "option": null,
      "file": "",
      "value_type": "boolean",
      "unit": "",
      "external_id": ""
    }
  },
  {
    "model": "projects.value",
    "pk": 93,
    "fields": {
      "created": "2018-08-30T12:09:19.783Z",
      "updated": "2018-08-30T12:09:19.783Z",
      "project": 1,
      "snapshot": 1,
      "attribute": 14,
      "set_prefix": "",
      "set_index": 0,
      "collection_index": 0,
      "text": "",
      "option": 4,
      "file": "",
      "value_type": "option",
      "unit": "",
      "external_id": ""
    }
  },
  {
    "model": "projects.value",
    "pk": 94,
    "fields": {
      "created": "2018-08-30T12:09:19.783Z",
      "updated": "2018-08-30T12:09:19.783Z",
      "project": 1,
      "snapshot": 1,
      "attribute": 14,
      "set_prefix": "",
      "set_index": 0,
      "collection_index": 2,
      "text": "",
      "option": 6,
      "file": "",
      "value_type": "option",
      "unit": "",
      "external_id": ""
    }
  },
  {
    "model": "projects.value",
    "pk": 95,
    "fields": {
      "created": "2018-08-30T12:09:19.784Z",
      "updated": "2018-08-30T12:09:19.784Z",
      "project": 1,
      "snapshot": 1,
      "attribute": 16,
      "set_prefix": "",
      "set_index": 0,
      "collection_index": 0,
      "text": "2017-04-01T00:00:00+02:00",
      "option": null,
      "file": "",
      "value_type": "datetime",
      "unit": "",
      "external_id": ""
    }
  },
  {
    "model": "projects.value",
    "pk": 96,
    "fields": {
      "created": "2018-08-30T12:09:19.785Z",
      "updated": "2018-08-30T12:09:19.785Z",
      "project": 1,
      "snapshot": 1,
      "attribute": 16,
      "set_prefix": "",
      "set_index": 0,
      "collection_index": 1,
      "text": "2017-04-02T00:00:00+02:00",
      "option": null,
      "file": "",
      "value_type": "datetime",
      "unit": "",
      "external_id": ""
    }
  },
  {
    "model": "projects.value",
    "pk": 97,
    "fields": {
      "created": "2018-08-30T12:09:19.786Z",
      "updated": "2018-08-30T12:09:19.786Z",
      "project": 1,
      "snapshot": 1,
      "attribute": 16,
      "set_prefix": "",
      "set_index": 0,
      "collection_index": 2,
      "text": "2017-04-03T00:00:00+02:00",
      "option": null,
      "file": "",
      "value_type": "datetime",
      "unit": "",
      "external_id": ""
    }
  },
  {
    "model": "projects.value",
    "pk": 98,
    "fields": {
      "created": "2018-08-30T12:09:19.786Z",
      "updated": "2018-08-30T12:09:19.786Z",
      "project": 1,
      "snapshot": 1,
      "attribute": 15,
      "set_prefix": "",
      "set_index": 0,
      "collection_index": 0,
      "text": "",
      "option": 4,
      "file": "",
      "value_type": "option",
      "unit": "",
      "external_id": ""
    }
  },
  {
    "model": "projects.value",
    "pk": 99,
    "fields": {
      "created": "2018-08-30T12:09:19.787Z",
      "updated": "2018-08-30T12:09:19.787Z",
      "project": 1,
      "snapshot": 1,
      "attribute": 15,
      "set_prefix": "",
      "set_index": 0,
      "collection_index": 1,
      "text": "",
      "option": 5,
      "file": "",
      "value_type": "option",
      "unit": "",
      "external_id": ""
    }
  },
  {
    "model": "projects.value",
    "pk": 100,
    "fields": {
      "created": "2018-08-30T12:09:19.787Z",
      "updated": "2018-08-30T12:09:19.787Z",
      "project": 1,
      "snapshot": 1,
      "attribute": 15,
      "set_prefix": "",
      "set_index": 0,
      "collection_index": 2,
      "text": "",
      "option": 6,
      "file": "",
      "value_type": "option",
      "unit": "",
      "external_id": ""
    }
  },
  {
    "model": "projects.value",
    "pk": 101,
    "fields": {
      "created": "2018-08-30T12:09:19.788Z",
      "updated": "2018-08-30T12:09:19.788Z",
      "project": 1,
      "snapshot": 1,
      "attribute": 19,
      "set_prefix": "",
      "set_index": 0,
      "collection_index": 0,
      "text": "0",
      "option": null,
      "file": "",
      "value_type": "float",
      "unit": "",
      "external_id": ""
    }
  },
  {
    "model": "projects.value",
    "pk": 102,
    "fields": {
      "created": "2018-08-30T12:09:19.788Z",
      "updated": "2018-08-30T12:09:19.788Z",
      "project": 1,
      "snapshot": 1,
      "attribute": 19,
      "set_prefix": "",
      "set_index": 0,
      "collection_index": 1,
      "text": "50",
      "option": null,
      "file": "",
      "value_type": "float",
      "unit": "",
      "external_id": ""
    }
  },
  {
    "model": "projects.value",
    "pk": 103,
    "fields": {
      "created": "2018-08-30T12:09:19.788Z",
      "updated": "2018-08-30T12:09:19.788Z",
      "project": 1,
      "snapshot": 1,
      "attribute": 19,
      "set_prefix": "",
      "set_index": 0,
      "collection_index": 2,
      "text": "100",
      "option": null,
      "file": "",
      "value_type": "float",
      "unit": "",
      "external_id": ""
    }
  },
  {
    "model": "projects.value",
    "pk": 104,
    "fields": {
      "created": "2018-08-30T12:09:19.789Z",
      "updated": "2018-08-30T12:09:19.789Z",
      "project": 1,
      "snapshot": 1,
      "attribute": 20,
      "set_prefix": "",
      "set_index": 0,
      "collection_index": 0,
      "text": "",
      "option": 1,
      "file": "",
      "value_type": "option",
      "unit": "",
      "external_id": ""
    }
  },
  {
    "model": "projects.value",
    "pk": 105,
    "fields": {
      "created": "2018-08-30T12:09:19.789Z",
      "updated": "2018-08-30T12:09:19.789Z",
      "project": 1,
      "snapshot": 1,
      "attribute": 20,
      "set_prefix": "",
      "set_index": 0,
      "collection_index": 1,
      "text": "",
      "option": 2,
      "file": "",
      "value_type": "option",
      "unit": "",
      "external_id": ""
    }
  },
  {
    "model": "projects.value",
    "pk": 106,
    "fields": {
      "created": "2018-08-30T12:09:19.790Z",
      "updated": "2018-08-30T12:09:19.790Z",
      "project": 1,
      "snapshot": 1,
      "attribute": 20,
      "set_prefix": "",
      "set_index": 0,
      "collection_index": 2,
      "text": "",
      "option": 3,
      "file": "",
      "value_type": "option",
      "unit": "",
      "external_id": ""
    }
  },
  {
    "model": "projects.value",
    "pk": 107,
    "fields": {
      "created": "2018-08-30T12:09:19.790Z",
      "updated": "2018-08-30T12:09:19.790Z",
      "project": 1,
      "snapshot": 1,
      "attribute": 21,
      "set_prefix": "",
      "set_index": 0,
      "collection_index": 0,
      "text": "Lorem ipsum dolor sit amet, consetetur sadipscing elitr",
      "option": null,
      "file": "",
      "value_type": "text",
      "unit": "",
      "external_id": ""
    }
  },
  {
    "model": "projects.value",
    "pk": 108,
    "fields": {
      "created": "2018-08-30T12:09:19.791Z",
      "updated": "2018-08-30T12:09:19.791Z",
      "project": 1,
      "snapshot": 1,
      "attribute": 21,
      "set_prefix": "",
      "set_index": 0,
      "collection_index": 1,
      "text": "sed diam nonumy eirmod tempor invidunt ut labore et dolore magna aliquyam erat, sed diam voluptua",
      "option": null,
      "file": "",
      "value_type": "text",
      "unit": "",
      "external_id": ""
    }
  },
  {
    "model": "projects.value",
    "pk": 109,
    "fields": {
      "created": "2018-08-30T12:09:19.791Z",
      "updated": "2018-08-30T12:09:19.791Z",
      "project": 1,
      "snapshot": 1,
      "attribute": 22,
      "set_prefix": "",
      "set_index": 0,
      "collection_index": 0,
      "text": "Lorem ipsum dolor sit amet, consetetur sadipscing elitr, sed diam nonumy eirmod tempor invidunt ut labore et dolore magna aliquyam erat, sed diam voluptua. At vero eos et accusam et justo duo dolores et ea rebum. Stet clita kasd gubergren, no sea takimata sanctus est. Lorem ipsum dolor sit amet.",
      "option": null,
      "file": "",
      "value_type": "text",
      "unit": "",
      "external_id": ""
    }
  },
  {
    "model": "projects.value",
    "pk": 110,
    "fields": {
      "created": "2018-08-30T12:09:19.792Z",
      "updated": "2018-08-30T12:09:19.792Z",
      "project": 1,
      "snapshot": 1,
      "attribute": 22,
      "set_prefix": "",
      "set_index": 0,
      "collection_index": 1,
      "text": "Lorem ipsum dolor sit amet, consetetur sadipscing elitr, sed diam nonumy eirmod tempor invidunt ut labore et dolore magna aliquyam erat, sed diam voluptua. At vero eos et accusam et justo duo dolores et ea rebum. Stet clita kasd gubergren, no sea takimata sanctus est. Lorem ipsum dolor sit amet.",
      "option": null,
      "file": "",
      "value_type": "text",
      "unit": "",
      "external_id": ""
    }
  },
  {
    "model": "projects.value",
    "pk": 111,
    "fields": {
      "created": "2018-08-30T12:09:19.792Z",
      "updated": "2018-08-30T12:09:19.792Z",
      "project": 1,
      "snapshot": 1,
      "attribute": 8,
      "set_prefix": "",
      "set_index": 0,
      "collection_index": 0,
      "text": "1",
      "option": null,
      "file": "",
      "value_type": "boolean",
      "unit": "",
      "external_id": ""
    }
  },
  {
    "model": "projects.value",
    "pk": 112,
    "fields": {
      "created": "2018-08-30T12:09:19.793Z",
      "updated": "2018-08-30T12:09:19.793Z",
      "project": 1,
      "snapshot": 1,
      "attribute": 9,
      "set_prefix": "",
      "set_index": 0,
      "collection_index": 0,
      "text": "2018-01-01T00:00:00+01:00",
      "option": null,
      "file": "",
      "value_type": "datetime",
      "unit": "",
      "external_id": ""
    }
  },
  {
    "model": "projects.value",
    "pk": 113,
    "fields": {
      "created": "2018-08-30T12:09:19.793Z",
      "updated": "2018-08-30T12:09:19.793Z",
      "project": 1,
      "snapshot": 1,
      "attribute": 11,
      "set_prefix": "",
      "set_index": 0,
      "collection_index": 0,
      "text": "Lorem ipsum",
      "option": 7,
      "file": "",
      "value_type": "option",
      "unit": "",
      "external_id": ""
    }
  },
  {
    "model": "projects.value",
    "pk": 114,
    "fields": {
      "created": "2018-08-30T12:09:19.793Z",
      "updated": "2018-08-30T12:09:19.793Z",
      "project": 1,
      "snapshot": 1,
      "attribute": 7,
      "set_prefix": "",
      "set_index": 0,
      "collection_index": 0,
      "text": "37",
      "option": null,
      "file": "",
      "value_type": "float",
      "unit": "",
      "external_id": ""
    }
  },
  {
    "model": "projects.value",
    "pk": 115,
    "fields": {
      "created": "2018-08-30T12:09:19.794Z",
      "updated": "2018-08-30T12:09:19.794Z",
      "project": 1,
      "snapshot": 1,
      "attribute": 12,
      "set_prefix": "",
      "set_index": 0,
      "collection_index": 0,
      "text": "",
      "option": 1,
      "file": "",
      "value_type": "option",
      "unit": "",
      "external_id": ""
    }
  },
  {
    "model": "projects.value",
    "pk": 116,
    "fields": {
      "created": "2018-08-30T12:09:19.795Z",
      "updated": "2018-08-30T12:09:19.795Z",
      "project": 1,
      "snapshot": 1,
      "attribute": 3,
      "set_prefix": "",
      "set_index": 0,
      "collection_index": 0,
      "text": "Lorem ipsum dolor sit amet",
      "option": null,
      "file": "",
      "value_type": "text",
      "unit": "",
      "external_id": ""
    }
  },
  {
    "model": "projects.value",
    "pk": 117,
    "fields": {
      "created": "2018-08-30T12:09:19.796Z",
      "updated": "2018-08-30T12:09:19.796Z",
      "project": 1,
      "snapshot": 1,
      "attribute": 4,
      "set_prefix": "",
      "set_index": 0,
      "collection_index": 0,
      "text": "Lorem ipsum dolor sit amet, consetetur sadipscing elitr, sed diam nonumy eirmod tempor invidunt ut labore et dolore magna aliquyam erat, sed diam voluptua. At vero eos et accusam et justo duo dolores et ea rebum. Stet clita kasd gubergren, no sea takimata sanctus est. Lorem ipsum dolor sit amet. Lorem ipsum dolor sit amet, consetetur sadipscing elitr, sed diam nonumy eirmod tempor invidunt ut labore et dolore magna aliquyam erat, sed diam voluptua. At vero eos et accusam et justo duo dolores et ea rebum. Stet clita kasd gubergren, no sea takimata sanctus est. Lorem ipsum dolor sit amet.",
      "option": null,
      "file": "",
      "value_type": "text",
      "unit": "",
      "external_id": ""
    }
  },
  {
    "model": "projects.value",
    "pk": 118,
    "fields": {
      "created": "2018-08-30T12:09:19.797Z",
      "updated": "2018-08-30T12:09:19.797Z",
      "project": 1,
      "snapshot": 1,
      "attribute": 62,
      "set_prefix": "",
      "set_index": 0,
      "collection_index": 0,
      "text": "1",
      "option": null,
      "file": "",
      "value_type": "boolean",
      "unit": "",
      "external_id": ""
    }
  },
  {
    "model": "projects.value",
    "pk": 119,
    "fields": {
      "created": "2018-08-30T12:09:19.798Z",
      "updated": "2018-08-30T12:09:19.798Z",
      "project": 1,
      "snapshot": 1,
      "attribute": 62,
      "set_prefix": "",
      "set_index": 0,
      "collection_index": 1,
      "text": "0",
      "option": null,
      "file": "",
      "value_type": "boolean",
      "unit": "",
      "external_id": ""
    }
  },
  {
    "model": "projects.value",
    "pk": 120,
    "fields": {
      "created": "2018-08-30T12:09:19.798Z",
      "updated": "2018-08-30T12:09:19.798Z",
      "project": 1,
      "snapshot": 1,
      "attribute": 62,
      "set_prefix": "",
      "set_index": 0,
      "collection_index": 2,
      "text": "1",
      "option": null,
      "file": "",
      "value_type": "boolean",
      "unit": "",
      "external_id": ""
    }
  },
  {
    "model": "projects.value",
    "pk": 121,
    "fields": {
      "created": "2018-08-30T12:09:19.799Z",
      "updated": "2018-08-30T12:09:19.799Z",
      "project": 1,
      "snapshot": 1,
      "attribute": 62,
      "set_prefix": "",
      "set_index": 1,
      "collection_index": 0,
      "text": "0",
      "option": null,
      "file": "",
      "value_type": "boolean",
      "unit": "",
      "external_id": ""
    }
  },
  {
    "model": "projects.value",
    "pk": 122,
    "fields": {
      "created": "2018-08-30T12:09:19.799Z",
      "updated": "2018-08-30T12:09:19.799Z",
      "project": 1,
      "snapshot": 1,
      "attribute": 62,
      "set_prefix": "",
      "set_index": 1,
      "collection_index": 1,
      "text": "1",
      "option": null,
      "file": "",
      "value_type": "boolean",
      "unit": "",
      "external_id": ""
    }
  },
  {
    "model": "projects.value",
    "pk": 123,
    "fields": {
      "created": "2018-08-30T12:09:19.800Z",
      "updated": "2018-08-30T12:09:19.800Z",
      "project": 1,
      "snapshot": 1,
      "attribute": 62,
      "set_prefix": "",
      "set_index": 1,
      "collection_index": 2,
      "text": "0",
      "option": null,
      "file": "",
      "value_type": "boolean",
      "unit": "",
      "external_id": ""
    }
  },
  {
    "model": "projects.value",
    "pk": 124,
    "fields": {
      "created": "2018-08-30T12:09:19.801Z",
      "updated": "2018-08-30T12:09:19.801Z",
      "project": 1,
      "snapshot": 1,
      "attribute": 78,
      "set_prefix": "",
      "set_index": 0,
      "collection_index": 1,
      "text": "",
      "option": 5,
      "file": "",
      "value_type": "option",
      "unit": "",
      "external_id": ""
    }
  },
  {
    "model": "projects.value",
    "pk": 125,
    "fields": {
      "created": "2018-08-30T12:09:19.802Z",
      "updated": "2018-08-30T12:09:19.802Z",
      "project": 1,
      "snapshot": 1,
      "attribute": 78,
      "set_prefix": "",
      "set_index": 0,
      "collection_index": 2,
      "text": "",
      "option": 6,
      "file": "",
      "value_type": "option",
      "unit": "",
      "external_id": ""
    }
  },
  {
    "model": "projects.value",
    "pk": 126,
    "fields": {
      "created": "2018-08-30T12:09:19.802Z",
      "updated": "2018-08-30T12:09:19.802Z",
      "project": 1,
      "snapshot": 1,
      "attribute": 78,
      "set_prefix": "",
      "set_index": 1,
      "collection_index": 0,
      "text": "",
      "option": 4,
      "file": "",
      "value_type": "option",
      "unit": "",
      "external_id": ""
    }
  },
  {
    "model": "projects.value",
    "pk": 127,
    "fields": {
      "created": "2018-08-30T12:09:19.803Z",
      "updated": "2018-08-30T12:09:19.803Z",
      "project": 1,
      "snapshot": 1,
      "attribute": 63,
      "set_prefix": "",
      "set_index": 0,
      "collection_index": 0,
      "text": "2018-01-07T00:00:00+01:00",
      "option": null,
      "file": "",
      "value_type": "datetime",
      "unit": "",
      "external_id": ""
    }
  },
  {
    "model": "projects.value",
    "pk": 128,
    "fields": {
      "created": "2018-08-30T12:09:19.803Z",
      "updated": "2018-08-30T12:09:19.803Z",
      "project": 1,
      "snapshot": 1,
      "attribute": 63,
      "set_prefix": "",
      "set_index": 0,
      "collection_index": 1,
      "text": "2018-02-07T00:00:00+01:00",
      "option": null,
      "file": "",
      "value_type": "datetime",
      "unit": "",
      "external_id": ""
    }
  },
  {
    "model": "projects.value",
    "pk": 129,
    "fields": {
      "created": "2018-08-30T12:09:19.804Z",
      "updated": "2018-08-30T12:09:19.804Z",
      "project": 1,
      "snapshot": 1,
      "attribute": 63,
      "set_prefix": "",
      "set_index": 1,
      "collection_index": 0,
      "text": "2018-10-07T00:00:00+02:00",
      "option": null,
      "file": "",
      "value_type": "datetime",
      "unit": "",
      "external_id": ""
    }
  },
  {
    "model": "projects.value",
    "pk": 130,
    "fields": {
      "created": "2018-08-30T12:09:19.804Z",
      "updated": "2018-08-30T12:09:19.804Z",
      "project": 1,
      "snapshot": 1,
      "attribute": 63,
      "set_prefix": "",
      "set_index": 1,
      "collection_index": 1,
      "text": "2018-11-07T00:00:00+01:00",
      "option": null,
      "file": "",
      "value_type": "datetime",
      "unit": "",
      "external_id": ""
    }
  },
  {
    "model": "projects.value",
    "pk": 131,
    "fields": {
      "created": "2018-08-30T12:09:19.805Z",
      "updated": "2018-08-30T12:09:19.805Z",
      "project": 1,
      "snapshot": 1,
      "attribute": 66,
      "set_prefix": "",
      "set_index": 0,
      "collection_index": 0,
      "text": "",
      "option": 4,
      "file": "",
      "value_type": "option",
      "unit": "",
      "external_id": ""
    }
  },
  {
    "model": "projects.value",
    "pk": 132,
    "fields": {
      "created": "2018-08-30T12:09:19.805Z",
      "updated": "2018-08-30T12:09:19.805Z",
      "project": 1,
      "snapshot": 1,
      "attribute": 66,
      "set_prefix": "",
      "set_index": 0,
      "collection_index": 1,
      "text": "",
      "option": 5,
      "file": "",
      "value_type": "option",
      "unit": "",
      "external_id": ""
    }
  },
  {
    "model": "projects.value",
    "pk": 133,
    "fields": {
      "created": "2018-08-30T12:09:19.806Z",
      "updated": "2018-08-30T12:09:19.806Z",
      "project": 1,
      "snapshot": 1,
      "attribute": 66,
      "set_prefix": "",
      "set_index": 0,
      "collection_index": 2,
      "text": "",
      "option": 6,
      "file": "",
      "value_type": "option",
      "unit": "",
      "external_id": ""
    }
  },
  {
    "model": "projects.value",
    "pk": 134,
    "fields": {
      "created": "2018-08-30T12:09:19.806Z",
      "updated": "2018-08-30T12:09:19.806Z",
      "project": 1,
      "snapshot": 1,
      "attribute": 66,
      "set_prefix": "",
      "set_index": 1,
      "collection_index": 0,
      "text": "",
      "option": 6,
      "file": "",
      "value_type": "option",
      "unit": "",
      "external_id": ""
    }
  },
  {
    "model": "projects.value",
    "pk": 135,
    "fields": {
      "created": "2018-08-30T12:09:19.807Z",
      "updated": "2018-08-30T12:09:19.807Z",
      "project": 1,
      "snapshot": 1,
      "attribute": 66,
      "set_prefix": "",
      "set_index": 1,
      "collection_index": 1,
      "text": "",
      "option": 5,
      "file": "",
      "value_type": "option",
      "unit": "",
      "external_id": ""
    }
  },
  {
    "model": "projects.value",
    "pk": 136,
    "fields": {
      "created": "2018-08-30T12:09:19.807Z",
      "updated": "2018-08-30T12:09:19.807Z",
      "project": 1,
      "snapshot": 1,
      "attribute": 66,
      "set_prefix": "",
      "set_index": 1,
      "collection_index": 2,
      "text": "",
      "option": 4,
      "file": "",
      "value_type": "option",
      "unit": "",
      "external_id": ""
    }
  },
  {
    "model": "projects.value",
    "pk": 137,
    "fields": {
      "created": "2018-08-30T12:09:19.808Z",
      "updated": "2018-08-30T12:09:19.808Z",
      "project": 1,
      "snapshot": 1,
      "attribute": 67,
      "set_prefix": "",
      "set_index": 0,
      "collection_index": 0,
      "text": "16",
      "option": null,
      "file": "",
      "value_type": "float",
      "unit": "",
      "external_id": ""
    }
  },
  {
    "model": "projects.value",
    "pk": 138,
    "fields": {
      "created": "2018-08-30T12:09:19.809Z",
      "updated": "2018-08-30T12:09:19.809Z",
      "project": 1,
      "snapshot": 1,
      "attribute": 67,
      "set_prefix": "",
      "set_index": 0,
      "collection_index": 1,
      "text": "31",
      "option": null,
      "file": "",
      "value_type": "float",
      "unit": "",
      "external_id": ""
    }
  },
  {
    "model": "projects.value",
    "pk": 139,
    "fields": {
      "created": "2018-08-30T12:09:19.810Z",
      "updated": "2018-08-30T12:09:19.810Z",
      "project": 1,
      "snapshot": 1,
      "attribute": 67,
      "set_prefix": "",
      "set_index": 1,
      "collection_index": 0,
      "text": "86",
      "option": null,
      "file": "",
      "value_type": "float",
      "unit": "",
      "external_id": ""
    }
  },
  {
    "model": "projects.value",
    "pk": 140,
    "fields": {
      "created": "2018-08-30T12:09:19.810Z",
      "updated": "2018-08-30T12:09:19.810Z",
      "project": 1,
      "snapshot": 1,
      "attribute": 68,
      "set_prefix": "",
      "set_index": 0,
      "collection_index": 0,
      "text": "",
      "option": 1,
      "file": "",
      "value_type": "option",
      "unit": "",
      "external_id": ""
    }
  },
  {
    "model": "projects.value",
    "pk": 141,
    "fields": {
      "created": "2018-08-30T12:09:19.811Z",
      "updated": "2018-08-30T12:09:19.811Z",
      "project": 1,
      "snapshot": 1,
      "attribute": 68,
      "set_prefix": "",
      "set_index": 0,
      "collection_index": 1,
      "text": "",
      "option": 2,
      "file": "",
      "value_type": "option",
      "unit": "",
      "external_id": ""
    }
  },
  {
    "model": "projects.value",
    "pk": 142,
    "fields": {
      "created": "2018-08-30T12:09:19.812Z",
      "updated": "2018-08-30T12:09:19.812Z",
      "project": 1,
      "snapshot": 1,
      "attribute": 68,
      "set_prefix": "",
      "set_index": 1,
      "collection_index": 0,
      "text": "",
      "option": 3,
      "file": "",
      "value_type": "option",
      "unit": "",
      "external_id": ""
    }
  },
  {
    "model": "projects.value",
    "pk": 143,
    "fields": {
      "created": "2018-08-30T12:09:19.812Z",
      "updated": "2018-08-30T12:09:19.812Z",
      "project": 1,
      "snapshot": 1,
      "attribute": 47,
      "set_prefix": "",
      "set_index": 0,
      "collection_index": 0,
      "text": "Lorem ipsum dolor sit amet, consetetur sadipscing elitr",
      "option": null,
      "file": "",
      "value_type": "text",
      "unit": "",
      "external_id": ""
    }
  },
  {
    "model": "projects.value",
    "pk": 144,
    "fields": {
      "created": "2018-08-30T12:09:19.813Z",
      "updated": "2018-08-30T12:09:19.813Z",
      "project": 1,
      "snapshot": 1,
      "attribute": 47,
      "set_prefix": "",
      "set_index": 1,
      "collection_index": 0,
      "text": "Lorem ipsum dolor sit amet, consetetur sadipscing elitr",
      "option": null,
      "file": "",
      "value_type": "text",
      "unit": "",
      "external_id": ""
    }
  },
  {
    "model": "projects.value",
    "pk": 145,
    "fields": {
      "created": "2018-08-30T12:09:19.813Z",
      "updated": "2018-08-30T12:09:19.813Z",
      "project": 1,
      "snapshot": 1,
      "attribute": 48,
      "set_prefix": "",
      "set_index": 0,
      "collection_index": 0,
      "text": "Lorem ipsum dolor sit amet, consetetur sadipscing elitr, sed diam nonumy eirmod tempor invidunt ut labore et dolore magna aliquyam erat, sed diam voluptua. At vero eos et accusam et justo duo dolores et ea rebum. Stet clita kasd gubergren, no sea takimata sanctus est. Lorem ipsum dolor sit amet. Lorem ipsum dolor sit amet, consetetur sadipscing elitr, sed diam nonumy eirmod tempor invidunt ut labore et dolore magna aliquyam erat, sed diam voluptua. At vero eos et accusam et justo duo dolores et ea rebum. Stet clita kasd gubergren, no sea takimata sanctus est. Lorem ipsum dolor sit amet.",
      "option": null,
      "file": "",
      "value_type": "text",
      "unit": "",
      "external_id": ""
    }
  },
  {
    "model": "projects.value",
    "pk": 146,
    "fields": {
      "created": "2018-08-30T12:09:19.814Z",
      "updated": "2018-08-30T12:09:19.814Z",
      "project": 1,
      "snapshot": 1,
      "attribute": 48,
      "set_prefix": "",
      "set_index": 1,
      "collection_index": 0,
      "text": "Lorem ipsum dolor sit amet, consetetur sadipscing elitr, sed diam nonumy eirmod tempor invidunt ut labore et dolore magna aliquyam erat, sed diam voluptua. At vero eos et accusam et justo duo dolores et ea rebum. Stet clita kasd gubergren, no sea takimata sanctus est. Lorem ipsum dolor sit amet. Lorem ipsum dolor sit amet, consetetur sadipscing elitr, sed diam nonumy eirmod tempor invidunt ut labore et dolore magna aliquyam erat, sed diam voluptua. At vero eos et accusam et justo duo dolores et ea rebum. Stet clita kasd gubergren, no sea takimata sanctus est. Lorem ipsum dolor sit amet.",
      "option": null,
      "file": "",
      "value_type": "text",
      "unit": "",
      "external_id": ""
    }
  },
  {
    "model": "projects.value",
    "pk": 147,
    "fields": {
      "created": "2018-08-30T12:09:19.814Z",
      "updated": "2018-08-30T12:09:19.814Z",
      "project": 1,
      "snapshot": 1,
      "attribute": 79,
      "set_prefix": "",
      "set_index": 0,
      "collection_index": 0,
      "text": "1",
      "option": null,
      "file": "",
      "value_type": "text",
      "unit": "",
      "external_id": ""
    }
  },
  {
    "model": "projects.value",
    "pk": 148,
    "fields": {
      "created": "2018-08-30T12:09:19.815Z",
      "updated": "2018-08-30T12:09:19.815Z",
      "project": 1,
      "snapshot": 1,
      "attribute": 79,
      "set_prefix": "",
      "set_index": 1,
      "collection_index": 0,
      "text": "2",
      "option": null,
      "file": "",
      "value_type": "text",
      "unit": "",
      "external_id": ""
    }
  },
  {
    "model": "projects.value",
    "pk": 149,
    "fields": {
      "created": "2018-08-30T12:09:19.815Z",
      "updated": "2018-08-30T12:09:19.815Z",
      "project": 1,
      "snapshot": 1,
      "attribute": 70,
      "set_prefix": "",
      "set_index": 0,
      "collection_index": 0,
      "text": "1",
      "option": null,
      "file": "",
      "value_type": "boolean",
      "unit": "",
      "external_id": ""
    }
  },
  {
    "model": "projects.value",
    "pk": 150,
    "fields": {
      "created": "2018-08-30T12:09:19.816Z",
      "updated": "2018-08-30T12:09:19.816Z",
      "project": 1,
      "snapshot": 1,
      "attribute": 70,
      "set_prefix": "",
      "set_index": 1,
      "collection_index": 0,
      "text": "0",
      "option": null,
      "file": "",
      "value_type": "boolean",
      "unit": "",
      "external_id": ""
    }
  },
  {
    "model": "projects.value",
    "pk": 151,
    "fields": {
      "created": "2018-08-30T12:09:19.816Z",
      "updated": "2018-08-30T12:09:19.816Z",
      "project": 1,
      "snapshot": 1,
      "attribute": 71,
      "set_prefix": "",
      "set_index": 0,
      "collection_index": 0,
      "text": "2018-01-07T00:00:00+01:00",
      "option": null,
      "file": "",
      "value_type": "datetime",
      "unit": "",
      "external_id": ""
    }
  },
  {
    "model": "projects.value",
    "pk": 152,
    "fields": {
      "created": "2018-08-30T12:09:19.817Z",
      "updated": "2018-08-30T12:09:19.817Z",
      "project": 1,
      "snapshot": 1,
      "attribute": 71,
      "set_prefix": "",
      "set_index": 1,
      "collection_index": 0,
      "text": "2018-02-07T00:00:00+01:00",
      "option": null,
      "file": "",
      "value_type": "datetime",
      "unit": "",
      "external_id": ""
    }
  },
  {
    "model": "projects.value",
    "pk": 153,
    "fields": {
      "created": "2018-08-30T12:09:19.818Z",
      "updated": "2018-08-30T12:09:19.818Z",
      "project": 1,
      "snapshot": 1,
      "attribute": 74,
      "set_prefix": "",
      "set_index": 0,
      "collection_index": 0,
      "text": "",
      "option": 4,
      "file": "",
      "value_type": "option",
      "unit": "",
      "external_id": ""
    }
  },
  {
    "model": "projects.value",
    "pk": 154,
    "fields": {
      "created": "2018-08-30T12:09:19.819Z",
      "updated": "2018-08-30T12:09:19.819Z",
      "project": 1,
      "snapshot": 1,
      "attribute": 74,
      "set_prefix": "",
      "set_index": 1,
      "collection_index": 0,
      "text": "",
      "option": 5,
      "file": "",
      "value_type": "option",
      "unit": "",
      "external_id": ""
    }
  },
  {
    "model": "projects.value",
    "pk": 155,
    "fields": {
      "created": "2018-08-30T12:09:19.819Z",
      "updated": "2018-08-30T12:09:19.819Z",
      "project": 1,
      "snapshot": 1,
      "attribute": 75,
      "set_prefix": "",
      "set_index": 0,
      "collection_index": 0,
      "text": "1",
      "option": null,
      "file": "",
      "value_type": "float",
      "unit": "",
      "external_id": ""
    }
  },
  {
    "model": "projects.value",
    "pk": 156,
    "fields": {
      "created": "2018-08-30T12:09:19.820Z",
      "updated": "2018-08-30T12:09:19.820Z",
      "project": 1,
      "snapshot": 1,
      "attribute": 75,
      "set_prefix": "",
      "set_index": 1,
      "collection_index": 0,
      "text": "2",
      "option": null,
      "file": "",
      "value_type": "float",
      "unit": "",
      "external_id": ""
    }
  },
  {
    "model": "projects.value",
    "pk": 157,
    "fields": {
      "created": "2018-08-30T12:09:19.820Z",
      "updated": "2018-08-30T12:09:19.820Z",
      "project": 1,
      "snapshot": 1,
      "attribute": 76,
      "set_prefix": "",
      "set_index": 0,
      "collection_index": 0,
      "text": "",
      "option": 1,
      "file": "",
      "value_type": "option",
      "unit": "",
      "external_id": ""
    }
  },
  {
    "model": "projects.value",
    "pk": 158,
    "fields": {
      "created": "2018-08-30T12:09:19.821Z",
      "updated": "2018-08-30T12:09:19.821Z",
      "project": 1,
      "snapshot": 1,
      "attribute": 76,
      "set_prefix": "",
      "set_index": 1,
      "collection_index": 0,
      "text": "",
      "option": 2,
      "file": "",
      "value_type": "option",
      "unit": "",
      "external_id": ""
    }
  },
  {
    "model": "projects.value",
    "pk": 159,
    "fields": {
      "created": "2018-08-30T12:09:19.821Z",
      "updated": "2018-08-30T12:09:19.821Z",
      "project": 1,
      "snapshot": 1,
      "attribute": 49,
      "set_prefix": "",
      "set_index": 0,
      "collection_index": 0,
      "text": "Lorem ipsum dolor sit amet, consetetur sadipscing elitr",
      "option": null,
      "file": "",
      "value_type": "text",
      "unit": "",
      "external_id": ""
    }
  },
  {
    "model": "projects.value",
    "pk": 160,
    "fields": {
      "created": "2018-08-30T12:09:19.821Z",
      "updated": "2018-08-30T12:09:19.821Z",
      "project": 1,
      "snapshot": 1,
      "attribute": 49,
      "set_prefix": "",
      "set_index": 1,
      "collection_index": 0,
      "text": "Lorem ipsum dolor sit amet, consetetur sadipscing elitr",
      "option": null,
      "file": "",
      "value_type": "text",
      "unit": "",
      "external_id": ""
    }
  },
  {
    "model": "projects.value",
    "pk": 161,
    "fields": {
      "created": "2018-08-30T12:09:19.822Z",
      "updated": "2018-08-30T12:09:19.822Z",
      "project": 1,
      "snapshot": 1,
      "attribute": 50,
      "set_prefix": "",
      "set_index": 0,
      "collection_index": 0,
      "text": "Lorem ipsum dolor sit amet, consetetur sadipscing elitr, sed diam nonumy eirmod tempor invidunt ut labore et dolore magna aliquyam erat, sed diam voluptua. At vero eos et accusam et justo duo dolores et ea rebum. Stet clita kasd gubergren, no sea takimata sanctus est. Lorem ipsum dolor sit amet. Lorem ipsum dolor sit amet, consetetur sadipscing elitr, sed diam nonumy eirmod tempor invidunt ut labore et dolore magna aliquyam erat, sed diam voluptua. At vero eos et accusam et justo duo dolores et ea rebum. Stet clita kasd gubergren, no sea takimata sanctus est. Lorem ipsum dolor sit amet.",
      "option": null,
      "file": "",
      "value_type": "text",
      "unit": "",
      "external_id": ""
    }
  },
  {
    "model": "projects.value",
    "pk": 162,
    "fields": {
      "created": "2018-08-30T12:09:19.822Z",
      "updated": "2018-08-30T12:09:19.822Z",
      "project": 1,
      "snapshot": 1,
      "attribute": 50,
      "set_prefix": "",
      "set_index": 1,
      "collection_index": 0,
      "text": "Lorem ipsum dolor sit amet, consetetur sadipscing elitr, sed diam nonumy eirmod tempor invidunt ut labore et dolore magna aliquyam erat, sed diam voluptua. At vero eos et accusam et justo duo dolores et ea rebum. Stet clita kasd gubergren, no sea takimata sanctus est. Lorem ipsum dolor sit amet. Lorem ipsum dolor sit amet, consetetur sadipscing elitr, sed diam nonumy eirmod tempor invidunt ut labore et dolore magna aliquyam erat, sed diam voluptua. At vero eos et accusam et justo duo dolores et ea rebum. Stet clita kasd gubergren, no sea takimata sanctus est. Lorem ipsum dolor sit amet.",
      "option": null,
      "file": "",
      "value_type": "text",
      "unit": "",
      "external_id": ""
    }
  },
  {
    "model": "projects.value",
    "pk": 238,
    "fields": {
      "created": "2020-11-12T13:16:06.602Z",
      "updated": "2020-11-17T14:47:31.645Z",
      "project": 1,
      "snapshot": null,
      "attribute": 96,
      "set_prefix": "",
      "set_index": 0,
      "collection_index": 0,
      "text": "",
      "option": null,
      "file": "projects/1/values/238/rdmo-logo.svg",
      "value_type": "file",
      "unit": "",
      "external_id": ""
    }
  },
  {
    "model": "projects.value",
    "pk": 240,
    "fields": {
      "created": "2020-11-12T13:22:54.747Z",
      "updated": "2020-11-17T14:47:25.398Z",
      "project": 1,
      "snapshot": null,
      "attribute": 98,
      "set_prefix": "",
      "set_index": 0,
      "collection_index": 1,
      "text": "",
      "option": null,
      "file": "projects/1/values/240/test.txt",
      "value_type": "file",
      "unit": "",
      "external_id": ""
    }
  },
  {
    "model": "projects.value",
    "pk": 241,
    "fields": {
      "created": "2020-11-17T14:47:25.399Z",
      "updated": "2020-11-17T14:47:25.430Z",
      "project": 1,
      "snapshot": null,
      "attribute": 98,
      "set_prefix": "",
      "set_index": 0,
      "collection_index": 2,
      "text": "",
      "option": null,
      "file": "projects/1/values/241/favicon.png",
      "value_type": "file",
      "unit": "",
      "external_id": ""
    }
  },
  {
    "model": "projects.value",
    "pk": 242,
    "fields": {
      "created": "2021-01-07T12:45:23.066Z",
      "updated": "2021-01-07T12:45:23.066Z",
      "project": 2,
      "snapshot": null,
      "attribute": 3,
      "set_prefix": "",
      "set_index": 0,
      "collection_index": 0,
      "text": "Lorem ipsum dolor sit amet, consetetur sadipscing elitr",
      "option": null,
      "file": "",
      "value_type": "text",
      "unit": "",
      "external_id": ""
    }
  },
  {
    "model": "projects.value",
    "pk": 243,
    "fields": {
      "created": "2021-01-07T12:45:23.066Z",
      "updated": "2021-01-07T13:00:55.211Z",
      "project": 2,
      "snapshot": 3,
      "attribute": 3,
      "set_prefix": "",
      "set_index": 0,
      "collection_index": 0,
      "text": "Lorem ipsum dolor sit amet, consetetur sadipscing elitr",
      "option": null,
      "file": "",
      "value_type": "text",
      "unit": "",
      "external_id": ""
    }
  },
  {
    "model": "projects.value",
    "pk": 244,
    "fields": {
      "created": "2021-01-07T12:45:41.219Z",
      "updated": "2021-01-07T13:00:59.681Z",
      "project": 3,
      "snapshot": 4,
      "attribute": 3,
      "set_prefix": "",
      "set_index": 0,
      "collection_index": 0,
      "text": "Lorem ipsum dolor sit amet, consetetur sadipscing elitr",
      "option": null,
      "file": "",
      "value_type": "text",
      "unit": "",
      "external_id": ""
    }
  },
  {
    "model": "projects.value",
    "pk": 245,
    "fields": {
      "created": "2021-01-07T12:45:55.807Z",
      "updated": "2021-01-07T13:01:03.909Z",
      "project": 4,
      "snapshot": 5,
      "attribute": 3,
      "set_prefix": "",
      "set_index": 0,
      "collection_index": 0,
      "text": "Lorem ipsum dolor sit amet, consetetur sadipscing elitr",
      "option": null,
      "file": "",
      "value_type": "text",
      "unit": "",
      "external_id": ""
    }
  },
  {
    "model": "projects.value",
    "pk": 246,
    "fields": {
      "created": "2021-01-07T12:46:08.904Z",
      "updated": "2021-01-07T13:01:08.386Z",
      "project": 5,
      "snapshot": 6,
      "attribute": 3,
      "set_prefix": "",
      "set_index": 0,
      "collection_index": 0,
      "text": "Lorem ipsum dolor sit amet, consetetur sadipscing elitr",
      "option": null,
      "file": "",
      "value_type": "text",
      "unit": "",
      "external_id": ""
    }
  },
  {
    "model": "projects.value",
    "pk": 247,
    "fields": {
      "created": "2021-01-07T12:45:41.219Z",
      "updated": "2021-01-07T15:39:24.164Z",
      "project": 3,
      "snapshot": null,
      "attribute": 3,
      "set_prefix": "",
      "set_index": 0,
      "collection_index": 0,
      "text": "Lorem ipsum dolor sit amet, consetetur sadipscing elitr",
      "option": null,
      "file": "",
      "value_type": "text",
      "unit": "",
      "external_id": ""
    }
  },
  {
    "model": "projects.value",
    "pk": 248,
    "fields": {
      "created": "2021-01-07T12:45:55.807Z",
      "updated": "2021-01-07T15:39:39.388Z",
      "project": 4,
      "snapshot": null,
      "attribute": 3,
      "set_prefix": "",
      "set_index": 0,
      "collection_index": 0,
      "text": "Lorem ipsum dolor sit amet, consetetur sadipscing elitr",
      "option": null,
      "file": "",
      "value_type": "text",
      "unit": "",
      "external_id": ""
    }
  },
  {
    "model": "projects.value",
    "pk": 249,
    "fields": {
      "created": "2021-01-07T12:46:08.904Z",
      "updated": "2021-01-07T15:39:43.132Z",
      "project": 5,
      "snapshot": null,
      "attribute": 3,
      "set_prefix": "",
      "set_index": 0,
      "collection_index": 0,
      "text": "Lorem ipsum dolor sit amet, consetetur sadipscing elitr",
      "option": null,
      "file": "",
      "value_type": "text",
      "unit": "",
      "external_id": ""
    }
  },
  {
    "model": "projects.value",
    "pk": 328,
    "fields": {
      "created": "2018-07-23T11:30:48.237Z",
      "updated": "2021-02-21T12:32:42.707Z",
      "project": 1,
      "snapshot": 7,
      "attribute": 82,
      "set_prefix": "",
      "set_index": 0,
      "collection_index": 0,
      "text": "",
      "option": 1,
      "file": "",
      "value_type": "option",
      "unit": "",
      "external_id": ""
    }
  },
  {
    "model": "projects.value",
    "pk": 329,
    "fields": {
      "created": "2018-07-23T11:29:20.935Z",
      "updated": "2021-02-21T12:32:42.715Z",
      "project": 1,
      "snapshot": 7,
      "attribute": 81,
      "set_prefix": "",
      "set_index": 0,
      "collection_index": 0,
      "text": "test",
      "option": null,
      "file": "",
      "value_type": "text",
      "unit": "",
      "external_id": ""
    }
  },
  {
    "model": "projects.value",
    "pk": 330,
    "fields": {
      "created": "2017-04-25T14:54:01.087Z",
      "updated": "2021-02-21T12:32:42.721Z",
      "project": 1,
      "snapshot": 7,
      "attribute": 13,
      "set_prefix": "",
      "set_index": 0,
      "collection_index": 0,
      "text": "1",
      "option": null,
      "file": "",
      "value_type": "boolean",
      "unit": "",
      "external_id": ""
    }
  },
  {
    "model": "projects.value",
    "pk": 331,
    "fields": {
      "created": "2017-04-25T14:54:01.077Z",
      "updated": "2021-02-21T12:32:42.728Z",
      "project": 1,
      "snapshot": 7,
      "attribute": 13,
      "set_prefix": "",
      "set_index": 0,
      "collection_index": 1,
      "text": "0",
      "option": null,
      "file": "",
      "value_type": "boolean",
      "unit": "",
      "external_id": ""
    }
  },
  {
    "model": "projects.value",
    "pk": 332,
    "fields": {
      "created": "2017-04-25T14:54:01.088Z",
      "updated": "2021-02-21T12:32:42.735Z",
      "project": 1,
      "snapshot": 7,
      "attribute": 13,
      "set_prefix": "",
      "set_index": 0,
      "collection_index": 2,
      "text": "1",
      "option": null,
      "file": "",
      "value_type": "boolean",
      "unit": "",
      "external_id": ""
    }
  },
  {
    "model": "projects.value",
    "pk": 333,
    "fields": {
      "created": "2017-04-25T14:55:11.016Z",
      "updated": "2021-02-21T12:32:42.742Z",
      "project": 1,
      "snapshot": 7,
      "attribute": 14,
      "set_prefix": "",
      "set_index": 0,
      "collection_index": 0,
      "text": "",
      "option": 4,
      "file": "",
      "value_type": "option",
      "unit": "",
      "external_id": ""
    }
  },
  {
    "model": "projects.value",
    "pk": 334,
    "fields": {
      "created": "2018-07-20T15:08:22.495Z",
      "updated": "2021-02-21T12:32:42.749Z",
      "project": 1,
      "snapshot": 7,
      "attribute": 14,
      "set_prefix": "",
      "set_index": 0,
      "collection_index": 2,
      "text": "",
      "option": 6,
      "file": "",
      "value_type": "option",
      "unit": "",
      "external_id": ""
    }
  },
  {
    "model": "projects.value",
    "pk": 335,
    "fields": {
      "created": "2017-04-25T14:55:06.073Z",
      "updated": "2021-02-21T12:32:42.756Z",
      "project": 1,
      "snapshot": 7,
      "attribute": 16,
      "set_prefix": "",
      "set_index": 0,
      "collection_index": 0,
      "text": "2017-04-01T00:00:00+02:00",
      "option": null,
      "file": "",
      "value_type": "datetime",
      "unit": "",
      "external_id": ""
    }
  },
  {
    "model": "projects.value",
    "pk": 336,
    "fields": {
      "created": "2017-04-25T14:55:06.062Z",
      "updated": "2021-02-21T12:32:42.761Z",
      "project": 1,
      "snapshot": 7,
      "attribute": 16,
      "set_prefix": "",
      "set_index": 0,
      "collection_index": 1,
      "text": "2017-04-02T00:00:00+02:00",
      "option": null,
      "file": "",
      "value_type": "datetime",
      "unit": "",
      "external_id": ""
    }
  },
  {
    "model": "projects.value",
    "pk": 337,
    "fields": {
      "created": "2017-04-25T14:55:06.075Z",
      "updated": "2021-02-21T12:32:42.766Z",
      "project": 1,
      "snapshot": 7,
      "attribute": 16,
      "set_prefix": "",
      "set_index": 0,
      "collection_index": 2,
      "text": "2017-04-03T00:00:00+02:00",
      "option": null,
      "file": "",
      "value_type": "datetime",
      "unit": "",
      "external_id": ""
    }
  },
  {
    "model": "projects.value",
    "pk": 338,
    "fields": {
      "created": "2020-11-12T13:22:54.747Z",
      "updated": "2021-02-21T12:32:42.780Z",
      "project": 1,
      "snapshot": 7,
      "attribute": 98,
      "set_prefix": "",
      "set_index": 0,
      "collection_index": 1,
      "text": "",
      "option": null,
      "file": "projects/1/snapshots/7/values/338/test.txt",
      "value_type": "file",
      "unit": "",
      "external_id": ""
    }
  },
  {
    "model": "projects.value",
    "pk": 339,
    "fields": {
      "created": "2020-11-17T14:47:25.399Z",
      "updated": "2021-02-21T12:32:42.792Z",
      "project": 1,
      "snapshot": 7,
      "attribute": 98,
      "set_prefix": "",
      "set_index": 0,
      "collection_index": 2,
      "text": "",
      "option": null,
      "file": "projects/1/snapshots/7/values/339/favicon.png",
      "value_type": "file",
      "unit": "",
      "external_id": ""
    }
  },
  {
    "model": "projects.value",
    "pk": 340,
    "fields": {
      "created": "2017-04-25T14:54:41.844Z",
      "updated": "2021-02-21T12:32:42.798Z",
      "project": 1,
      "snapshot": 7,
      "attribute": 15,
      "set_prefix": "",
      "set_index": 0,
      "collection_index": 0,
      "text": "",
      "option": 4,
      "file": "",
      "value_type": "option",
      "unit": "",
      "external_id": ""
    }
  },
  {
    "model": "projects.value",
    "pk": 341,
    "fields": {
      "created": "2017-04-25T14:54:41.842Z",
      "updated": "2021-02-21T12:32:42.805Z",
      "project": 1,
      "snapshot": 7,
      "attribute": 15,
      "set_prefix": "",
      "set_index": 0,
      "collection_index": 1,
      "text": "",
      "option": 5,
      "file": "",
      "value_type": "option",
      "unit": "",
      "external_id": ""
    }
  },
  {
    "model": "projects.value",
    "pk": 342,
    "fields": {
      "created": "2017-04-25T14:54:41.838Z",
      "updated": "2021-02-21T12:32:42.810Z",
      "project": 1,
      "snapshot": 7,
      "attribute": 15,
      "set_prefix": "",
      "set_index": 0,
      "collection_index": 2,
      "text": "",
      "option": 6,
      "file": "",
      "value_type": "option",
      "unit": "",
      "external_id": ""
    }
  },
  {
    "model": "projects.value",
    "pk": 343,
    "fields": {
      "created": "2017-04-25T14:54:57.682Z",
      "updated": "2021-02-21T12:32:42.816Z",
      "project": 1,
      "snapshot": 7,
      "attribute": 19,
      "set_prefix": "",
      "set_index": 0,
      "collection_index": 0,
      "text": "0",
      "option": null,
      "file": "",
      "value_type": "float",
      "unit": "",
      "external_id": ""
    }
  },
  {
    "model": "projects.value",
    "pk": 344,
    "fields": {
      "created": "2017-04-25T14:54:57.674Z",
      "updated": "2021-02-21T12:32:42.823Z",
      "project": 1,
      "snapshot": 7,
      "attribute": 19,
      "set_prefix": "",
      "set_index": 0,
      "collection_index": 1,
      "text": "50",
      "option": null,
      "file": "",
      "value_type": "float",
      "unit": "",
      "external_id": ""
    }
  },
  {
    "model": "projects.value",
    "pk": 345,
    "fields": {
      "created": "2017-04-25T14:54:57.685Z",
      "updated": "2021-02-21T12:32:42.836Z",
      "project": 1,
      "snapshot": 7,
      "attribute": 19,
      "set_prefix": "",
      "set_index": 0,
      "collection_index": 2,
      "text": "100",
      "option": null,
      "file": "",
      "value_type": "float",
      "unit": "",
      "external_id": ""
    }
  },
  {
    "model": "projects.value",
    "pk": 346,
    "fields": {
      "created": "2017-04-25T14:54:48.751Z",
      "updated": "2021-02-21T12:32:42.846Z",
      "project": 1,
      "snapshot": 7,
      "attribute": 20,
      "set_prefix": "",
      "set_index": 0,
      "collection_index": 0,
      "text": "",
      "option": 1,
      "file": "",
      "value_type": "option",
      "unit": "",
      "external_id": ""
    }
  },
  {
    "model": "projects.value",
    "pk": 347,
    "fields": {
      "created": "2017-04-25T14:54:48.745Z",
      "updated": "2021-02-21T12:32:42.863Z",
      "project": 1,
      "snapshot": 7,
      "attribute": 20,
      "set_prefix": "",
      "set_index": 0,
      "collection_index": 1,
      "text": "",
      "option": 2,
      "file": "",
      "value_type": "option",
      "unit": "",
      "external_id": ""
    }
  },
  {
    "model": "projects.value",
    "pk": 348,
    "fields": {
      "created": "2017-04-25T14:54:48.750Z",
      "updated": "2021-02-21T12:32:42.874Z",
      "project": 1,
      "snapshot": 7,
      "attribute": 20,
      "set_prefix": "",
      "set_index": 0,
      "collection_index": 2,
      "text": "",
      "option": 3,
      "file": "",
      "value_type": "option",
      "unit": "",
      "external_id": ""
    }
  },
  {
    "model": "projects.value",
    "pk": 349,
    "fields": {
      "created": "2017-04-25T14:53:40.735Z",
      "updated": "2021-02-21T12:32:42.886Z",
      "project": 1,
      "snapshot": 7,
      "attribute": 21,
      "set_prefix": "",
      "set_index": 0,
      "collection_index": 0,
      "text": "Lorem ipsum dolor sit amet, consetetur sadipscing elitr",
      "option": null,
      "file": "",
      "value_type": "text",
      "unit": "",
      "external_id": ""
    }
  },
  {
    "model": "projects.value",
    "pk": 350,
    "fields": {
      "created": "2017-04-25T14:53:40.744Z",
      "updated": "2021-02-21T12:32:42.898Z",
      "project": 1,
      "snapshot": 7,
      "attribute": 21,
      "set_prefix": "",
      "set_index": 0,
      "collection_index": 1,
      "text": "sed diam nonumy eirmod tempor invidunt ut labore et dolore magna aliquyam erat, sed diam voluptua",
      "option": null,
      "file": "",
      "value_type": "text",
      "unit": "",
      "external_id": ""
    }
  },
  {
    "model": "projects.value",
    "pk": 351,
    "fields": {
      "created": "2017-04-25T14:53:45.659Z",
      "updated": "2021-02-21T12:32:42.907Z",
      "project": 1,
      "snapshot": 7,
      "attribute": 22,
      "set_prefix": "",
      "set_index": 0,
      "collection_index": 0,
      "text": "Lorem ipsum dolor sit amet, consetetur sadipscing elitr, sed diam nonumy eirmod tempor invidunt ut labore et dolore magna aliquyam erat, sed diam voluptua. At vero eos et accusam et justo duo dolores et ea rebum. Stet clita kasd gubergren, no sea takimata sanctus est. Lorem ipsum dolor sit amet.",
      "option": null,
      "file": "",
      "value_type": "text",
      "unit": "",
      "external_id": ""
    }
  },
  {
    "model": "projects.value",
    "pk": 352,
    "fields": {
      "created": "2017-04-25T14:53:56.532Z",
      "updated": "2021-02-21T12:32:42.916Z",
      "project": 1,
      "snapshot": 7,
      "attribute": 22,
      "set_prefix": "",
      "set_index": 0,
      "collection_index": 1,
      "text": "Lorem ipsum dolor sit amet, consetetur sadipscing elitr, sed diam nonumy eirmod tempor invidunt ut labore et dolore magna aliquyam erat, sed diam voluptua. At vero eos et accusam et justo duo dolores et ea rebum. Stet clita kasd gubergren, no sea takimata sanctus est. Lorem ipsum dolor sit amet.",
      "option": null,
      "file": "",
      "value_type": "text",
      "unit": "",
      "external_id": ""
    }
  },
  {
    "model": "projects.value",
    "pk": 353,
    "fields": {
      "created": "2017-04-25T14:53:05.503Z",
      "updated": "2021-02-21T12:32:42.927Z",
      "project": 1,
      "snapshot": 7,
      "attribute": 8,
      "set_prefix": "",
      "set_index": 0,
      "collection_index": 0,
      "text": "1",
      "option": null,
      "file": "",
      "value_type": "boolean",
      "unit": "",
      "external_id": ""
    }
  },
  {
    "model": "projects.value",
    "pk": 354,
    "fields": {
      "created": "2017-04-25T14:53:30.134Z",
      "updated": "2021-02-21T12:32:42.938Z",
      "project": 1,
      "snapshot": 7,
      "attribute": 9,
      "set_prefix": "",
      "set_index": 0,
      "collection_index": 0,
      "text": "2018-01-01T00:00:00+01:00",
      "option": null,
      "file": "",
      "value_type": "datetime",
      "unit": "",
      "external_id": ""
    }
  },
  {
    "model": "projects.value",
    "pk": 355,
    "fields": {
      "created": "2020-11-12T13:16:06.602Z",
      "updated": "2021-02-21T12:32:42.959Z",
      "project": 1,
      "snapshot": 7,
      "attribute": 96,
      "set_prefix": "",
      "set_index": 0,
      "collection_index": 0,
      "text": "",
      "option": null,
      "file": "projects/1/snapshots/7/values/355/rdmo-logo.svg",
      "value_type": "file",
      "unit": "",
      "external_id": ""
    }
  },
  {
    "model": "projects.value",
    "pk": 356,
    "fields": {
      "created": "2017-04-25T14:53:12.956Z",
      "updated": "2021-02-21T12:32:42.969Z",
      "project": 1,
      "snapshot": 7,
      "attribute": 11,
      "set_prefix": "",
      "set_index": 0,
      "collection_index": 0,
      "text": "Lorem ipsum",
      "option": 7,
      "file": "",
      "value_type": "option",
      "unit": "",
      "external_id": ""
    }
  },
  {
    "model": "projects.value",
    "pk": 357,
    "fields": {
      "created": "2017-04-25T14:53:21.131Z",
      "updated": "2021-02-21T12:32:42.980Z",
      "project": 1,
      "snapshot": 7,
      "attribute": 7,
      "set_prefix": "",
      "set_index": 0,
      "collection_index": 0,
      "text": "37",
      "option": null,
      "file": "",
      "value_type": "float",
      "unit": "",
      "external_id": ""
    }
  },
  {
    "model": "projects.value",
    "pk": 358,
    "fields": {
      "created": "2017-04-25T14:53:15.855Z",
      "updated": "2021-02-21T12:32:42.990Z",
      "project": 1,
      "snapshot": 7,
      "attribute": 12,
      "set_prefix": "",
      "set_index": 0,
      "collection_index": 0,
      "text": "",
      "option": 1,
      "file": "",
      "value_type": "option",
      "unit": "",
      "external_id": ""
    }
  },
  {
    "model": "projects.value",
    "pk": 359,
    "fields": {
      "created": "2017-04-25T14:52:59.412Z",
      "updated": "2021-02-21T12:32:43.001Z",
      "project": 1,
      "snapshot": 7,
      "attribute": 3,
      "set_prefix": "",
      "set_index": 0,
      "collection_index": 0,
      "text": "Lorem ipsum dolor sit amet",
      "option": null,
      "file": "",
      "value_type": "text",
      "unit": "",
      "external_id": ""
    }
  },
  {
    "model": "projects.value",
    "pk": 360,
    "fields": {
      "created": "2017-04-25T14:53:03.399Z",
      "updated": "2021-02-21T12:32:43.012Z",
      "project": 1,
      "snapshot": 7,
      "attribute": 4,
      "set_prefix": "",
      "set_index": 0,
      "collection_index": 0,
      "text": "Lorem ipsum dolor sit amet, consetetur sadipscing elitr, sed diam nonumy eirmod tempor invidunt ut labore et dolore magna aliquyam erat, sed diam voluptua. At vero eos et accusam et justo duo dolores et ea rebum. Stet clita kasd gubergren, no sea takimata sanctus est. Lorem ipsum dolor sit amet. Lorem ipsum dolor sit amet, consetetur sadipscing elitr, sed diam nonumy eirmod tempor invidunt ut labore et dolore magna aliquyam erat, sed diam voluptua. At vero eos et accusam et justo duo dolores et ea rebum. Stet clita kasd gubergren, no sea takimata sanctus est. Lorem ipsum dolor sit amet.",
      "option": null,
      "file": "",
      "value_type": "text",
      "unit": "",
      "external_id": ""
    }
  },
  {
    "model": "projects.value",
    "pk": 361,
    "fields": {
      "created": "2018-07-20T15:27:00.962Z",
      "updated": "2021-02-21T12:32:43.023Z",
      "project": 1,
      "snapshot": 7,
      "attribute": 62,
      "set_prefix": "",
      "set_index": 0,
      "collection_index": 0,
      "text": "1",
      "option": null,
      "file": "",
      "value_type": "boolean",
      "unit": "",
      "external_id": ""
    }
  },
  {
    "model": "projects.value",
    "pk": 362,
    "fields": {
      "created": "2018-07-20T15:27:00.981Z",
      "updated": "2021-02-21T12:32:43.034Z",
      "project": 1,
      "snapshot": 7,
      "attribute": 62,
      "set_prefix": "",
      "set_index": 0,
      "collection_index": 1,
      "text": "0",
      "option": null,
      "file": "",
      "value_type": "boolean",
      "unit": "",
      "external_id": ""
    }
  },
  {
    "model": "projects.value",
    "pk": 363,
    "fields": {
      "created": "2018-07-20T15:27:00.980Z",
      "updated": "2021-02-21T12:32:43.045Z",
      "project": 1,
      "snapshot": 7,
      "attribute": 62,
      "set_prefix": "",
      "set_index": 0,
      "collection_index": 2,
      "text": "1",
      "option": null,
      "file": "",
      "value_type": "boolean",
      "unit": "",
      "external_id": ""
    }
  },
  {
    "model": "projects.value",
    "pk": 364,
    "fields": {
      "created": "2018-07-20T15:27:01.189Z",
      "updated": "2021-02-21T12:32:43.055Z",
      "project": 1,
      "snapshot": 7,
      "attribute": 62,
      "set_prefix": "",
      "set_index": 1,
      "collection_index": 0,
      "text": "0",
      "option": null,
      "file": "",
      "value_type": "boolean",
      "unit": "",
      "external_id": ""
    }
  },
  {
    "model": "projects.value",
    "pk": 365,
    "fields": {
      "created": "2018-07-20T15:27:01.190Z",
      "updated": "2021-02-21T12:32:43.065Z",
      "project": 1,
      "snapshot": 7,
      "attribute": 62,
      "set_prefix": "",
      "set_index": 1,
      "collection_index": 1,
      "text": "1",
      "option": null,
      "file": "",
      "value_type": "boolean",
      "unit": "",
      "external_id": ""
    }
  },
  {
    "model": "projects.value",
    "pk": 366,
    "fields": {
      "created": "2018-07-20T15:27:01.191Z",
      "updated": "2021-02-21T12:32:43.076Z",
      "project": 1,
      "snapshot": 7,
      "attribute": 62,
      "set_prefix": "",
      "set_index": 1,
      "collection_index": 2,
      "text": "0",
      "option": null,
      "file": "",
      "value_type": "boolean",
      "unit": "",
      "external_id": ""
    }
  },
  {
    "model": "projects.value",
    "pk": 367,
    "fields": {
      "created": "2018-07-20T15:27:01.133Z",
      "updated": "2021-02-21T12:32:43.087Z",
      "project": 1,
      "snapshot": 7,
      "attribute": 78,
      "set_prefix": "",
      "set_index": 0,
      "collection_index": 1,
      "text": "",
      "option": 5,
      "file": "",
      "value_type": "option",
      "unit": "",
      "external_id": ""
    }
  },
  {
    "model": "projects.value",
    "pk": 368,
    "fields": {
      "created": "2018-07-20T15:27:01.151Z",
      "updated": "2021-02-21T12:32:43.096Z",
      "project": 1,
      "snapshot": 7,
      "attribute": 78,
      "set_prefix": "",
      "set_index": 0,
      "collection_index": 2,
      "text": "",
      "option": 6,
      "file": "",
      "value_type": "option",
      "unit": "",
      "external_id": ""
    }
  },
  {
    "model": "projects.value",
    "pk": 369,
    "fields": {
      "created": "2018-07-20T15:27:01.282Z",
      "updated": "2021-02-21T12:32:43.103Z",
      "project": 1,
      "snapshot": 7,
      "attribute": 78,
      "set_prefix": "",
      "set_index": 1,
      "collection_index": 0,
      "text": "",
      "option": 4,
      "file": "",
      "value_type": "option",
      "unit": "",
      "external_id": ""
    }
  },
  {
    "model": "projects.value",
    "pk": 370,
    "fields": {
      "created": "2018-07-20T15:27:01.110Z",
      "updated": "2021-02-21T12:32:43.110Z",
      "project": 1,
      "snapshot": 7,
      "attribute": 63,
      "set_prefix": "",
      "set_index": 0,
      "collection_index": 0,
      "text": "2018-01-07T00:00:00+01:00",
      "option": null,
      "file": "",
      "value_type": "datetime",
      "unit": "",
      "external_id": ""
    }
  },
  {
    "model": "projects.value",
    "pk": 371,
    "fields": {
      "created": "2018-07-20T15:27:01.126Z",
      "updated": "2021-02-21T12:32:43.116Z",
      "project": 1,
      "snapshot": 7,
      "attribute": 63,
      "set_prefix": "",
      "set_index": 0,
      "collection_index": 1,
      "text": "2018-02-07T00:00:00+01:00",
      "option": null,
      "file": "",
      "value_type": "datetime",
      "unit": "",
      "external_id": ""
    }
  },
  {
    "model": "projects.value",
    "pk": 372,
    "fields": {
      "created": "2018-07-20T15:27:01.265Z",
      "updated": "2021-02-21T12:32:43.122Z",
      "project": 1,
      "snapshot": 7,
      "attribute": 63,
      "set_prefix": "",
      "set_index": 1,
      "collection_index": 0,
      "text": "2018-10-07T00:00:00+02:00",
      "option": null,
      "file": "",
      "value_type": "datetime",
      "unit": "",
      "external_id": ""
    }
  },
  {
    "model": "projects.value",
    "pk": 373,
    "fields": {
      "created": "2018-07-20T15:27:01.277Z",
      "updated": "2021-02-21T12:32:43.129Z",
      "project": 1,
      "snapshot": 7,
      "attribute": 63,
      "set_prefix": "",
      "set_index": 1,
      "collection_index": 1,
      "text": "2018-11-07T00:00:00+01:00",
      "option": null,
      "file": "",
      "value_type": "datetime",
      "unit": "",
      "external_id": ""
    }
  },
  {
    "model": "projects.value",
    "pk": 374,
    "fields": {
      "created": "2018-07-20T15:27:00.995Z",
      "updated": "2021-02-21T12:32:43.134Z",
      "project": 1,
      "snapshot": 7,
      "attribute": 66,
      "set_prefix": "",
      "set_index": 0,
      "collection_index": 0,
      "text": "",
      "option": 4,
      "file": "",
      "value_type": "option",
      "unit": "",
      "external_id": ""
    }
  },
  {
    "model": "projects.value",
    "pk": 375,
    "fields": {
      "created": "2018-07-20T15:27:01.061Z",
      "updated": "2021-02-21T12:32:43.140Z",
      "project": 1,
      "snapshot": 7,
      "attribute": 66,
      "set_prefix": "",
      "set_index": 0,
      "collection_index": 1,
      "text": "",
      "option": 5,
      "file": "",
      "value_type": "option",
      "unit": "",
      "external_id": ""
    }
  },
  {
    "model": "projects.value",
    "pk": 376,
    "fields": {
      "created": "2018-07-20T15:27:01.072Z",
      "updated": "2021-02-21T12:32:43.146Z",
      "project": 1,
      "snapshot": 7,
      "attribute": 66,
      "set_prefix": "",
      "set_index": 0,
      "collection_index": 2,
      "text": "",
      "option": 6,
      "file": "",
      "value_type": "option",
      "unit": "",
      "external_id": ""
    }
  },
  {
    "model": "projects.value",
    "pk": 377,
    "fields": {
      "created": "2018-07-20T15:27:01.213Z",
      "updated": "2021-02-21T12:32:43.152Z",
      "project": 1,
      "snapshot": 7,
      "attribute": 66,
      "set_prefix": "",
      "set_index": 1,
      "collection_index": 0,
      "text": "",
      "option": 6,
      "file": "",
      "value_type": "option",
      "unit": "",
      "external_id": ""
    }
  },
  {
    "model": "projects.value",
    "pk": 378,
    "fields": {
      "created": "2018-07-20T15:27:01.233Z",
      "updated": "2021-02-21T12:32:43.159Z",
      "project": 1,
      "snapshot": 7,
      "attribute": 66,
      "set_prefix": "",
      "set_index": 1,
      "collection_index": 1,
      "text": "",
      "option": 5,
      "file": "",
      "value_type": "option",
      "unit": "",
      "external_id": ""
    }
  },
  {
    "model": "projects.value",
    "pk": 379,
    "fields": {
      "created": "2018-07-20T15:27:01.233Z",
      "updated": "2021-02-21T12:32:43.165Z",
      "project": 1,
      "snapshot": 7,
      "attribute": 66,
      "set_prefix": "",
      "set_index": 1,
      "collection_index": 2,
      "text": "",
      "option": 4,
      "file": "",
      "value_type": "option",
      "unit": "",
      "external_id": ""
    }
  },
  {
    "model": "projects.value",
    "pk": 380,
    "fields": {
      "created": "2018-07-20T15:27:01.080Z",
      "updated": "2021-02-21T12:32:43.172Z",
      "project": 1,
      "snapshot": 7,
      "attribute": 67,
      "set_prefix": "",
      "set_index": 0,
      "collection_index": 0,
      "text": "16",
      "option": null,
      "file": "",
      "value_type": "float",
      "unit": "",
      "external_id": ""
    }
  },
  {
    "model": "projects.value",
    "pk": 381,
    "fields": {
      "created": "2018-07-20T15:27:01.093Z",
      "updated": "2021-02-21T12:32:43.177Z",
      "project": 1,
      "snapshot": 7,
      "attribute": 67,
      "set_prefix": "",
      "set_index": 0,
      "collection_index": 1,
      "text": "31",
      "option": null,
      "file": "",
      "value_type": "float",
      "unit": "",
      "external_id": ""
    }
  },
  {
    "model": "projects.value",
    "pk": 382,
    "fields": {
      "created": "2018-07-20T15:27:01.256Z",
      "updated": "2021-02-21T12:32:43.183Z",
      "project": 1,
      "snapshot": 7,
      "attribute": 67,
      "set_prefix": "",
      "set_index": 1,
      "collection_index": 0,
      "text": "86",
      "option": null,
      "file": "",
      "value_type": "float",
      "unit": "",
      "external_id": ""
    }
  },
  {
    "model": "projects.value",
    "pk": 383,
    "fields": {
      "created": "2018-07-20T15:27:01.090Z",
      "updated": "2021-02-21T12:32:43.190Z",
      "project": 1,
      "snapshot": 7,
      "attribute": 68,
      "set_prefix": "",
      "set_index": 0,
      "collection_index": 0,
      "text": "",
      "option": 1,
      "file": "",
      "value_type": "option",
      "unit": "",
      "external_id": ""
    }
  },
  {
    "model": "projects.value",
    "pk": 384,
    "fields": {
      "created": "2018-07-20T15:27:01.087Z",
      "updated": "2021-02-21T12:32:43.195Z",
      "project": 1,
      "snapshot": 7,
      "attribute": 68,
      "set_prefix": "",
      "set_index": 0,
      "collection_index": 1,
      "text": "",
      "option": 2,
      "file": "",
      "value_type": "option",
      "unit": "",
      "external_id": ""
    }
  },
  {
    "model": "projects.value",
    "pk": 385,
    "fields": {
      "created": "2018-07-20T15:27:01.247Z",
      "updated": "2021-02-21T12:32:43.200Z",
      "project": 1,
      "snapshot": 7,
      "attribute": 68,
      "set_prefix": "",
      "set_index": 1,
      "collection_index": 0,
      "text": "",
      "option": 3,
      "file": "",
      "value_type": "option",
      "unit": "",
      "external_id": ""
    }
  },
  {
    "model": "projects.value",
    "pk": 386,
    "fields": {
      "created": "2017-04-25T14:55:25.443Z",
      "updated": "2021-02-21T12:32:43.207Z",
      "project": 1,
      "snapshot": 7,
      "attribute": 47,
      "set_prefix": "",
      "set_index": 0,
      "collection_index": 0,
      "text": "Lorem ipsum dolor sit amet, consetetur sadipscing elitr",
      "option": null,
      "file": "",
      "value_type": "text",
      "unit": "",
      "external_id": ""
    }
  },
  {
    "model": "projects.value",
    "pk": 387,
    "fields": {
      "created": "2017-04-25T14:55:30.124Z",
      "updated": "2021-02-21T12:32:43.214Z",
      "project": 1,
      "snapshot": 7,
      "attribute": 47,
      "set_prefix": "",
      "set_index": 1,
      "collection_index": 0,
      "text": "Lorem ipsum dolor sit amet, consetetur sadipscing elitr",
      "option": null,
      "file": "",
      "value_type": "text",
      "unit": "",
      "external_id": ""
    }
  },
  {
    "model": "projects.value",
    "pk": 388,
    "fields": {
      "created": "2017-04-25T14:55:25.449Z",
      "updated": "2021-02-21T12:32:43.220Z",
      "project": 1,
      "snapshot": 7,
      "attribute": 48,
      "set_prefix": "",
      "set_index": 0,
      "collection_index": 0,
      "text": "Lorem ipsum dolor sit amet, consetetur sadipscing elitr, sed diam nonumy eirmod tempor invidunt ut labore et dolore magna aliquyam erat, sed diam voluptua. At vero eos et accusam et justo duo dolores et ea rebum. Stet clita kasd gubergren, no sea takimata sanctus est. Lorem ipsum dolor sit amet. Lorem ipsum dolor sit amet, consetetur sadipscing elitr, sed diam nonumy eirmod tempor invidunt ut labore et dolore magna aliquyam erat, sed diam voluptua. At vero eos et accusam et justo duo dolores et ea rebum. Stet clita kasd gubergren, no sea takimata sanctus est. Lorem ipsum dolor sit amet.",
      "option": null,
      "file": "",
      "value_type": "text",
      "unit": "",
      "external_id": ""
    }
  },
  {
    "model": "projects.value",
    "pk": 389,
    "fields": {
      "created": "2017-04-25T14:55:30.120Z",
      "updated": "2021-02-21T12:32:43.226Z",
      "project": 1,
      "snapshot": 7,
      "attribute": 48,
      "set_prefix": "",
      "set_index": 1,
      "collection_index": 0,
      "text": "Lorem ipsum dolor sit amet, consetetur sadipscing elitr, sed diam nonumy eirmod tempor invidunt ut labore et dolore magna aliquyam erat, sed diam voluptua. At vero eos et accusam et justo duo dolores et ea rebum. Stet clita kasd gubergren, no sea takimata sanctus est. Lorem ipsum dolor sit amet. Lorem ipsum dolor sit amet, consetetur sadipscing elitr, sed diam nonumy eirmod tempor invidunt ut labore et dolore magna aliquyam erat, sed diam voluptua. At vero eos et accusam et justo duo dolores et ea rebum. Stet clita kasd gubergren, no sea takimata sanctus est. Lorem ipsum dolor sit amet.",
      "option": null,
      "file": "",
      "value_type": "text",
      "unit": "",
      "external_id": ""
    }
  },
  {
    "model": "projects.value",
    "pk": 390,
    "fields": {
      "created": "2018-07-23T11:10:30.841Z",
      "updated": "2021-02-21T12:32:43.233Z",
      "project": 1,
      "snapshot": 7,
      "attribute": 79,
      "set_prefix": "",
      "set_index": 0,
      "collection_index": 0,
      "text": "First",
      "option": null,
      "file": "",
      "value_type": "text",
      "unit": "",
      "external_id": ""
    }
  },
  {
    "model": "projects.value",
    "pk": 391,
    "fields": {
      "created": "2018-07-23T11:10:33.797Z",
      "updated": "2021-02-21T12:32:43.239Z",
      "project": 1,
      "snapshot": 7,
      "attribute": 79,
      "set_prefix": "",
      "set_index": 1,
      "collection_index": 0,
      "text": "Second",
      "option": null,
      "file": "",
      "value_type": "text",
      "unit": "",
      "external_id": ""
    }
  },
  {
    "model": "projects.value",
    "pk": 392,
    "fields": {
      "created": "2018-07-20T15:09:23.797Z",
      "updated": "2021-02-21T12:32:43.246Z",
      "project": 1,
      "snapshot": 7,
      "attribute": 70,
      "set_prefix": "",
      "set_index": 0,
      "collection_index": 0,
      "text": "1",
      "option": null,
      "file": "",
      "value_type": "boolean",
      "unit": "",
      "external_id": ""
    }
  },
  {
    "model": "projects.value",
    "pk": 393,
    "fields": {
      "created": "2018-07-20T15:08:38.982Z",
      "updated": "2021-02-21T12:32:43.252Z",
      "project": 1,
      "snapshot": 7,
      "attribute": 70,
      "set_prefix": "",
      "set_index": 1,
      "collection_index": 0,
      "text": "0",
      "option": null,
      "file": "",
      "value_type": "boolean",
      "unit": "",
      "external_id": ""
    }
  },
  {
    "model": "projects.value",
    "pk": 394,
    "fields": {
      "created": "2018-07-20T15:09:23.833Z",
      "updated": "2021-02-21T12:32:43.258Z",
      "project": 1,
      "snapshot": 7,
      "attribute": 71,
      "set_prefix": "",
      "set_index": 0,
      "collection_index": 0,
      "text": "2018-01-07T00:00:00+01:00",
      "option": null,
      "file": "",
      "value_type": "datetime",
      "unit": "",
      "external_id": ""
    }
  },
  {
    "model": "projects.value",
    "pk": 395,
    "fields": {
      "created": "2018-07-20T15:08:39.010Z",
      "updated": "2021-02-21T12:32:43.265Z",
      "project": 1,
      "snapshot": 7,
      "attribute": 71,
      "set_prefix": "",
      "set_index": 1,
      "collection_index": 0,
      "text": "2018-02-07T00:00:00+01:00",
      "option": null,
      "file": "",
      "value_type": "datetime",
      "unit": "",
      "external_id": ""
    }
  },
  {
    "model": "projects.value",
    "pk": 396,
    "fields": {
      "created": "2018-07-20T15:09:23.804Z",
      "updated": "2021-02-21T12:32:43.270Z",
      "project": 1,
      "snapshot": 7,
      "attribute": 74,
      "set_prefix": "",
      "set_index": 0,
      "collection_index": 0,
      "text": "",
      "option": 4,
      "file": "",
      "value_type": "option",
      "unit": "",
      "external_id": ""
    }
  },
  {
    "model": "projects.value",
    "pk": 397,
    "fields": {
      "created": "2018-07-20T15:08:38.976Z",
      "updated": "2021-02-21T12:32:43.276Z",
      "project": 1,
      "snapshot": 7,
      "attribute": 74,
      "set_prefix": "",
      "set_index": 1,
      "collection_index": 0,
      "text": "",
      "option": 5,
      "file": "",
      "value_type": "option",
      "unit": "",
      "external_id": ""
    }
  },
  {
    "model": "projects.value",
    "pk": 398,
    "fields": {
      "created": "2018-07-20T15:09:23.807Z",
      "updated": "2021-02-21T12:32:43.283Z",
      "project": 1,
      "snapshot": 7,
      "attribute": 75,
      "set_prefix": "",
      "set_index": 0,
      "collection_index": 0,
      "text": "1",
      "option": null,
      "file": "",
      "value_type": "float",
      "unit": "",
      "external_id": ""
    }
  },
  {
    "model": "projects.value",
    "pk": 399,
    "fields": {
      "created": "2018-07-20T15:08:38.997Z",
      "updated": "2021-02-21T12:32:43.289Z",
      "project": 1,
      "snapshot": 7,
      "attribute": 75,
      "set_prefix": "",
      "set_index": 1,
      "collection_index": 0,
      "text": "2",
      "option": null,
      "file": "",
      "value_type": "float",
      "unit": "",
      "external_id": ""
    }
  },
  {
    "model": "projects.value",
    "pk": 400,
    "fields": {
      "created": "2018-07-20T15:09:23.813Z",
      "updated": "2021-02-21T12:32:43.295Z",
      "project": 1,
      "snapshot": 7,
      "attribute": 76,
      "set_prefix": "",
      "set_index": 0,
      "collection_index": 0,
      "text": "",
      "option": 1,
      "file": "",
      "value_type": "option",
      "unit": "",
      "external_id": ""
    }
  },
  {
    "model": "projects.value",
    "pk": 401,
    "fields": {
      "created": "2018-07-20T15:08:38.992Z",
      "updated": "2021-02-21T12:32:43.301Z",
      "project": 1,
      "snapshot": 7,
      "attribute": 76,
      "set_prefix": "",
      "set_index": 1,
      "collection_index": 0,
      "text": "",
      "option": 2,
      "file": "",
      "value_type": "option",
      "unit": "",
      "external_id": ""
    }
  },
  {
    "model": "projects.value",
    "pk": 402,
    "fields": {
      "created": "2017-04-25T14:55:19.847Z",
      "updated": "2021-02-21T12:32:43.306Z",
      "project": 1,
      "snapshot": 7,
      "attribute": 49,
      "set_prefix": "",
      "set_index": 0,
      "collection_index": 0,
      "text": "Lorem ipsum dolor sit amet, consetetur sadipscing elitr",
      "option": null,
      "file": "",
      "value_type": "text",
      "unit": "",
      "external_id": ""
    }
  },
  {
    "model": "projects.value",
    "pk": 403,
    "fields": {
      "created": "2018-07-20T15:08:38.974Z",
      "updated": "2021-02-21T12:32:43.312Z",
      "project": 1,
      "snapshot": 7,
      "attribute": 49,
      "set_prefix": "",
      "set_index": 1,
      "collection_index": 0,
      "text": "Lorem ipsum dolor sit amet, consetetur sadipscing elitr",
      "option": null,
      "file": "",
      "value_type": "text",
      "unit": "",
      "external_id": ""
    }
  },
  {
    "model": "projects.value",
    "pk": 404,
    "fields": {
      "created": "2017-04-25T14:55:19.853Z",
      "updated": "2021-02-21T12:32:43.319Z",
      "project": 1,
      "snapshot": 7,
      "attribute": 50,
      "set_prefix": "",
      "set_index": 0,
      "collection_index": 0,
      "text": "Lorem ipsum dolor sit amet, consetetur sadipscing elitr, sed diam nonumy eirmod tempor invidunt ut labore et dolore magna aliquyam erat, sed diam voluptua. At vero eos et accusam et justo duo dolores et ea rebum. Stet clita kasd gubergren, no sea takimata sanctus est. Lorem ipsum dolor sit amet. Lorem ipsum dolor sit amet, consetetur sadipscing elitr, sed diam nonumy eirmod tempor invidunt ut labore et dolore magna aliquyam erat, sed diam voluptua. At vero eos et accusam et justo duo dolores et ea rebum. Stet clita kasd gubergren, no sea takimata sanctus est. Lorem ipsum dolor sit amet.",
      "option": null,
      "file": "",
      "value_type": "text",
      "unit": "",
      "external_id": ""
    }
  },
  {
    "model": "projects.value",
    "pk": 405,
    "fields": {
      "created": "2018-07-20T15:08:38.975Z",
      "updated": "2021-02-21T12:32:43.325Z",
      "project": 1,
      "snapshot": 7,
      "attribute": 50,
      "set_prefix": "",
      "set_index": 1,
      "collection_index": 0,
      "text": "Lorem ipsum dolor sit amet, consetetur sadipscing elitr, sed diam nonumy eirmod tempor invidunt ut labore et dolore magna aliquyam erat, sed diam voluptua. At vero eos et accusam et justo duo dolores et ea rebum. Stet clita kasd gubergren, no sea takimata sanctus est. Lorem ipsum dolor sit amet. Lorem ipsum dolor sit amet, consetetur sadipscing elitr, sed diam nonumy eirmod tempor invidunt ut labore et dolore magna aliquyam erat, sed diam voluptua. At vero eos et accusam et justo duo dolores et ea rebum. Stet clita kasd gubergren, no sea takimata sanctus est. Lorem ipsum dolor sit amet.",
      "option": null,
      "file": "",
      "value_type": "text",
      "unit": "",
      "external_id": ""
    }
  },
  {
    "model": "projects.value",
    "pk": 406,
    "fields": {
      "created": "2021-06-01T15:21:28.646Z",
      "updated": "2021-06-01T15:21:28.646Z",
      "project": 1,
      "snapshot": null,
      "attribute": 107,
      "set_prefix": "",
      "set_index": 0,
      "collection_index": 0,
      "text": "Block1",
      "option": null,
      "file": "",
      "value_type": "text",
      "unit": "",
      "external_id": ""
    }
  },
  {
    "model": "projects.value",
    "pk": 407,
    "fields": {
      "created": "2021-06-01T15:21:55.006Z",
      "updated": "2021-06-01T15:21:55.006Z",
      "project": 1,
      "snapshot": null,
      "attribute": 109,
      "set_prefix": "",
      "set_index": 0,
      "collection_index": 0,
      "text": "B",
      "option": null,
      "file": "",
      "value_type": "text",
      "unit": "",
      "external_id": ""
    }
  },
  {
    "model": "projects.value",
    "pk": 408,
    "fields": {
      "created": "2021-06-01T15:21:55.087Z",
      "updated": "2021-06-01T15:21:55.087Z",
      "project": 1,
      "snapshot": null,
      "attribute": 110,
      "set_prefix": "",
      "set_index": 0,
      "collection_index": 0,
      "text": "C1",
      "option": null,
      "file": "",
      "value_type": "text",
      "unit": "",
      "external_id": ""
    }
  },
  {
    "model": "projects.value",
    "pk": 409,
    "fields": {
      "created": "2021-06-01T15:21:55.134Z",
      "updated": "2021-06-01T15:21:55.134Z",
      "project": 1,
      "snapshot": null,
      "attribute": 112,
      "set_prefix": "0",
      "set_index": 0,
      "collection_index": 1,
      "text": "",
      "option": 2,
      "file": "",
      "value_type": "text",
      "unit": "",
      "external_id": ""
    }
  },
  {
    "model": "projects.value",
    "pk": 410,
    "fields": {
      "created": "2021-06-01T15:21:55.140Z",
      "updated": "2021-06-01T15:21:55.140Z",
      "project": 1,
      "snapshot": null,
      "attribute": 112,
      "set_prefix": "0",
      "set_index": 0,
      "collection_index": 0,
      "text": "",
      "option": 1,
      "file": "",
      "value_type": "text",
      "unit": "",
      "external_id": ""
    }
  },
  {
    "model": "projects.value",
    "pk": 411,
    "fields": {
      "created": "2021-06-01T15:21:55.163Z",
      "updated": "2021-06-01T15:21:55.163Z",
      "project": 1,
      "snapshot": null,
      "attribute": 112,
      "set_prefix": "0",
      "set_index": 0,
      "collection_index": 2,
      "text": "",
      "option": 3,
      "file": "",
      "value_type": "text",
      "unit": "",
      "external_id": ""
    }
  },
  {
    "model": "projects.value",
    "pk": 412,
    "fields": {
      "created": "2021-06-01T15:21:55.222Z",
      "updated": "2021-06-01T15:21:55.222Z",
      "project": 1,
      "snapshot": null,
      "attribute": 108,
      "set_prefix": "",
      "set_index": 0,
      "collection_index": 0,
      "text": "A",
      "option": null,
      "file": "",
      "value_type": "text",
      "unit": "",
      "external_id": ""
    }
  },
  {
    "model": "projects.value",
    "pk": 413,
    "fields": {
      "created": "2021-06-01T15:21:55.821Z",
      "updated": "2021-06-01T15:21:55.822Z",
      "project": 1,
      "snapshot": null,
      "attribute": 110,
      "set_prefix": "",
      "set_index": 0,
      "collection_index": 2,
      "text": "C3",
      "option": null,
      "file": "",
      "value_type": "text",
      "unit": "",
      "external_id": ""
    }
  },
  {
    "model": "projects.value",
    "pk": 414,
    "fields": {
      "created": "2021-06-01T15:21:55.837Z",
      "updated": "2021-06-01T15:21:55.837Z",
      "project": 1,
      "snapshot": null,
      "attribute": 110,
      "set_prefix": "",
      "set_index": 0,
      "collection_index": 1,
      "text": "C2",
      "option": null,
      "file": "",
      "value_type": "text",
      "unit": "",
      "external_id": ""
    }
  }
]