[
  {
    "model": "questions.catalog",
    "pk": 1,
    "fields": {
      "created": "2016-12-15T12:00:09.331Z",
      "updated": "2017-02-01T14:55:09.776Z",
      "uri": "http://example.com/terms/questions/catalog",
      "uri_prefix": "",
      "key": "catalog",
      "comment": "",
      "order": 0,
      "title_en": "Catalog",
      "title_de": "Katalog"
    }
  },
  {
    "model": "questions.section",
    "pk": 1,
    "fields": {
      "created": "2016-12-15T12:00:31.550Z",
      "updated": "2018-07-20T14:50:17.680Z",
      "uri": "http://example.com/terms/questions/catalog/individual",
      "uri_prefix": null,
      "key": "individual",
      "path": "catalog/individual",
      "comment": null,
      "catalog": 1,
      "order": 1,
      "title_en": "Single questions",
      "title_de": "Einzelne Fragen"
    }
  },
  {
    "model": "questions.section",
    "pk": 4,
    "fields": {
      "created": "2018-07-20T14:33:00.305Z",
      "updated": "2018-07-20T14:34:27.667Z",
      "uri": "http://example.com/terms/questions/catalog/set",
      "uri_prefix": null,
      "key": "set",
      "path": "catalog/set",
      "comment": null,
      "catalog": 1,
      "order": 2,
      "title_en": "Sets",
      "title_de": "Sets"
    }
  },
  {
    "model": "questions.section",
    "pk": 5,
    "fields": {
      "created": "2018-07-23T11:22:45.011Z",
      "updated": "2018-07-23T11:22:48.984Z",
      "uri": "http://example.com/terms/questions/catalog/conditions",
      "uri_prefix": null,
      "key": "conditions",
      "path": "catalog/conditions",
      "comment": null,
      "catalog": 1,
      "order": 3,
      "title_en": "Conditions",
      "title_de": "Bedingungen"
    }
  },
  {
    "model": "questions.subsection",
    "pk": 1,
    "fields": {
      "created": "2016-12-15T12:01:03.104Z",
      "updated": "2018-07-20T14:50:23.926Z",
      "uri": "http://example.com/terms/questions/catalog/individual/single",
      "uri_prefix": null,
      "key": "single",
      "path": "catalog/individual/single",
      "comment": null,
      "section": 1,
      "order": 1,
      "title_en": "Regular questions",
      "title_de": "Normale Fragen"
    }
  },
  {
    "model": "questions.subsection",
    "pk": 2,
    "fields": {
      "created": "2016-12-15T12:01:28.560Z",
      "updated": "2018-07-20T14:50:17.724Z",
      "uri": "http://example.com/terms/questions/catalog/individual/collection",
      "uri_prefix": null,
      "key": "collection",
      "path": "catalog/individual/collection",
      "comment": null,
      "section": 1,
      "order": 2,
      "title_en": "Collection questions",
      "title_de": "Fragensammlungen"
    }
  },
  {
    "model": "questions.subsection",
    "pk": 3,
    "fields": {
      "created": "2016-12-15T12:01:47.090Z",
      "updated": "2018-07-20T14:47:20.338Z",
      "uri": "http://example.com/terms/questions/catalog/set/individual",
      "uri_prefix": null,
      "key": "individual",
      "path": "catalog/set/individual",
      "comment": null,
      "section": 4,
      "order": 1,
      "title_en": "Individual question sets",
      "title_de": "Einzelne Fragensets"
    }
  },
  {
    "model": "questions.subsection",
    "pk": 6,
    "fields": {
      "created": "2018-07-20T14:34:16.990Z",
      "updated": "2018-07-20T14:34:27.720Z",
      "uri": "http://example.com/terms/questions/catalog/set/collection",
      "uri_prefix": null,
      "key": "collection",
      "path": "catalog/set/collection",
      "comment": null,
      "section": 4,
      "order": 2,
      "title_en": "Collection",
      "title_de": "Collection"
    }
  },
  {
    "model": "questions.subsection",
    "pk": 7,
    "fields": {
      "created": "2018-07-23T11:23:40.203Z",
      "updated": "2018-07-23T11:58:32.182Z",
      "uri": "http://example.com/terms/questions/catalog/conditions/text",
      "uri_prefix": null,
      "key": "text",
      "path": "catalog/conditions/text",
      "comment": null,
      "section": 5,
      "order": 1,
      "title_en": "Text",
      "title_de": "Text"
    }
  },
  {
    "model": "questions.subsection",
    "pk": 8,
    "fields": {
      "created": "2018-07-23T11:33:53.616Z",
      "updated": "2018-07-23T11:58:55.372Z",
      "uri": "http://example.com/terms/questions/catalog/conditions/options",
      "uri_prefix": null,
      "key": "options",
      "path": "catalog/conditions/options",
      "comment": null,
      "section": 5,
      "order": 2,
      "title_en": "Options",
      "title_de": "Optionen"
    }
  },
  {
    "model": "questions.questionentity",
    "pk": 1,
    "fields": {
      "created": "2016-12-15T13:28:15.582Z",
      "updated": "2018-07-20T14:50:23.931Z",
      "uri": "http://example.com/terms/questions/catalog/individual/single/text",
      "uri_prefix": null,
      "key": "text",
      "path": "catalog/individual/single/text",
      "comment": null,
      "attribute_entity": 3,
      "subsection": 1,
      "is_collection": false,
      "order": 1,
      "help_en": null,
      "help_de": null,
      "conditions": []
    }
  },
  {
    "model": "questions.questionentity",
    "pk": 2,
    "fields": {
      "created": "2016-12-15T13:28:41.406Z",
      "updated": "2018-07-20T14:50:23.936Z",
      "uri": "http://example.com/terms/questions/catalog/individual/single/textarea",
      "uri_prefix": null,
      "key": "textarea",
      "path": "catalog/individual/single/textarea",
      "comment": null,
      "attribute_entity": 4,
      "subsection": 1,
      "is_collection": false,
      "order": 2,
      "help_en": null,
      "help_de": null,
      "conditions": []
    }
  },
  {
    "model": "questions.questionentity",
    "pk": 3,
    "fields": {
      "created": "2016-12-15T13:29:05.951Z",
      "updated": "2018-07-20T14:50:23.940Z",
      "uri": "http://example.com/terms/questions/catalog/individual/single/bool",
      "uri_prefix": null,
      "key": "bool",
      "path": "catalog/individual/single/bool",
      "comment": null,
      "attribute_entity": 8,
      "subsection": 1,
      "is_collection": false,
      "order": 3,
      "help_en": null,
      "help_de": null,
      "conditions": []
    }
  },
  {
    "model": "questions.questionentity",
    "pk": 4,
    "fields": {
      "created": "2016-12-15T13:30:22.772Z",
      "updated": "2018-07-20T14:50:23.943Z",
      "uri": "http://example.com/terms/questions/catalog/individual/single/radio",
      "uri_prefix": null,
      "key": "radio",
      "path": "catalog/individual/single/radio",
      "comment": null,
      "attribute_entity": 11,
      "subsection": 1,
      "is_collection": false,
      "order": 4,
      "help_en": null,
      "help_de": null,
      "conditions": []
    }
  },
  {
    "model": "questions.questionentity",
    "pk": 5,
    "fields": {
      "created": "2016-12-15T13:31:22.093Z",
      "updated": "2018-07-20T14:50:23.946Z",
      "uri": "http://example.com/terms/questions/catalog/individual/single/select",
      "uri_prefix": null,
      "key": "select",
      "path": "catalog/individual/single/select",
      "comment": null,
      "attribute_entity": 12,
      "subsection": 1,
      "is_collection": false,
      "order": 5,
      "help_en": null,
      "help_de": null,
      "conditions": []
    }
  },
  {
    "model": "questions.questionentity",
    "pk": 6,
    "fields": {
      "created": "2016-12-15T13:32:11.267Z",
      "updated": "2018-07-20T14:50:23.949Z",
      "uri": "http://example.com/terms/questions/catalog/individual/single/range",
      "uri_prefix": null,
      "key": "range",
      "path": "catalog/individual/single/range",
      "comment": null,
      "attribute_entity": 7,
      "subsection": 1,
      "is_collection": false,
      "order": 6,
      "help_en": null,
      "help_de": null,
      "conditions": []
    }
  },
  {
    "model": "questions.questionentity",
    "pk": 7,
    "fields": {
      "created": "2016-12-15T13:32:41.210Z",
      "updated": "2018-07-20T14:50:23.953Z",
      "uri": "http://example.com/terms/questions/catalog/individual/single/datetime",
      "uri_prefix": null,
      "key": "datetime",
      "path": "catalog/individual/single/datetime",
      "comment": null,
      "attribute_entity": 9,
      "subsection": 1,
      "is_collection": false,
      "order": 7,
      "help_en": null,
      "help_de": null,
      "conditions": []
    }
  },
  {
    "model": "questions.questionentity",
    "pk": 8,
    "fields": {
      "created": "2016-12-15T13:33:08.787Z",
      "updated": "2018-07-20T14:50:17.728Z",
      "uri": "http://example.com/terms/questions/catalog/individual/collection/text",
      "uri_prefix": null,
      "key": "text",
      "path": "catalog/individual/collection/text",
      "comment": null,
      "attribute_entity": 21,
      "subsection": 2,
      "is_collection": true,
      "order": 1,
      "help_en": null,
      "help_de": null,
      "conditions": []
    }
  },
  {
    "model": "questions.questionentity",
    "pk": 9,
    "fields": {
      "created": "2016-12-15T13:33:20.995Z",
      "updated": "2018-07-20T14:50:17.732Z",
      "uri": "http://example.com/terms/questions/catalog/individual/collection/textarea",
      "uri_prefix": null,
      "key": "textarea",
      "path": "catalog/individual/collection/textarea",
      "comment": null,
      "attribute_entity": 22,
      "subsection": 2,
      "is_collection": true,
      "order": 2,
      "help_en": null,
      "help_de": null,
      "conditions": []
    }
  },
  {
    "model": "questions.questionentity",
    "pk": 10,
    "fields": {
      "created": "2016-12-15T13:33:34.934Z",
      "updated": "2018-07-20T14:50:17.735Z",
      "uri": "http://example.com/terms/questions/catalog/individual/collection/bool",
      "uri_prefix": null,
      "key": "bool",
      "path": "catalog/individual/collection/bool",
      "comment": null,
      "attribute_entity": 13,
      "subsection": 2,
      "is_collection": true,
      "order": 3,
      "help_en": null,
      "help_de": null,
      "conditions": []
    }
  },
  {
    "model": "questions.questionentity",
    "pk": 11,
    "fields": {
      "created": "2016-12-15T13:33:54.082Z",
      "updated": "2018-07-20T14:50:17.738Z",
      "uri": "http://example.com/terms/questions/catalog/individual/collection/radio",
      "uri_prefix": null,
      "key": "radio",
      "path": "catalog/individual/collection/radio",
      "comment": null,
      "attribute_entity": 15,
      "subsection": 2,
      "is_collection": true,
      "order": 4,
      "help_en": null,
      "help_de": null,
      "conditions": []
    }
  },
  {
    "model": "questions.questionentity",
    "pk": 12,
    "fields": {
      "created": "2016-12-15T13:34:08.899Z",
      "updated": "2018-07-20T14:50:17.741Z",
      "uri": "http://example.com/terms/questions/catalog/individual/collection/select",
      "uri_prefix": null,
      "key": "select",
      "path": "catalog/individual/collection/select",
      "comment": null,
      "attribute_entity": 20,
      "subsection": 2,
      "is_collection": true,
      "order": 5,
      "help_en": null,
      "help_de": null,
      "conditions": []
    }
  },
  {
    "model": "questions.questionentity",
    "pk": 13,
    "fields": {
      "created": "2016-12-15T13:34:28.895Z",
      "updated": "2018-07-20T14:50:17.743Z",
      "uri": "http://example.com/terms/questions/catalog/individual/collection/range",
      "uri_prefix": null,
      "key": "range",
      "path": "catalog/individual/collection/range",
      "comment": null,
      "attribute_entity": 19,
      "subsection": 2,
      "is_collection": true,
      "order": 6,
      "help_en": null,
      "help_de": null,
      "conditions": []
    }
  },
  {
    "model": "questions.questionentity",
    "pk": 14,
    "fields": {
      "created": "2016-12-15T13:34:39.608Z",
      "updated": "2018-07-20T14:50:17.746Z",
      "uri": "http://example.com/terms/questions/catalog/individual/collection/datetime",
      "uri_prefix": null,
      "key": "datetime",
      "path": "catalog/individual/collection/datetime",
      "comment": null,
      "attribute_entity": 16,
      "subsection": 2,
      "is_collection": true,
      "order": 7,
      "help_en": null,
      "help_de": null,
      "conditions": []
    }
  },
  {
    "model": "questions.questionentity",
    "pk": 15,
    "fields": {
      "created": "2016-12-15T13:35:32.219Z",
      "updated": "2018-07-20T14:50:17.748Z",
      "uri": "http://example.com/terms/questions/catalog/individual/collection/checkbox",
      "uri_prefix": null,
      "key": "checkbox",
      "path": "catalog/individual/collection/checkbox",
      "comment": null,
      "attribute_entity": 14,
      "subsection": 2,
      "is_collection": true,
      "order": 8,
      "help_en": null,
      "help_de": null,
      "conditions": []
    }
  },
  {
    "model": "questions.questionentity",
    "pk": 16,
    "fields": {
      "created": "2017-01-24T15:54:14.908Z",
      "updated": "2018-07-20T14:48:58.528Z",
      "uri": "http://example.com/terms/questions/catalog/set/individual/single",
      "uri_prefix": null,
      "key": "single",
      "path": "catalog/set/individual/single",
      "comment": null,
      "attribute_entity": 1,
      "subsection": 3,
      "is_collection": false,
      "order": 1,
      "help_en": null,
      "help_de": null,
      "conditions": []
    }
  },
  {
    "model": "questions.questionentity",
    "pk": 17,
    "fields": {
      "created": "2017-01-24T15:54:23.537Z",
      "updated": "2018-07-20T15:04:41.654Z",
      "uri": "http://example.com/terms/questions/catalog/set/individual/collection",
      "uri_prefix": null,
      "key": "collection",
      "path": "catalog/set/individual/collection",
      "comment": null,
      "attribute_entity": 2,
      "subsection": 3,
      "is_collection": false,
      "order": 2,
      "help_en": null,
      "help_de": null,
      "conditions": []
    }
  },
  {
    "model": "questions.questionentity",
    "pk": 18,
    "fields": {
      "created": "2017-01-24T15:56:13.523Z",
      "updated": "2018-07-20T14:48:58.537Z",
      "uri": "http://example.com/terms/questions/catalog/set/individual/single/text",
      "uri_prefix": null,
      "key": "text",
      "path": "catalog/set/individual/single/text",
      "comment": null,
      "attribute_entity": 3,
      "subsection": 3,
      "is_collection": false,
      "order": 0,
      "help_en": null,
      "help_de": null,
      "conditions": []
    }
  },
  {
    "model": "questions.questionentity",
    "pk": 19,
    "fields": {
      "created": "2017-01-24T15:56:34.387Z",
      "updated": "2018-07-20T14:48:58.545Z",
      "uri": "http://example.com/terms/questions/catalog/set/individual/single/textarea",
      "uri_prefix": null,
      "key": "textarea",
      "path": "catalog/set/individual/single/textarea",
      "comment": null,
      "attribute_entity": 4,
      "subsection": 3,
      "is_collection": false,
      "order": 1,
      "help_en": null,
      "help_de": null,
      "conditions": []
    }
  },
  {
    "model": "questions.questionentity",
    "pk": 20,
    "fields": {
      "created": "2017-01-24T15:59:11.461Z",
      "updated": "2018-07-20T15:05:28.660Z",
      "uri": "http://example.com/terms/questions/catalog/set/individual/collection/text",
      "uri_prefix": null,
      "key": "text",
      "path": "catalog/set/individual/collection/text",
      "comment": null,
      "attribute_entity": 21,
      "subsection": 3,
      "is_collection": true,
      "order": 0,
      "help_en": null,
      "help_de": null,
      "conditions": []
    }
  },
  {
    "model": "questions.questionentity",
    "pk": 21,
    "fields": {
      "created": "2017-01-24T15:59:43.213Z",
      "updated": "2018-07-20T15:05:31.524Z",
      "uri": "http://example.com/terms/questions/catalog/set/individual/collection/textarea",
      "uri_prefix": null,
      "key": "textarea",
      "path": "catalog/set/individual/collection/textarea",
      "comment": null,
      "attribute_entity": 22,
      "subsection": 3,
      "is_collection": true,
      "order": 1,
      "help_en": null,
      "help_de": null,
      "conditions": []
    }
  },
  {
    "model": "questions.questionentity",
    "pk": 31,
    "fields": {
      "created": "2018-07-20T14:44:01.548Z",
      "updated": "2018-07-20T15:04:41.699Z",
      "uri": "http://example.com/terms/questions/catalog/set/individual/collection/bool",
      "uri_prefix": null,
      "key": "bool",
      "path": "catalog/set/individual/collection/bool",
      "comment": null,
      "attribute_entity": 13,
      "subsection": 3,
      "is_collection": true,
      "order": 3,
      "help_en": null,
      "help_de": null,
      "conditions": []
    }
  },
  {
    "model": "questions.questionentity",
    "pk": 32,
    "fields": {
      "created": "2018-07-20T14:44:50.085Z",
      "updated": "2018-07-20T14:48:58.551Z",
      "uri": "http://example.com/terms/questions/catalog/set/individual/single/bool",
      "uri_prefix": null,
      "key": "bool",
      "path": "catalog/set/individual/single/bool",
      "comment": null,
      "attribute_entity": 8,
      "subsection": 3,
      "is_collection": false,
      "order": 3,
      "help_en": null,
      "help_de": null,
      "conditions": []
    }
  },
  {
    "model": "questions.questionentity",
    "pk": 33,
    "fields": {
      "created": "2018-07-20T14:45:03.702Z",
      "updated": "2018-07-20T14:48:58.557Z",
      "uri": "http://example.com/terms/questions/catalog/set/individual/single/radio",
      "uri_prefix": null,
      "key": "radio",
      "path": "catalog/set/individual/single/radio",
      "comment": null,
      "attribute_entity": 11,
      "subsection": 3,
      "is_collection": false,
      "order": 4,
      "help_en": null,
      "help_de": null,
      "conditions": []
    }
  },
  {
    "model": "questions.questionentity",
    "pk": 34,
    "fields": {
      "created": "2018-07-20T14:45:09.684Z",
      "updated": "2018-07-20T14:48:58.561Z",
      "uri": "http://example.com/terms/questions/catalog/set/individual/single/select",
      "uri_prefix": null,
      "key": "select",
      "path": "catalog/set/individual/single/select",
      "comment": null,
      "attribute_entity": 12,
      "subsection": 3,
      "is_collection": false,
      "order": 5,
      "help_en": null,
      "help_de": null,
      "conditions": []
    }
  },
  {
    "model": "questions.questionentity",
    "pk": 35,
    "fields": {
      "created": "2018-07-20T14:45:20.881Z",
      "updated": "2018-07-20T14:48:58.567Z",
      "uri": "http://example.com/terms/questions/catalog/set/individual/single/range",
      "uri_prefix": null,
      "key": "range",
      "path": "catalog/set/individual/single/range",
      "comment": null,
      "attribute_entity": 7,
      "subsection": 3,
      "is_collection": false,
      "order": 6,
      "help_en": null,
      "help_de": null,
      "conditions": []
    }
  },
  {
    "model": "questions.questionentity",
    "pk": 36,
    "fields": {
      "created": "2018-07-20T14:45:27.061Z",
      "updated": "2018-07-20T14:48:58.572Z",
      "uri": "http://example.com/terms/questions/catalog/set/individual/single/datetime",
      "uri_prefix": null,
      "key": "datetime",
      "path": "catalog/set/individual/single/datetime",
      "comment": null,
      "attribute_entity": 9,
      "subsection": 3,
      "is_collection": false,
      "order": 7,
      "help_en": null,
      "help_de": null,
      "conditions": []
    }
  },
  {
    "model": "questions.questionentity",
    "pk": 37,
    "fields": {
      "created": "2018-07-20T14:45:45.236Z",
      "updated": "2018-07-20T15:04:41.714Z",
      "uri": "http://example.com/terms/questions/catalog/set/individual/collection/radio",
      "uri_prefix": null,
      "key": "radio",
      "path": "catalog/set/individual/collection/radio",
      "comment": null,
      "attribute_entity": 15,
      "subsection": 3,
      "is_collection": true,
      "order": 4,
      "help_en": null,
      "help_de": null,
      "conditions": []
    }
  },
  {
    "model": "questions.questionentity",
    "pk": 38,
    "fields": {
      "created": "2018-07-20T14:45:55.558Z",
      "updated": "2018-07-20T15:04:41.727Z",
      "uri": "http://example.com/terms/questions/catalog/set/individual/collection/select",
      "uri_prefix": null,
      "key": "select",
      "path": "catalog/set/individual/collection/select",
      "comment": null,
      "attribute_entity": 20,
      "subsection": 3,
      "is_collection": true,
      "order": 5,
      "help_en": null,
      "help_de": null,
      "conditions": []
    }
  },
  {
    "model": "questions.questionentity",
    "pk": 39,
    "fields": {
      "created": "2018-07-20T14:46:06.129Z",
      "updated": "2018-07-20T15:04:41.735Z",
      "uri": "http://example.com/terms/questions/catalog/set/individual/collection/range",
      "uri_prefix": null,
      "key": "range",
      "path": "catalog/set/individual/collection/range",
      "comment": null,
      "attribute_entity": 19,
      "subsection": 3,
      "is_collection": true,
      "order": 6,
      "help_en": null,
      "help_de": null,
      "conditions": []
    }
  },
  {
    "model": "questions.questionentity",
    "pk": 40,
    "fields": {
      "created": "2018-07-20T14:46:15.186Z",
      "updated": "2018-07-20T15:04:41.742Z",
      "uri": "http://example.com/terms/questions/catalog/set/individual/collection/datetime",
      "uri_prefix": null,
      "key": "datetime",
      "path": "catalog/set/individual/collection/datetime",
      "comment": null,
      "attribute_entity": 16,
      "subsection": 3,
      "is_collection": true,
      "order": 7,
      "help_en": null,
      "help_de": null,
      "conditions": []
    }
  },
  {
    "model": "questions.questionentity",
    "pk": 41,
    "fields": {
      "created": "2018-07-20T14:46:22.501Z",
      "updated": "2018-07-20T15:04:41.747Z",
      "uri": "http://example.com/terms/questions/catalog/set/individual/collection/checkbox",
      "uri_prefix": null,
      "key": "checkbox",
      "path": "catalog/set/individual/collection/checkbox",
      "comment": null,
      "attribute_entity": 14,
      "subsection": 3,
      "is_collection": true,
      "order": 8,
      "help_en": null,
      "help_de": null,
      "conditions": []
    }
  },
  {
    "model": "questions.questionentity",
    "pk": 42,
    "fields": {
      "created": "2018-07-20T14:47:56.515Z",
      "updated": "2018-07-23T11:10:18.311Z",
      "uri": "http://example.com/terms/questions/catalog/set/collection/single",
      "uri_prefix": null,
      "key": "single",
      "path": "catalog/set/collection/single",
      "comment": null,
      "attribute_entity": 43,
      "subsection": 6,
      "is_collection": true,
      "order": 1,
      "help_en": null,
      "help_de": null,
      "conditions": []
    }
  },
  {
    "model": "questions.questionentity",
    "pk": 43,
    "fields": {
      "created": "2018-07-20T14:48:31.032Z",
      "updated": "2018-07-23T11:10:23.028Z",
      "uri": "http://example.com/terms/questions/catalog/set/collection/collection",
      "uri_prefix": null,
      "key": "collection",
      "path": "catalog/set/collection/collection",
      "comment": null,
      "attribute_entity": 43,
      "subsection": 6,
      "is_collection": true,
      "order": 2,
      "help_en": null,
      "help_de": null,
      "conditions": []
    }
  },
  {
    "model": "questions.questionentity",
    "pk": 44,
    "fields": {
      "created": "2018-07-20T14:53:40.720Z",
      "updated": "2018-07-23T11:10:18.320Z",
      "uri": "http://example.com/terms/questions/catalog/set/collection/single/text",
      "uri_prefix": null,
      "key": "text",
      "path": "catalog/set/collection/single/text",
      "comment": null,
      "attribute_entity": 49,
      "subsection": 6,
      "is_collection": false,
      "order": 0,
      "help_en": null,
      "help_de": null,
      "conditions": []
    }
  },
  {
    "model": "questions.questionentity",
    "pk": 45,
    "fields": {
      "created": "2018-07-20T14:56:26.843Z",
      "updated": "2018-07-23T11:10:18.329Z",
      "uri": "http://example.com/terms/questions/catalog/set/collection/single/textarea",
      "uri_prefix": null,
      "key": "textarea",
      "path": "catalog/set/collection/single/textarea",
      "comment": null,
      "attribute_entity": 50,
      "subsection": 6,
      "is_collection": false,
      "order": 1,
      "help_en": null,
      "help_de": null,
      "conditions": []
    }
  },
  {
    "model": "questions.questionentity",
    "pk": 46,
    "fields": {
      "created": "2018-07-20T14:56:32.150Z",
      "updated": "2018-07-23T11:10:18.339Z",
      "uri": "http://example.com/terms/questions/catalog/set/collection/single/bool",
      "uri_prefix": null,
      "key": "bool",
      "path": "catalog/set/collection/single/bool",
      "comment": null,
      "attribute_entity": 70,
      "subsection": 6,
      "is_collection": false,
      "order": 3,
      "help_en": null,
      "help_de": null,
      "conditions": []
    }
  },
  {
    "model": "questions.questionentity",
    "pk": 47,
    "fields": {
      "created": "2018-07-20T14:56:39.343Z",
      "updated": "2018-07-23T11:10:18.348Z",
      "uri": "http://example.com/terms/questions/catalog/set/collection/single/radio",
      "uri_prefix": null,
      "key": "radio",
      "path": "catalog/set/collection/single/radio",
      "comment": null,
      "attribute_entity": 74,
      "subsection": 6,
      "is_collection": false,
      "order": 4,
      "help_en": null,
      "help_de": null,
      "conditions": []
    }
  },
  {
    "model": "questions.questionentity",
    "pk": 48,
    "fields": {
      "created": "2018-07-20T14:56:53.734Z",
      "updated": "2018-07-23T11:10:18.357Z",
      "uri": "http://example.com/terms/questions/catalog/set/collection/single/select",
      "uri_prefix": null,
      "key": "select",
      "path": "catalog/set/collection/single/select",
      "comment": null,
      "attribute_entity": 76,
      "subsection": 6,
      "is_collection": false,
      "order": 5,
      "help_en": null,
      "help_de": null,
      "conditions": []
    }
  },
  {
    "model": "questions.questionentity",
    "pk": 49,
    "fields": {
      "created": "2018-07-20T14:57:02.793Z",
      "updated": "2018-07-23T11:10:18.366Z",
      "uri": "http://example.com/terms/questions/catalog/set/collection/single/range",
      "uri_prefix": null,
      "key": "range",
      "path": "catalog/set/collection/single/range",
      "comment": null,
      "attribute_entity": 75,
      "subsection": 6,
      "is_collection": false,
      "order": 6,
      "help_en": null,
      "help_de": null,
      "conditions": []
    }
  },
  {
    "model": "questions.questionentity",
    "pk": 50,
    "fields": {
      "created": "2018-07-20T14:57:08.512Z",
      "updated": "2018-07-23T11:10:18.374Z",
      "uri": "http://example.com/terms/questions/catalog/set/collection/single/datetime",
      "uri_prefix": null,
      "key": "datetime",
      "path": "catalog/set/collection/single/datetime",
      "comment": null,
      "attribute_entity": 71,
      "subsection": 6,
      "is_collection": false,
      "order": 7,
      "help_en": null,
      "help_de": null,
      "conditions": []
    }
  },
  {
    "model": "questions.questionentity",
    "pk": 51,
    "fields": {
      "created": "2018-07-20T14:57:21.270Z",
      "updated": "2018-07-23T11:10:23.039Z",
      "uri": "http://example.com/terms/questions/catalog/set/collection/collection/text",
      "uri_prefix": null,
      "key": "text",
      "path": "catalog/set/collection/collection/text",
      "comment": null,
      "attribute_entity": 47,
      "subsection": 6,
      "is_collection": true,
      "order": 0,
      "help_en": null,
      "help_de": null,
      "conditions": []
    }
  },
  {
    "model": "questions.questionentity",
    "pk": 52,
    "fields": {
      "created": "2018-07-20T14:57:28.517Z",
      "updated": "2018-07-23T11:10:23.048Z",
      "uri": "http://example.com/terms/questions/catalog/set/collection/collection/textarea",
      "uri_prefix": null,
      "key": "textarea",
      "path": "catalog/set/collection/collection/textarea",
      "comment": null,
      "attribute_entity": 48,
      "subsection": 6,
      "is_collection": true,
      "order": 1,
      "help_en": null,
      "help_de": null,
      "conditions": []
    }
  },
  {
    "model": "questions.questionentity",
    "pk": 53,
    "fields": {
      "created": "2018-07-20T14:57:34.188Z",
      "updated": "2018-07-23T11:10:23.058Z",
      "uri": "http://example.com/terms/questions/catalog/set/collection/collection/bool",
      "uri_prefix": null,
      "key": "bool",
      "path": "catalog/set/collection/collection/bool",
      "comment": null,
      "attribute_entity": 62,
      "subsection": 6,
      "is_collection": true,
      "order": 3,
      "help_en": null,
      "help_de": null,
      "conditions": []
    }
  },
  {
    "model": "questions.questionentity",
    "pk": 54,
    "fields": {
      "created": "2018-07-20T15:02:05.127Z",
      "updated": "2018-07-23T11:10:23.065Z",
      "uri": "http://example.com/terms/questions/catalog/set/collection/collection/radio",
      "uri_prefix": null,
      "key": "radio",
      "path": "catalog/set/collection/collection/radio",
      "comment": null,
      "attribute_entity": 66,
      "subsection": 6,
      "is_collection": true,
      "order": 4,
      "help_en": null,
      "help_de": null,
      "conditions": []
    }
  },
  {
    "model": "questions.questionentity",
    "pk": 55,
    "fields": {
      "created": "2018-07-20T15:02:11.834Z",
      "updated": "2018-07-23T11:10:23.072Z",
      "uri": "http://example.com/terms/questions/catalog/set/collection/collection/select",
      "uri_prefix": null,
      "key": "select",
      "path": "catalog/set/collection/collection/select",
      "comment": null,
      "attribute_entity": 68,
      "subsection": 6,
      "is_collection": true,
      "order": 5,
      "help_en": null,
      "help_de": null,
      "conditions": []
    }
  },
  {
    "model": "questions.questionentity",
    "pk": 56,
    "fields": {
      "created": "2018-07-20T15:02:21.863Z",
      "updated": "2018-07-23T11:10:23.077Z",
      "uri": "http://example.com/terms/questions/catalog/set/collection/collection/range",
      "uri_prefix": null,
      "key": "range",
      "path": "catalog/set/collection/collection/range",
      "comment": null,
      "attribute_entity": 67,
      "subsection": 6,
      "is_collection": true,
      "order": 6,
      "help_en": null,
      "help_de": null,
      "conditions": []
    }
  },
  {
    "model": "questions.questionentity",
    "pk": 57,
    "fields": {
      "created": "2018-07-20T15:02:31.893Z",
      "updated": "2018-07-23T11:10:23.082Z",
      "uri": "http://example.com/terms/questions/catalog/set/collection/collection/datetime",
      "uri_prefix": null,
      "key": "datetime",
      "path": "catalog/set/collection/collection/datetime",
      "comment": null,
      "attribute_entity": 63,
      "subsection": 6,
      "is_collection": true,
      "order": 7,
      "help_en": null,
      "help_de": null,
      "conditions": []
    }
  },
  {
    "model": "questions.questionentity",
    "pk": 58,
    "fields": {
      "created": "2018-07-20T15:02:41.167Z",
      "updated": "2018-07-23T11:10:23.088Z",
      "uri": "http://example.com/terms/questions/catalog/set/collection/collection/checkbox",
      "uri_prefix": null,
      "key": "checkbox",
      "path": "catalog/set/collection/collection/checkbox",
      "comment": null,
      "attribute_entity": 78,
      "subsection": 6,
      "is_collection": true,
      "order": 8,
      "help_en": null,
      "help_de": null,
      "conditions": []
    }
  },
  {
    "model": "questions.questionentity",
    "pk": 61,
    "fields": {
      "created": "2018-07-23T11:34:45.281Z",
      "updated": "2018-07-23T12:15:33.705Z",
      "uri": "http://example.com/terms/questions/catalog/conditions/text/text_contains",
      "uri_prefix": null,
      "key": "text_contains",
      "path": "catalog/conditions/text/text_contains",
      "comment": null,
      "attribute_entity": 81,
      "subsection": 7,
      "is_collection": false,
      "order": 2,
      "help_en": null,
      "help_de": null,
      "conditions": [
        3
      ]
    }
  },
  {
    "model": "questions.questionentity",
    "pk": 63,
    "fields": {
      "created": "2018-07-23T11:59:52.614Z",
      "updated": "2018-07-23T12:15:28.806Z",
      "uri": "http://example.com/terms/questions/catalog/conditions/text/text_empty",
      "uri_prefix": null,
      "key": "text_empty",
      "path": "catalog/conditions/text/text_empty",
      "comment": null,
      "attribute_entity": 81,
      "subsection": 7,
      "is_collection": false,
      "order": 2,
      "help_en": null,
      "help_de": null,
      "conditions": [
        8
      ]
    }
  },
  {
    "model": "questions.questionentity",
    "pk": 64,
    "fields": {
      "created": "2018-07-23T12:00:06.555Z",
      "updated": "2018-07-23T12:15:43.687Z",
      "uri": "http://example.com/terms/questions/catalog/conditions/text/text_equal",
      "uri_prefix": null,
      "key": "text_equal",
      "path": "catalog/conditions/text/text_equal",
      "comment": null,
      "attribute_entity": 81,
      "subsection": 7,
      "is_collection": false,
      "order": 3,
      "help_en": null,
      "help_de": null,
      "conditions": [
        1
      ]
    }
  },
  {
    "model": "questions.questionentity",
    "pk": 65,
    "fields": {
      "created": "2018-07-23T12:03:13.044Z",
      "updated": "2018-07-23T12:15:48.193Z",
      "uri": "http://example.com/terms/questions/catalog/conditions/text/text_greater_than",
      "uri_prefix": null,
      "key": "text_greater_than",
      "path": "catalog/conditions/text/text_greater_than",
      "comment": null,
      "attribute_entity": 81,
      "subsection": 7,
      "is_collection": false,
      "order": 4,
      "help_en": null,
      "help_de": null,
      "conditions": [
        4
      ]
    }
  },
  {
    "model": "questions.questionentity",
    "pk": 66,
    "fields": {
      "created": "2018-07-23T12:03:28.560Z",
      "updated": "2018-07-23T12:15:52.570Z",
      "uri": "http://example.com/terms/questions/catalog/conditions/text/text_greater_than_equal",
      "uri_prefix": null,
      "key": "text_greater_than_equal",
      "path": "catalog/conditions/text/text_greater_than_equal",
      "comment": null,
      "attribute_entity": 81,
      "subsection": 7,
      "is_collection": false,
      "order": 5,
      "help_en": null,
      "help_de": null,
      "conditions": [
        5
      ]
    }
  },
  {
    "model": "questions.questionentity",
    "pk": 67,
    "fields": {
      "created": "2018-07-23T12:03:46.973Z",
      "updated": "2018-07-23T12:15:58.621Z",
      "uri": "http://example.com/terms/questions/catalog/conditions/text/text_lesser_than",
      "uri_prefix": null,
      "key": "text_lesser_than",
      "path": "catalog/conditions/text/text_lesser_than",
      "comment": null,
      "attribute_entity": 81,
      "subsection": 7,
      "is_collection": false,
      "order": 6,
      "help_en": null,
      "help_de": null,
      "conditions": [
        6
      ]
    }
  },
  {
    "model": "questions.questionentity",
    "pk": 68,
    "fields": {
      "created": "2018-07-23T12:04:00.417Z",
      "updated": "2018-07-23T12:16:03.062Z",
      "uri": "http://example.com/terms/questions/catalog/conditions/text/text_lesser_than_equal",
      "uri_prefix": null,
      "key": "text_lesser_than_equal",
      "path": "catalog/conditions/text/text_lesser_than_equal",
      "comment": null,
      "attribute_entity": 81,
      "subsection": 7,
      "is_collection": false,
      "order": 7,
      "help_en": null,
      "help_de": null,
      "conditions": [
        7
      ]
    }
  },
  {
    "model": "questions.questionentity",
    "pk": 69,
    "fields": {
      "created": "2018-07-23T12:04:17.404Z",
      "updated": "2018-07-23T12:16:07.905Z",
      "uri": "http://example.com/terms/questions/catalog/conditions/text/text_not_empty",
      "uri_prefix": null,
      "key": "text_not_empty",
      "path": "catalog/conditions/text/text_not_empty",
      "comment": null,
      "attribute_entity": 81,
      "subsection": 7,
      "is_collection": false,
      "order": 8,
      "help_en": null,
      "help_de": null,
      "conditions": [
        9
      ]
    }
  },
  {
    "model": "questions.questionentity",
    "pk": 70,
    "fields": {
      "created": "2018-07-23T12:04:44.311Z",
      "updated": "2018-07-23T12:16:13.108Z",
      "uri": "http://example.com/terms/questions/catalog/conditions/text/text_not_equal",
      "uri_prefix": null,
      "key": "text_not_equal",
      "path": "catalog/conditions/text/text_not_equal",
      "comment": null,
      "attribute_entity": 81,
      "subsection": 7,
      "is_collection": false,
      "order": 9,
      "help_en": null,
      "help_de": null,
      "conditions": [
        2
      ]
    }
  },
  {
    "model": "questions.questionentity",
    "pk": 71,
    "fields": {
      "created": "2018-07-23T14:27:30.529Z",
      "updated": "2018-07-23T14:27:30.529Z",
      "uri": "http://example.com/terms/questions/catalog/conditions/options/option_empty",
      "uri_prefix": null,
      "key": "option_empty",
      "path": "catalog/conditions/options/option_empty",
      "comment": null,
      "attribute_entity": 82,
      "subsection": 8,
      "is_collection": false,
      "order": 2,
      "help_en": null,
      "help_de": null,
      "conditions": [
        13
      ]
    }
  },
  {
    "model": "questions.questionentity",
    "pk": 72,
    "fields": {
      "created": "2018-07-23T14:28:01.760Z",
      "updated": "2018-07-23T14:28:07.057Z",
      "uri": "http://example.com/terms/questions/catalog/conditions/options/option_equal",
      "uri_prefix": null,
      "key": "option_equal",
      "path": "catalog/conditions/options/option_equal",
      "comment": null,
      "attribute_entity": 82,
      "subsection": 8,
      "is_collection": false,
      "order": 3,
      "help_en": null,
      "help_de": null,
      "conditions": [
        10
      ]
    }
  },
  {
    "model": "questions.questionentity",
    "pk": 73,
    "fields": {
      "created": "2018-07-23T14:28:33.419Z",
      "updated": "2018-07-23T14:28:33.419Z",
      "uri": "http://example.com/terms/questions/catalog/conditions/options/option_not_empty",
      "uri_prefix": null,
      "key": "option_not_empty",
      "path": "catalog/conditions/options/option_not_empty",
      "comment": null,
      "attribute_entity": 82,
      "subsection": 8,
      "is_collection": false,
      "order": 3,
      "help_en": null,
      "help_de": null,
      "conditions": [
        14
      ]
    }
  },
  {
    "model": "questions.questionentity",
    "pk": 74,
    "fields": {
      "created": "2018-07-23T14:29:07.437Z",
      "updated": "2018-07-23T14:29:07.437Z",
      "uri": "http://example.com/terms/questions/catalog/conditions/options/option_not_equal",
      "uri_prefix": null,
      "key": "option_not_equal",
      "path": "catalog/conditions/options/option_not_equal",
      "comment": null,
      "attribute_entity": 82,
      "subsection": 8,
      "is_collection": false,
      "order": 4,
      "help_en": null,
      "help_de": null,
      "conditions": [
        11
      ]
    }
  },
  {
    "model": "questions.question",
    "pk": 1,
    "fields": {
      "parent": null,
      "text_en": "Text?",
      "text_de": "￼Text?",
      "widget_type": "text",
      "value_type": "text",
      "unit": "",
      "conditions": [],
      "optionsets": []
    }
  },
  {
    "model": "questions.question",
    "pk": 2,
    "fields": {
      "parent": null,
      "text_en": "Textarea?",
      "text_de": "Textarea?",
      "widget_type": "textarea",
      "value_type": "text",
      "unit": "",
      "conditions": [],
      "optionsets": []
    }
  },
  {
    "model": "questions.question",
    "pk": 3,
    "fields": {
      "parent": null,
      "text_en": "Yes or no?",
      "text_de": "Ja oder Nein?",
      "widget_type": "yesno",
      "value_type": "boolean",
      "unit": "",
      "conditions": [],
      "optionsets": []
    }
  },
  {
    "model": "questions.question",
    "pk": 4,
    "fields": {
      "parent": null,
      "text_en": "Radio buttons?",
      "text_de": "Radio-Buttons?",
      "widget_type": "radio",
      "value_type": "option",
      "unit": "",
      "conditions": [],
      "optionsets": [
        2
      ]
    }
  },
  {
    "model": "questions.question",
    "pk": 5,
    "fields": {
      "parent": null,
      "text_en": "Select drop-down?",
      "text_de": "Select-Aufklappmenü?",
      "widget_type": "select",
      "value_type": "option",
      "unit": "",
      "conditions": [],
      "optionsets": [
        1
      ]
    }
  },
  {
    "model": "questions.question",
    "pk": 6,
    "fields": {
      "parent": null,
      "text_en": "Range slider?",
      "text_de": "Bereichs-Schieber?",
      "widget_type": "range",
      "value_type": "float",
      "unit": "",
      "conditions": [],
      "optionsets": []
    }
  },
  {
    "model": "questions.question",
    "pk": 7,
    "fields": {
      "parent": null,
      "text_en": "Date picker?",
      "text_de": "Datumsauswahl?",
      "widget_type": "date",
      "value_type": "datetime",
      "unit": "",
      "conditions": [],
      "optionsets": []
    }
  },
  {
    "model": "questions.question",
    "pk": 8,
    "fields": {
      "parent": null,
      "text_en": "Text?",
      "text_de": "￼Text?",
      "widget_type": "text",
      "value_type": "text",
      "unit": "",
      "conditions": [],
      "optionsets": []
    }
  },
  {
    "model": "questions.question",
    "pk": 9,
    "fields": {
      "parent": null,
      "text_en": "Textarea?",
      "text_de": "Textarea?",
      "widget_type": "textarea",
      "value_type": "text",
      "unit": "",
      "conditions": [],
      "optionsets": []
    }
  },
  {
    "model": "questions.question",
    "pk": 10,
    "fields": {
      "parent": null,
      "text_en": "Yes or no?",
      "text_de": "Ja oder Nein?",
      "widget_type": "yesno",
      "value_type": "boolean",
      "unit": "",
      "conditions": [],
      "optionsets": []
    }
  },
  {
    "model": "questions.question",
    "pk": 11,
    "fields": {
      "parent": null,
      "text_en": "Radio buttons?",
      "text_de": "Radio-Buttons?",
      "widget_type": "radio",
      "value_type": "option",
      "unit": "",
      "conditions": [],
      "optionsets": [
        2
      ]
    }
  },
  {
    "model": "questions.question",
    "pk": 12,
    "fields": {
      "parent": null,
      "text_en": "Select drop-down?",
      "text_de": "Select-Aufklappmenü?",
      "widget_type": "select",
      "value_type": "option",
      "unit": "",
      "conditions": [],
      "optionsets": [
        1
      ]
    }
  },
  {
    "model": "questions.question",
    "pk": 13,
    "fields": {
      "parent": null,
      "text_en": "Range slider?",
      "text_de": "Bereichs-Schieber?",
      "widget_type": "range",
      "value_type": "float",
      "unit": "",
      "conditions": [],
      "optionsets": []
    }
  },
  {
    "model": "questions.question",
    "pk": 14,
    "fields": {
      "parent": null,
      "text_en": "Date picker?",
      "text_de": "Datumsauswahl?",
      "widget_type": "date",
      "value_type": "datetime",
      "unit": "",
      "conditions": [],
      "optionsets": []
    }
  },
  {
    "model": "questions.question",
    "pk": 15,
    "fields": {
      "parent": null,
      "text_en": "Checkbox?",
      "text_de": "Ankreuzfelder?",
      "widget_type": "checkbox",
      "value_type": "option",
      "unit": "",
      "conditions": [],
      "optionsets": [
        2
      ]
    }
  },
  {
    "model": "questions.question",
    "pk": 18,
    "fields": {
      "parent": 16,
      "text_en": "Text?",
      "text_de": "Text?",
      "widget_type": "text",
      "value_type": "text",
      "unit": "",
      "conditions": [],
      "optionsets": []
    }
  },
  {
    "model": "questions.question",
    "pk": 20,
    "fields": {
      "parent": 17,
      "text_en": "Text?",
      "text_de": "Text?",
      "widget_type": "text",
      "value_type": "text",
      "unit": "",
      "conditions": [],
      "optionsets": []
    }
  },
  {
    "model": "questions.question",
    "pk": 19,
    "fields": {
      "parent": 16,
      "text_en": "Textarea?",
      "text_de": "Textarea?",
      "widget_type": "textarea",
      "value_type": "text",
      "unit": "",
      "conditions": [],
      "optionsets": []
    }
  },
  {
    "model": "questions.question",
    "pk": 21,
    "fields": {
      "parent": 17,
      "text_en": "Textarea?",
      "text_de": "Textarea?",
      "widget_type": "textarea",
      "value_type": "text",
      "unit": "",
      "conditions": [],
      "optionsets": []
    }
  },
  {
    "model": "questions.question",
    "pk": 31,
    "fields": {
      "parent": 17,
      "text_en": "Yes or no?",
      "text_de": "Ja oder Nein?",
      "widget_type": "yesno",
      "value_type": "boolean",
      "unit": "",
      "conditions": [],
      "optionsets": []
    }
  },
  {
    "model": "questions.question",
    "pk": 32,
    "fields": {
      "parent": 16,
      "text_en": "Yes or no?",
      "text_de": "Ja oder Nein?",
      "widget_type": "yesno",
      "value_type": "boolean",
      "unit": "",
      "conditions": [],
      "optionsets": []
    }
  },
  {
    "model": "questions.question",
    "pk": 33,
    "fields": {
      "parent": 16,
      "text_en": "Radio buttons?",
      "text_de": "Radio-Buttons?",
      "widget_type": "radio",
      "value_type": "option",
      "unit": "",
      "conditions": [],
      "optionsets": [
        2
      ]
    }
  },
  {
    "model": "questions.question",
    "pk": 37,
    "fields": {
      "parent": 17,
      "text_en": "Radio buttons?",
      "text_de": "Radio-Buttons?",
      "widget_type": "radio",
      "value_type": "option",
      "unit": "",
      "conditions": [],
      "optionsets": [
        2
      ]
    }
  },
  {
    "model": "questions.question",
    "pk": 34,
    "fields": {
      "parent": 16,
      "text_en": "Select drop-down?",
      "text_de": "Select-Aufklappmenü?",
      "widget_type": "select",
      "value_type": "option",
      "unit": "",
      "conditions": [],
      "optionsets": [
        1
      ]
    }
  },
  {
    "model": "questions.question",
    "pk": 38,
    "fields": {
      "parent": 17,
      "text_en": "Select drop-down?",
      "text_de": "Select-Aufklappmenü?",
      "widget_type": "select",
      "value_type": "option",
      "unit": "",
      "conditions": [],
      "optionsets": [
        1
      ]
    }
  },
  {
    "model": "questions.question",
    "pk": 35,
    "fields": {
      "parent": 16,
      "text_en": "Range slider?",
      "text_de": "Bereichs-Schieber?",
      "widget_type": "range",
      "value_type": "float",
      "unit": "",
      "conditions": [],
      "optionsets": []
    }
  },
  {
    "model": "questions.question",
    "pk": 39,
    "fields": {
      "parent": 17,
      "text_en": "Range slider?",
      "text_de": "Bereichs-Schieber?",
      "widget_type": "range",
      "value_type": "float",
      "unit": "",
      "conditions": [],
      "optionsets": []
    }
  },
  {
    "model": "questions.question",
    "pk": 40,
    "fields": {
      "parent": 17,
      "text_en": "Date picker?",
      "text_de": "Datumsauswahl?",
      "widget_type": "date",
      "value_type": "datetime",
      "unit": "",
      "conditions": [],
      "optionsets": []
    }
  },
  {
    "model": "questions.question",
    "pk": 36,
    "fields": {
      "parent": 16,
      "text_en": "Date picker?",
      "text_de": "Datumsauswahl?",
      "widget_type": "date",
      "value_type": "datetime",
      "unit": "",
      "conditions": [],
      "optionsets": []
    }
  },
  {
    "model": "questions.question",
    "pk": 41,
    "fields": {
      "parent": 17,
      "text_en": "Checkbox?",
      "text_de": "Ankreuzfelder?",
      "widget_type": "checkbox",
      "value_type": "option",
      "unit": "",
      "conditions": [],
      "optionsets": [
        2
      ]
    }
  },
  {
    "model": "questions.question",
    "pk": 44,
    "fields": {
      "parent": 42,
      "text_en": "Text?",
      "text_de": "Text?",
      "widget_type": "text",
      "value_type": "text",
      "unit": "",
      "conditions": [],
      "optionsets": []
    }
  },
  {
    "model": "questions.question",
    "pk": 51,
    "fields": {
      "parent": 43,
      "text_en": "Text?",
      "text_de": "Text?",
      "widget_type": "text",
      "value_type": "text",
      "unit": "",
      "conditions": [],
      "optionsets": []
    }
  },
  {
    "model": "questions.question",
    "pk": 45,
    "fields": {
      "parent": 42,
      "text_en": "Textarea?",
      "text_de": "Textarea?",
      "widget_type": "textarea",
      "value_type": "text",
      "unit": "",
      "conditions": [],
      "optionsets": []
    }
  },
  {
    "model": "questions.question",
    "pk": 52,
    "fields": {
      "parent": 43,
      "text_en": "Textarea?",
      "text_de": "Textarea?",
      "widget_type": "textarea",
      "value_type": "text",
      "unit": "",
      "conditions": [],
      "optionsets": []
    }
  },
  {
    "model": "questions.question",
    "pk": 46,
    "fields": {
      "parent": 42,
      "text_en": "Yes or no?",
      "text_de": "Ja oder Nein?",
      "widget_type": "yesno",
      "value_type": "boolean",
      "unit": "",
      "conditions": [],
      "optionsets": []
    }
  },
  {
    "model": "questions.question",
    "pk": 53,
    "fields": {
      "parent": 43,
      "text_en": "Yes or no?",
      "text_de": "Ja oder Nein?",
      "widget_type": "yesno",
      "value_type": "boolean",
      "unit": "",
      "conditions": [],
      "optionsets": []
    }
  },
  {
    "model": "questions.question",
    "pk": 47,
    "fields": {
      "parent": 42,
      "text_en": "Radio buttons?",
      "text_de": "Radio-Buttons?",
      "widget_type": "radio",
      "value_type": "option",
      "unit": "",
      "conditions": [],
      "optionsets": [
        2
      ]
    }
  },
  {
    "model": "questions.question",
    "pk": 54,
    "fields": {
      "parent": 43,
      "text_en": "Radio buttons?",
      "text_de": "Radio-Buttons?",
      "widget_type": "radio",
      "value_type": "option",
      "unit": "",
      "conditions": [],
      "optionsets": [
        2
      ]
    }
  },
  {
    "model": "questions.question",
    "pk": 48,
    "fields": {
      "parent": 42,
      "text_en": "Select drop-down?",
      "text_de": "Select-Aufklappmenü?",
      "widget_type": "select",
      "value_type": "option",
      "unit": "",
      "conditions": [],
      "optionsets": [
        1
      ]
    }
  },
  {
    "model": "questions.question",
    "pk": 55,
    "fields": {
      "parent": 43,
      "text_en": "Select drop-down?",
      "text_de": "Select-Aufklappmenü?",
      "widget_type": "select",
      "value_type": "option",
      "unit": "",
      "conditions": [],
      "optionsets": [
        1
      ]
    }
  },
  {
    "model": "questions.question",
    "pk": 49,
    "fields": {
      "parent": 42,
      "text_en": "Range slider?",
      "text_de": "Bereichs-Schieber?",
      "widget_type": "range",
      "value_type": "float",
      "unit": "",
      "conditions": [],
      "optionsets": []
    }
  },
  {
    "model": "questions.question",
    "pk": 56,
    "fields": {
      "parent": 43,
      "text_en": "Range slider?",
      "text_de": "Bereichs-Schieber?",
      "widget_type": "range",
      "value_type": "float",
      "unit": "",
      "conditions": [],
      "optionsets": []
    }
  },
  {
    "model": "questions.question",
    "pk": 50,
    "fields": {
      "parent": 42,
      "text_en": "Date picker?",
      "text_de": "Datumsauswahl?",
      "widget_type": "date",
      "value_type": "datetime",
      "unit": "",
      "conditions": [],
      "optionsets": []
    }
  },
  {
    "model": "questions.question",
    "pk": 57,
    "fields": {
      "parent": 43,
      "text_en": "Date picker?",
      "text_de": "Datumsauswahl?",
      "widget_type": "date",
      "value_type": "datetime",
      "unit": "",
      "conditions": [],
      "optionsets": []
    }
  },
  {
    "model": "questions.question",
    "pk": 58,
    "fields": {
      "parent": 43,
      "text_en": "Checkbox?",
      "text_de": "Ankreuzfelder?",
      "widget_type": "checkbox",
      "value_type": "option",
      "unit": "",
      "conditions": [],
      "optionsets": [
        2
      ]
    }
  },
  {
    "model": "questions.question",
    "pk": 61,
    "fields": {
      "parent": null,
      "text_en": "text_contains?",
      "text_de": "text_contains?",
      "widget_type": "text",
      "value_type": "text",
      "unit": "",
      "conditions": [
        3
      ],
      "optionsets": []
    }
  },
  {
    "model": "questions.question",
    "pk": 63,
    "fields": {
      "parent": null,
      "text_en": "text empty?",
      "text_de": "text empty?",
      "widget_type": "text",
      "value_type": "text",
      "unit": "",
      "conditions": [
        8
      ],
      "optionsets": []
    }
  },
  {
    "model": "questions.question",
    "pk": 64,
    "fields": {
      "parent": null,
      "text_en": "text_equal?",
      "text_de": "text_equal?",
      "widget_type": "text",
      "value_type": "text",
      "unit": "",
      "conditions": [
        1
      ],
      "optionsets": []
    }
  },
  {
    "model": "questions.question",
    "pk": 65,
    "fields": {
      "parent": null,
      "text_en": "text_greater_than?",
      "text_de": "text_greater_than?",
      "widget_type": "text",
      "value_type": "text",
      "unit": "",
      "conditions": [
        4
      ],
      "optionsets": []
    }
  },
  {
    "model": "questions.question",
    "pk": 66,
    "fields": {
      "parent": null,
      "text_en": "text_greater_than_equal?",
      "text_de": "text_greater_than_equal?",
      "widget_type": "text",
      "value_type": "text",
      "unit": "",
      "conditions": [
        5
      ],
      "optionsets": []
    }
  },
  {
    "model": "questions.question",
    "pk": 67,
    "fields": {
      "parent": null,
      "text_en": "text_lesser_than?",
      "text_de": "text_lesser_than?",
      "widget_type": "text",
      "value_type": "text",
      "unit": "",
      "conditions": [
        6
      ],
      "optionsets": []
    }
  },
  {
    "model": "questions.question",
    "pk": 68,
    "fields": {
      "parent": null,
      "text_en": "text_lesser_than_equal?",
      "text_de": "text_lesser_than_equal?",
      "widget_type": "text",
      "value_type": "text",
      "unit": "",
      "conditions": [
        7
      ],
      "optionsets": []
    }
  },
  {
    "model": "questions.question",
    "pk": 69,
    "fields": {
      "parent": null,
      "text_en": "text_not_empty?",
      "text_de": "text_not_empty?",
      "widget_type": "text",
      "value_type": "text",
      "unit": "",
      "conditions": [
        9
      ],
      "optionsets": []
    }
  },
  {
    "model": "questions.question",
    "pk": 70,
    "fields": {
      "parent": null,
      "text_en": "text_not_equal?",
      "text_de": "text_not_equal?",
      "widget_type": "text",
      "value_type": "text",
      "unit": "",
      "conditions": [
        2
      ],
      "optionsets": []
    }
  },
  {
    "model": "questions.question",
    "pk": 71,
    "fields": {
      "parent": null,
      "text_en": "option_empty?",
      "text_de": "option_empty?",
      "widget_type": "radio",
      "value_type": "option",
      "unit": "",
      "conditions": [
        13
      ],
      "optionsets": [
        1
      ]
    }
  },
  {
    "model": "questions.question",
    "pk": 72,
    "fields": {
      "parent": null,
      "text_en": "option_equal?",
      "text_de": "option_equal?",
      "widget_type": "radio",
      "value_type": "option",
      "unit": "",
      "conditions": [
        10
      ],
      "optionsets": [
        1
      ]
    }
  },
  {
    "model": "questions.question",
    "pk": 73,
    "fields": {
      "parent": null,
      "text_en": "option_not_empty?",
      "text_de": "option_not_empty?",
      "widget_type": "radio",
      "value_type": "option",
      "unit": "",
      "conditions": [
        14
      ],
      "optionsets": [
        1
      ]
    }
  },
  {
    "model": "questions.question",
    "pk": 74,
    "fields": {
      "parent": null,
      "text_en": "option_not_equal?",
      "text_de": "option_not_equal?",
      "widget_type": "radio",
      "value_type": "option",
      "unit": "",
      "conditions": [
        11
      ],
      "optionsets": [
        1
      ]
    }
  }
]