[{"model": "questions.catalog", "pk": 1, "fields": {"created": "2016-12-15T12:00:09.331Z", "updated": "2017-02-01T14:55:09.776Z", "uri": "http://example.com/terms/questions/catalog", "uri_prefix": "", "key": "catalog", "comment": "", "order": 0, "title_en": "Catalog", "title_de": "Katalog"}}, {"model": "questions.section", "pk": 1, "fields": {"created": "2016-12-15T12:00:31.550Z", "updated": "2018-11-29T14:58:38.508Z", "uri": "http://example.com/terms/questions/catalog/individual", "uri_prefix": null, "key": "individual", "path": "catalog/individual", "comment": null, "catalog": 1, "order": 1, "title_en": "Single questions", "title_de": "Einzelne Fragen"}}, {"model": "questions.section", "pk": 4, "fields": {"created": "2018-07-20T14:33:00.305Z", "updated": "2018-11-29T14:58:44.017Z", "uri": "http://example.com/terms/questions/catalog/set", "uri_prefix": null, "key": "set", "path": "catalog/set", "comment": null, "catalog": 1, "order": 3, "title_en": "Sets", "title_de": "Sets"}}, {"model": "questions.section", "pk": 5, "fields": {"created": "2018-07-23T11:22:45.011Z", "updated": "2018-11-29T14:58:58.397Z", "uri": "http://example.com/terms/questions/catalog/conditions", "uri_prefix": null, "key": "conditions", "path": "catalog/conditions", "comment": null, "catalog": 1, "order": 4, "title_en": "Conditions", "title_de": "Bedingungen"}}, {"model": "questions.section", "pk": 6, "fields": {"created": "2018-11-29T14:58:30.194Z", "updated": "2018-11-29T14:58:35.891Z", "uri": "http://example.com/terms/questions/catalog/collections", "uri_prefix": null, "key": "collections", "path": "catalog/collections", "comment": null, "catalog": 1, "order": 2, "title_en": "Collections", "title_de": "Sammlungen"}}, {"model": "questions.questionset", "pk": 1, "fields": {"created": "2016-12-15T13:28:15.582Z", "updated": "2018-11-29T15:04:25.003Z", "uri": "http://example.com/terms/questions/catalog/individual/text", "uri_prefix": null, "key": "text", "path": "catalog/individual/text", "comment": null, "attribute": null, "section": 1, "is_collection": false, "order": 11, "title_en": "Text", "title_de": "Text", "help_en": "", "help_de": "", "verbose_name_en": "", "verbose_name_de": "", "verbose_name_plural_en": "", "verbose_name_plural_de": "", "conditions": []}}, {"model": "questions.questionset", "pk": 2, "fields": {"created": "2016-12-15T13:28:41.406Z", "updated": "2018-11-29T15:04:34.362Z", "uri": "http://example.com/terms/questions/catalog/individual/textarea", "uri_prefix": null, "key": "textarea", "path": "catalog/individual/textarea", "comment": null, "attribute": null, "section": 1, "is_collection": false, "order": 12, "title_en": "Textarea", "title_de": "Textarea", "help_en": "", "help_de": "", "verbose_name_en": "", "verbose_name_de": "", "verbose_name_plural_en": "", "verbose_name_plural_de": "", "conditions": []}}, {"model": "questions.questionset", "pk": 3, "fields": {"created": "2016-12-15T13:29:05.951Z", "updated": "2018-11-29T15:07:24.375Z", "uri": "http://example.com/terms/questions/catalog/individual/bool", "uri_prefix": null, "key": "bool", "path": "catalog/individual/bool", "comment": null, "attribute": null, "section": 1, "is_collection": false, "order": 13, "title_en": "Yes or no", "title_de": "Ja oder Nein", "help_en": "", "help_de": "", "verbose_name_en": "", "verbose_name_de": "", "verbose_name_plural_en": "", "verbose_name_plural_de": "", "conditions": []}}, {"model": "questions.questionset", "pk": 4, "fields": {"created": "2016-12-15T13:30:22.772Z", "updated": "2018-11-29T15:07:20.279Z", "uri": "http://example.com/terms/questions/catalog/individual/radio", "uri_prefix": null, "key": "radio", "path": "catalog/individual/radio", "comment": null, "attribute": null, "section": 1, "is_collection": false, "order": 14, "title_en": "Radio buttons", "title_de": "Radio-Buttons", "help_en": "", "help_de": "", "verbose_name_en": "", "verbose_name_de": "", "verbose_name_plural_en": "", "verbose_name_plural_de": "", "conditions": []}}, {"model": "questions.questionset", "pk": 5, "fields": {"created": "2016-12-15T13:31:22.093Z", "updated": "2018-11-29T15:07:16.503Z", "uri": "http://example.com/terms/questions/catalog/individual/select", "uri_prefix": null, "key": "select", "path": "catalog/individual/select", "comment": null, "attribute": null, "section": 1, "is_collection": false, "order": 15, "title_en": "Select drop-down", "title_de": "Select-Aufklappmen\u00fc", "help_en": "", "help_de": "", "verbose_name_en": "", "verbose_name_de": "", "verbose_name_plural_en": "", "verbose_name_plural_de": "", "conditions": []}}, {"model": "questions.questionset", "pk": 6, "fields": {"created": "2016-12-15T13:32:11.267Z", "updated": "2018-11-29T15:07:12.440Z", "uri": "http://example.com/terms/questions/catalog/individual/range", "uri_prefix": null, "key": "range", "path": "catalog/individual/range", "comment": null, "attribute": null, "section": 1, "is_collection": false, "order": 16, "title_en": "Range slider", "title_de": "Bereichs-Schieber", "help_en": "", "help_de": "", "verbose_name_en": "", "verbose_name_de": "", "verbose_name_plural_en": "", "verbose_name_plural_de": "", "conditions": []}}, {"model": "questions.questionset", "pk": 7, "fields": {"created": "2016-12-15T13:32:41.210Z", "updated": "2018-11-29T15:05:19.942Z", "uri": "http://example.com/terms/questions/catalog/individual/datetime", "uri_prefix": null, "key": "datetime", "path": "catalog/individual/datetime", "comment": null, "attribute": null, "section": 1, "is_collection": false, "order": 17, "title_en": "Datetime", "title_de": "Datetime", "help_en": "", "help_de": "", "verbose_name_en": "", "verbose_name_de": "", "verbose_name_plural_en": "", "verbose_name_plural_de": "", "conditions": []}}, {"model": "questions.questionset", "pk": 8, "fields": {"created": "2016-12-15T13:33:08.787Z", "updated": "2018-11-29T15:08:18.269Z", "uri": "http://example.com/terms/questions/catalog/collections/text", "uri_prefix": null, "key": "text", "path": "catalog/collections/text", "comment": null, "attribute": null, "section": 6, "is_collection": false, "order": 21, "title_en": "Text", "title_de": "Text", "help_en": "", "help_de": "", "verbose_name_en": "", "verbose_name_de": "", "verbose_name_plural_en": "", "verbose_name_plural_de": "", "conditions": []}}, {"model": "questions.questionset", "pk": 9, "fields": {"created": "2016-12-15T13:33:20.995Z", "updated": "2018-11-29T15:08:24.864Z", "uri": "http://example.com/terms/questions/catalog/collections/textarea", "uri_prefix": null, "key": "textarea", "path": "catalog/collections/textarea", "comment": null, "attribute": null, "section": 6, "is_collection": false, "order": 22, "title_en": "Textarea", "title_de": "Textarea", "help_en": "", "help_de": "", "verbose_name_en": "", "verbose_name_de": "", "verbose_name_plural_en": "", "verbose_name_plural_de": "", "conditions": []}}, {"model": "questions.questionset", "pk": 10, "fields": {"created": "2016-12-15T13:33:34.934Z", "updated": "2018-11-29T15:08:47.759Z", "uri": "http://example.com/terms/questions/catalog/collections/bool", "uri_prefix": null, "key": "bool", "path": "catalog/collections/bool", "comment": null, "attribute": null, "section": 6, "is_collection": false, "order": 23, "title_en": "Yes or no", "title_de": "Ja oder Nein", "help_en": "", "help_de": "", "verbose_name_en": "", "verbose_name_de": "", "verbose_name_plural_en": "", "verbose_name_plural_de": "", "conditions": []}}, {"model": "questions.questionset", "pk": 11, "fields": {"created": "2016-12-15T13:33:54.082Z", "updated": "2018-11-29T15:09:17.472Z", "uri": "http://example.com/terms/questions/catalog/collections/radio", "uri_prefix": null, "key": "radio", "path": "catalog/collections/radio", "comment": null, "attribute": null, "section": 6, "is_collection": false, "order": 24, "title_en": "Radio buttons", "title_de": "Radio-Buttons", "help_en": "", "help_de": "", "verbose_name_en": "", "verbose_name_de": "", "verbose_name_plural_en": "", "verbose_name_plural_de": "", "conditions": []}}, {"model": "questions.questionset", "pk": 12, "fields": {"created": "2016-12-15T13:34:08.899Z", "updated": "2018-11-29T15:09:38.404Z", "uri": "http://example.com/terms/questions/catalog/collections/select", "uri_prefix": null, "key": "select", "path": "catalog/collections/select", "comment": null, "attribute": null, "section": 6, "is_collection": false, "order": 25, "title_en": "Select drop-down", "title_de": "Select-Aufklappmen\u00fc", "help_en": "", "help_de": "", "verbose_name_en": "", "verbose_name_de": "", "verbose_name_plural_en": "", "verbose_name_plural_de": "", "conditions": []}}, {"model": "questions.questionset", "pk": 13, "fields": {"created": "2016-12-15T13:34:28.895Z", "updated": "2018-11-29T15:10:00.570Z", "uri": "http://example.com/terms/questions/catalog/collections/range", "uri_prefix": null, "key": "range", "path": "catalog/collections/range", "comment": null, "attribute": null, "section": 6, "is_collection": false, "order": 26, "title_en": "Range slider", "title_de": "Bereichs-Schieber", "help_en": "", "help_de": "", "verbose_name_en": "", "verbose_name_de": "", "verbose_name_plural_en": "", "verbose_name_plural_de": "", "conditions": []}}, {"model": "questions.questionset", "pk": 14, "fields": {"created": "2016-12-15T13:34:39.608Z", "updated": "2018-11-29T15:10:17.153Z", "uri": "http://example.com/terms/questions/catalog/collections/datetime", "uri_prefix": null, "key": "datetime", "path": "catalog/collections/datetime", "comment": null, "attribute": null, "section": 6, "is_collection": false, "order": 27, "title_en": "Date picker", "title_de": "Datumsauswahl", "help_en": "", "help_de": "", "verbose_name_en": "", "verbose_name_de": "", "verbose_name_plural_en": "", "verbose_name_plural_de": "", "conditions": []}}, {"model": "questions.questionset", "pk": 15, "fields": {"created": "2016-12-15T13:35:32.219Z", "updated": "2018-11-29T15:10:35.744Z", "uri": "http://example.com/terms/questions/catalog/collections/checkbox", "uri_prefix": null, "key": "checkbox", "path": "catalog/collections/checkbox", "comment": null, "attribute": null, "section": 6, "is_collection": false, "order": 28, "title_en": "Checkbox", "title_de": "Ankreuzfelder", "help_en": "", "help_de": "", "verbose_name_en": "", "verbose_name_de": "", "verbose_name_plural_en": "", "verbose_name_plural_de": "", "conditions": []}}, {"model": "questions.questionset", "pk": 16, "fields": {"created": "2017-01-24T15:54:14.908Z", "updated": "2018-11-29T15:14:48.962Z", "uri": "http://example.com/terms/questions/catalog/set/individual-single", "uri_prefix": null, "key": "individual-single", "path": "catalog/set/individual-single", "comment": null, "attribute": null, "section": 4, "is_collection": false, "order": 11, "title_en": "Individual sets I", "title_de": "Einzelne Sets I", "help_en": null, "help_de": null, "verbose_name_en": "", "verbose_name_de": "", "verbose_name_plural_en": "", "verbose_name_plural_de": "", "conditions": []}}, {"model": "questions.questionset", "pk": 17, "fields": {"created": "2017-01-24T15:54:23.537Z", "updated": "2018-11-29T15:14:38.970Z", "uri": "http://example.com/terms/questions/catalog/set/individual-collection", "uri_prefix": null, "key": "individual-collection", "path": "catalog/set/individual-collection", "comment": null, "attribute": null, "section": 4, "is_collection": false, "order": 12, "title_en": "Individual sets II", "title_de": "Einzelne Sets II", "help_en": null, "help_de": null, "verbose_name_en": "", "verbose_name_de": "", "verbose_name_plural_en": "", "verbose_name_plural_de": "", "conditions": []}}, {"model": "questions.questionset", "pk": 42, "fields": {"created": "2018-07-20T14:47:56.515Z", "updated": "2018-11-29T15:14:55.925Z", "uri": "http://example.com/terms/questions/catalog/set/collection-single", "uri_prefix": null, "key": "collection-single", "path": "catalog/set/collection-single", "comment": null, "attribute": 43, "section": 4, "is_collection": true, "order": 21, "title_en": "Set collections I", "title_de": "Sammlungs-Sets I", "help_en": null, "help_de": null, "verbose_name_en": "", "verbose_name_de": "", "verbose_name_plural_en": "", "verbose_name_plural_de": "", "conditions": []}}, {"model": "questions.questionset", "pk": 43, "fields": {"created": "2018-07-20T14:48:31.032Z", "updated": "2018-11-29T15:15:01.290Z", "uri": "http://example.com/terms/questions/catalog/set/collection-collection", "uri_prefix": null, "key": "collection-collection", "path": "catalog/set/collection-collection", "comment": null, "attribute": 43, "section": 4, "is_collection": true, "order": 22, "title_en": "Set collections II", "title_de": "Sammlungs-Sets II", "help_en": null, "help_de": null, "verbose_name_en": "", "verbose_name_de": "", "verbose_name_plural_en": "", "verbose_name_plural_de": "", "conditions": []}}, {"model": "questions.questionset", "pk": 61, "fields": {"created": "2018-07-23T11:34:45.281Z", "updated": "2018-11-29T15:15:32.964Z", "uri": "http://example.com/terms/questions/catalog/conditions/text_contains", "uri_prefix": null, "key": "text_contains", "path": "catalog/conditions/text_contains", "comment": null, "attribute": null, "section": 5, "is_collection": false, "order": 12, "title_en": "Text I", "title_de": "Text I", "help_en": "", "help_de": "", "verbose_name_en": "", "verbose_name_de": "", "verbose_name_plural_en": "", "verbose_name_plural_de": "", "conditions": [3]}}, {"model": "questions.questionset", "pk": 63, "fields": {"created": "2018-07-23T11:59:52.614Z", "updated": "2018-11-29T15:15:45.468Z", "uri": "http://example.com/terms/questions/catalog/conditions/text_empty", "uri_prefix": null, "key": "text_empty", "path": "catalog/conditions/text_empty", "comment": null, "attribute": null, "section": 5, "is_collection": false, "order": 12, "title_en": "Text II", "title_de": "Text II", "help_en": "", "help_de": "", "verbose_name_en": "", "verbose_name_de": "", "verbose_name_plural_en": "", "verbose_name_plural_de": "", "conditions": [8]}}, {"model": "questions.questionset", "pk": 64, "fields": {"created": "2018-07-23T12:00:06.555Z", "updated": "2018-11-29T15:15:51.705Z", "uri": "http://example.com/terms/questions/catalog/conditions/text_equal", "uri_prefix": null, "key": "text_equal", "path": "catalog/conditions/text_equal", "comment": null, "attribute": null, "section": 5, "is_collection": false, "order": 13, "title_en": "Text III", "title_de": "Text III", "help_en": "", "help_de": "", "verbose_name_en": "", "verbose_name_de": "", "verbose_name_plural_en": "", "verbose_name_plural_de": "", "conditions": [1]}}, {"model": "questions.questionset", "pk": 65, "fields": {"created": "2018-07-23T12:03:13.044Z", "updated": "2018-11-29T15:15:59.854Z", "uri": "http://example.com/terms/questions/catalog/conditions/text_greater_than", "uri_prefix": null, "key": "text_greater_than", "path": "catalog/conditions/text_greater_than", "comment": null, "attribute": null, "section": 5, "is_collection": false, "order": 14, "title_en": "Text IV", "title_de": "Text IV", "help_en": "", "help_de": "", "verbose_name_en": "", "verbose_name_de": "", "verbose_name_plural_en": "", "verbose_name_plural_de": "", "conditions": [4]}}, {"model": "questions.questionset", "pk": 66, "fields": {"created": "2018-07-23T12:03:28.560Z", "updated": "2018-11-29T15:16:05.615Z", "uri": "http://example.com/terms/questions/catalog/conditions/text_greater_than_equal", "uri_prefix": null, "key": "text_greater_than_equal", "path": "catalog/conditions/text_greater_than_equal", "comment": null, "attribute": null, "section": 5, "is_collection": false, "order": 15, "title_en": "Text V", "title_de": "Text V", "help_en": "", "help_de": "", "verbose_name_en": "", "verbose_name_de": "", "verbose_name_plural_en": "", "verbose_name_plural_de": "", "conditions": [5]}}, {"model": "questions.questionset", "pk": 67, "fields": {"created": "2018-07-23T12:03:46.973Z", "updated": "2018-11-29T15:16:13.956Z", "uri": "http://example.com/terms/questions/catalog/conditions/text_lesser_than", "uri_prefix": null, "key": "text_lesser_than", "path": "catalog/conditions/text_lesser_than", "comment": null, "attribute": null, "section": 5, "is_collection": false, "order": 16, "title_en": "Text VI", "title_de": "Text VI", "help_en": "", "help_de": "", "verbose_name_en": "", "verbose_name_de": "", "verbose_name_plural_en": "", "verbose_name_plural_de": "", "conditions": [6]}}, {"model": "questions.questionset", "pk": 68, "fields": {"created": "2018-07-23T12:04:00.417Z", "updated": "2018-11-29T15:16:21.769Z", "uri": "http://example.com/terms/questions/catalog/conditions/text_lesser_than_equal", "uri_prefix": null, "key": "text_lesser_than_equal", "path": "catalog/conditions/text_lesser_than_equal", "comment": null, "attribute": null, "section": 5, "is_collection": false, "order": 17, "title_en": "Text VII", "title_de": "Text VII", "help_en": "", "help_de": "", "verbose_name_en": "", "verbose_name_de": "", "verbose_name_plural_en": "", "verbose_name_plural_de": "", "conditions": [7]}}, {"model": "questions.questionset", "pk": 69, "fields": {"created": "2018-07-23T12:04:17.404Z", "updated": "2018-11-29T15:16:29.597Z", "uri": "http://example.com/terms/questions/catalog/conditions/text_not_empty", "uri_prefix": null, "key": "text_not_empty", "path": "catalog/conditions/text_not_empty", "comment": null, "attribute": null, "section": 5, "is_collection": false, "order": 18, "title_en": "Text VIII", "title_de": "Text VIII", "help_en": "", "help_de": "", "verbose_name_en": "", "verbose_name_de": "", "verbose_name_plural_en": "", "verbose_name_plural_de": "", "conditions": [9]}}, {"model": "questions.questionset", "pk": 70, "fields": {"created": "2018-07-23T12:04:44.311Z", "updated": "2018-11-29T15:16:41.927Z", "uri": "http://example.com/terms/questions/catalog/conditions/text_not_equal", "uri_prefix": null, "key": "text_not_equal", "path": "catalog/conditions/text_not_equal", "comment": null, "attribute": null, "section": 5, "is_collection": false, "order": 19, "title_en": "Text IX", "title_de": "Text IX", "help_en": "", "help_de": "", "verbose_name_en": "", "verbose_name_de": "", "verbose_name_plural_en": "", "verbose_name_plural_de": "", "conditions": [2]}}, {"model": "questions.questionset", "pk": 71, "fields": {"created": "2018-07-23T14:27:30.529Z", "updated": "2018-11-29T15:17:31.204Z", "uri": "http://example.com/terms/questions/catalog/conditions/option_empty", "uri_prefix": null, "key": "option_empty", "path": "catalog/conditions/option_empty", "comment": null, "attribute": null, "section": 5, "is_collection": false, "order": 21, "title_en": "Options I", "title_de": "Optionen I", "help_en": "", "help_de": "", "verbose_name_en": "", "verbose_name_de": "", "verbose_name_plural_en": "", "verbose_name_plural_de": "", "conditions": [13]}}, {"model": "questions.questionset", "pk": 72, "fields": {"created": "2018-07-23T14:28:01.760Z", "updated": "2018-11-29T15:17:27.629Z", "uri": "http://example.com/terms/questions/catalog/conditions/option_equal", "uri_prefix": null, "key": "option_equal", "path": "catalog/conditions/option_equal", "comment": null, "attribute": null, "section": 5, "is_collection": false, "order": 22, "title_en": "Options II", "title_de": "Optionen II", "help_en": "", "help_de": "", "verbose_name_en": "", "verbose_name_de": "", "verbose_name_plural_en": "", "verbose_name_plural_de": "", "conditions": [10]}}, {"model": "questions.questionset", "pk": 73, "fields": {"created": "2018-07-23T14:28:33.419Z", "updated": "2018-11-29T15:17:04.175Z", "uri": "http://example.com/terms/questions/catalog/conditions/option_not_empty", "uri_prefix": null, "key": "option_not_empty", "path": "catalog/conditions/option_not_empty", "comment": null, "attribute": null, "section": 5, "is_collection": false, "order": 23, "title_en": "Options III", "title_de": "Optionen III", "help_en": "", "help_de": "", "verbose_name_en": "", "verbose_name_de": "", "verbose_name_plural_en": "", "verbose_name_plural_de": "", "conditions": [14]}}, {"model": "questions.questionset", "pk": 74, "fields": {"created": "2018-07-23T14:29:07.437Z", "updated": "2018-11-29T15:17:42.842Z", "uri": "http://example.com/terms/questions/catalog/conditions/option_not_equal", "uri_prefix": null, "key": "option_not_equal", "path": "catalog/conditions/option_not_equal", "comment": null, "attribute": null, "section": 5, "is_collection": false, "order": 24, "title_en": "Options IV", "title_de": "Optionen IV", "help_en": "", "help_de": "", "verbose_name_en": "", "verbose_name_de": "", "verbose_name_plural_en": "", "verbose_name_plural_de": "", "conditions": [11]}}, {"model": "questions.question", "pk": 1, "fields": {"created": "2016-12-15T13:28:15.582Z", "updated": "2018-11-29T15:04:25.006Z", "uri": "http://example.com/terms/questions/catalog/individual/text/text", "uri_prefix": null, "key": "text", "path": "catalog/individual/text/text", "comment": null, "attribute": 3, "questionset": 1, "is_collection": false, "order": 0, "help_en": null, "help_de": null, "text_en": "Text?", "text_de": "\ufffcText?", "verbose_name_en": "", "verbose_name_de": "", "verbose_name_plural_en": "", "verbose_name_plural_de": "", "widget_type": "text", "value_type": "text", "minimum": null, "maximum": null, "step": null, "unit": "", "optionsets": [], "conditions": []}}, {"model": "questions.question", "pk": 2, "fields": {"created": "2016-12-15T13:28:41.406Z", "updated": "2018-11-29T15:04:34.366Z", "uri": "http://example.com/terms/questions/catalog/individual/textarea/textarea", "uri_prefix": null, "key": "textarea", "path": "catalog/individual/textarea/textarea", "comment": null, "attribute": 4, "questionset": 2, "is_collection": false, "order": 0, "help_en": null, "help_de": null, "text_en": "Textarea?", "text_de": "Textarea?", "verbose_name_en": "", "verbose_name_de": "", "verbose_name_plural_en": "", "verbose_name_plural_de": "", "widget_type": "textarea", "value_type": "text", "minimum": null, "maximum": null, "step": null, "unit": "", "optionsets": [], "conditions": []}}, {"model": "questions.question", "pk": 3, "fields": {"created": "2016-12-15T13:29:05.951Z", "updated": "2018-11-29T15:07:24.377Z", "uri": "http://example.com/terms/questions/catalog/individual/bool/bool", "uri_prefix": null, "key": "bool", "path": "catalog/individual/bool/bool", "comment": null, "attribute": 8, "questionset": 3, "is_collection": false, "order": 0, "help_en": null, "help_de": null, "text_en": "Yes or no?", "text_de": "Ja oder Nein?", "verbose_name_en": "", "verbose_name_de": "", "verbose_name_plural_en": "", "verbose_name_plural_de": "", "widget_type": "yesno", "value_type": "boolean", "minimum": null, "maximum": null, "step": null, "unit": "", "optionsets": [], "conditions": []}}, {"model": "questions.question", "pk": 4, "fields": {"created": "2016-12-15T13:30:22.772Z", "updated": "2018-11-29T15:07:20.281Z", "uri": "http://example.com/terms/questions/catalog/individual/radio/radio", "uri_prefix": null, "key": "radio", "path": "catalog/individual/radio/radio", "comment": null, "attribute": 11, "questionset": 4, "is_collection": false, "order": 0, "help_en": null, "help_de": null, "text_en": "Radio buttons?", "text_de": "Radio-Buttons?", "verbose_name_en": "", "verbose_name_de": "", "verbose_name_plural_en": "", "verbose_name_plural_de": "", "widget_type": "radio", "value_type": "option", "minimum": null, "maximum": null, "step": null, "unit": "", "optionsets": [2], "conditions": []}}, {"model": "questions.question", "pk": 5, "fields": {"created": "2016-12-15T13:31:22.093Z", "updated": "2018-11-29T15:07:16.506Z", "uri": "http://example.com/terms/questions/catalog/individual/select/select", "uri_prefix": null, "key": "select", "path": "catalog/individual/select/select", "comment": null, "attribute": 12, "questionset": 5, "is_collection": false, "order": 0, "help_en": null, "help_de": null, "text_en": "Select drop-down?", "text_de": "Select-Aufklappmen\u00fc?", "verbose_name_en": "", "verbose_name_de": "", "verbose_name_plural_en": "", "verbose_name_plural_de": "", "widget_type": "select", "value_type": "option", "minimum": null, "maximum": null, "step": null, "unit": "", "optionsets": [1], "conditions": []}}, {"model": "questions.question", "pk": 6, "fields": {"created": "2016-12-15T13:32:11.267Z", "updated": "2018-11-29T15:07:12.443Z", "uri": "http://example.com/terms/questions/catalog/individual/range/range", "uri_prefix": null, "key": "range", "path": "catalog/individual/range/range", "comment": null, "attribute": 7, "questionset": 6, "is_collection": false, "order": 0, "help_en": null, "help_de": null, "text_en": "Range slider?", "text_de": "Bereichs-Schieber?", "verbose_name_en": "", "verbose_name_de": "", "verbose_name_plural_en": "", "verbose_name_plural_de": "", "widget_type": "range", "value_type": "float", "minimum": null, "maximum": null, "step": null, "unit": "", "optionsets": [], "conditions": []}}, {"model": "questions.question", "pk": 7, "fields": {"created": "2016-12-15T13:32:41.210Z", "updated": "2018-11-29T15:05:19.947Z", "uri": "http://example.com/terms/questions/catalog/individual/datetime/datetime", "uri_prefix": null, "key": "datetime", "path": "catalog/individual/datetime/datetime", "comment": null, "attribute": 9, "questionset": 7, "is_collection": false, "order": 0, "help_en": null, "help_de": null, "text_en": "Date picker?", "text_de": "Datumsauswahl?", "verbose_name_en": "", "verbose_name_de": "", "verbose_name_plural_en": "", "verbose_name_plural_de": "", "widget_type": "date", "value_type": "datetime", "minimum": null, "maximum": null, "step": null, "unit": "", "optionsets": [], "conditions": []}}, {"model": "questions.question", "pk": 8, "fields": {"created": "2016-12-15T13:33:08.787Z", "updated": "2018-11-29T15:08:18.271Z", "uri": "http://example.com/terms/questions/catalog/collections/text/text", "uri_prefix": null, "key": "text", "path": "catalog/collections/text/text", "comment": null, "attribute": 21, "questionset": 8, "is_collection": true, "order": 0, "help_en": null, "help_de": null, "text_en": "Text?", "text_de": "\ufffcText?", "verbose_name_en": "", "verbose_name_de": "", "verbose_name_plural_en": "", "verbose_name_plural_de": "", "widget_type": "text", "value_type": "text", "minimum": null, "maximum": null, "step": null, "unit": "", "optionsets": [], "conditions": []}}, {"model": "questions.question", "pk": 9, "fields": {"created": "2016-12-15T13:33:20.995Z", "updated": "2018-11-29T15:08:24.867Z", "uri": "http://example.com/terms/questions/catalog/collections/textarea/textarea", "uri_prefix": null, "key": "textarea", "path": "catalog/collections/textarea/textarea", "comment": null, "attribute": 22, "questionset": 9, "is_collection": true, "order": 0, "help_en": null, "help_de": null, "text_en": "Textarea?", "text_de": "Textarea?", "verbose_name_en": "", "verbose_name_de": "", "verbose_name_plural_en": "", "verbose_name_plural_de": "", "widget_type": "textarea", "value_type": "text", "minimum": null, "maximum": null, "step": null, "unit": "", "optionsets": [], "conditions": []}}, {"model": "questions.question", "pk": 10, "fields": {"created": "2016-12-15T13:33:34.934Z", "updated": "2018-11-29T15:08:47.763Z", "uri": "http://example.com/terms/questions/catalog/collections/bool/bool", "uri_prefix": null, "key": "bool", "path": "catalog/collections/bool/bool", "comment": null, "attribute": 13, "questionset": 10, "is_collection": true, "order": 0, "help_en": null, "help_de": null, "text_en": "Yes or no?", "text_de": "Ja oder Nein?", "verbose_name_en": "", "verbose_name_de": "", "verbose_name_plural_en": "", "verbose_name_plural_de": "", "widget_type": "yesno", "value_type": "boolean", "minimum": null, "maximum": null, "step": null, "unit": "", "optionsets": [], "conditions": []}}, {"model": "questions.question", "pk": 11, "fields": {"created": "2016-12-15T13:33:54.082Z", "updated": "2018-11-29T15:09:17.475Z", "uri": "http://example.com/terms/questions/catalog/collections/radio/radio", "uri_prefix": null, "key": "radio", "path": "catalog/collections/radio/radio", "comment": null, "attribute": 15, "questionset": 11, "is_collection": true, "order": 0, "help_en": null, "help_de": null, "text_en": "Radio buttons?", "text_de": "Radio-Buttons?", "verbose_name_en": "", "verbose_name_de": "", "verbose_name_plural_en": "", "verbose_name_plural_de": "", "widget_type": "radio", "value_type": "option", "minimum": null, "maximum": null, "step": null, "unit": "", "optionsets": [2], "conditions": []}}, {"model": "questions.question", "pk": 12, "fields": {"created": "2016-12-15T13:34:08.899Z", "updated": "2018-11-29T15:09:38.408Z", "uri": "http://example.com/terms/questions/catalog/collections/select/select", "uri_prefix": null, "key": "select", "path": "catalog/collections/select/select", "comment": null, "attribute": 20, "questionset": 12, "is_collection": true, "order": 0, "help_en": null, "help_de": null, "text_en": "Select drop-down?", "text_de": "Select-Aufklappmen\u00fc?", "verbose_name_en": "", "verbose_name_de": "", "verbose_name_plural_en": "", "verbose_name_plural_de": "", "widget_type": "select", "value_type": "option", "minimum": null, "maximum": null, "step": null, "unit": "", "optionsets": [1], "conditions": []}}, {"model": "questions.question", "pk": 13, "fields": {"created": "2016-12-15T13:34:28.895Z", "updated": "2018-11-29T15:10:00.575Z", "uri": "http://example.com/terms/questions/catalog/collections/range/range", "uri_prefix": null, "key": "range", "path": "catalog/collections/range/range", "comment": null, "attribute": 19, "questionset": 13, "is_collection": true, "order": 0, "help_en": null, "help_de": null, "text_en": "Range slider?", "text_de": "Bereichs-Schieber?", "verbose_name_en": "", "verbose_name_de": "", "verbose_name_plural_en": "", "verbose_name_plural_de": "", "widget_type": "range", "value_type": "float", "minimum": null, "maximum": null, "step": null, "unit": "", "optionsets": [], "conditions": []}}, {"model": "questions.question", "pk": 14, "fields": {"created": "2016-12-15T13:34:39.608Z", "updated": "2018-11-29T15:10:17.158Z", "uri": "http://example.com/terms/questions/catalog/collections/datetime/datetime", "uri_prefix": null, "key": "datetime", "path": "catalog/collections/datetime/datetime", "comment": null, "attribute": 16, "questionset": 14, "is_collection": true, "order": 0, "help_en": null, "help_de": null, "text_en": "Date picker?", "text_de": "Datumsauswahl?", "verbose_name_en": "", "verbose_name_de": "", "verbose_name_plural_en": "", "verbose_name_plural_de": "", "widget_type": "date", "value_type": "datetime", "minimum": null, "maximum": null, "step": null, "unit": "", "optionsets": [], "conditions": []}}, {"model": "questions.question", "pk": 15, "fields": {"created": "2016-12-15T13:35:32.219Z", "updated": "2018-11-29T15:10:35.748Z", "uri": "http://example.com/terms/questions/catalog/collections/checkbox/checkbox", "uri_prefix": null, "key": "checkbox", "path": "catalog/collections/checkbox/checkbox", "comment": null, "attribute": 14, "questionset": 15, "is_collection": true, "order": 0, "help_en": null, "help_de": null, "text_en": "Checkbox?", "text_de": "Ankreuzfelder?", "verbose_name_en": "", "verbose_name_de": "", "verbose_name_plural_en": "", "verbose_name_plural_de": "", "widget_type": "checkbox", "value_type": "option", "minimum": null, "maximum": null, "step": null, "unit": "", "optionsets": [2], "conditions": []}}, {"model": "questions.question", "pk": 18, "fields": {"created": "2017-01-24T15:56:13.523Z", "updated": "2018-11-29T15:14:48.966Z", "uri": "http://example.com/terms/questions/catalog/set/individual-single/text", "uri_prefix": null, "key": "text", "path": "catalog/set/individual-single/text", "comment": null, "attribute": 3, "questionset": 16, "is_collection": false, "order": 0, "help_en": null, "help_de": null, "text_en": "Text?", "text_de": "Text?", "verbose_name_en": "", "verbose_name_de": "", "verbose_name_plural_en": "", "verbose_name_plural_de": "", "widget_type": "text", "value_type": "text", "minimum": null, "maximum": null, "step": null, "unit": "", "optionsets": [], "conditions": []}}, {"model": "questions.question", "pk": 19, "fields": {"created": "2017-01-24T15:56:34.387Z", "updated": "2018-11-29T15:14:48.967Z", "uri": "http://example.com/terms/questions/catalog/set/individual-single/textarea", "uri_prefix": null, "key": "textarea", "path": "catalog/set/individual-single/textarea", "comment": null, "attribute": 4, "questionset": 16, "is_collection": false, "order": 1, "help_en": null, "help_de": null, "text_en": "Textarea?", "text_de": "Textarea?", "verbose_name_en": "", "verbose_name_de": "", "verbose_name_plural_en": "", "verbose_name_plural_de": "", "widget_type": "textarea", "value_type": "text", "minimum": null, "maximum": null, "step": null, "unit": "", "optionsets": [], "conditions": []}}, {"model": "questions.question", "pk": 20, "fields": {"created": "2017-01-24T15:59:11.461Z", "updated": "2018-11-29T15:14:38.982Z", "uri": "http://example.com/terms/questions/catalog/set/individual-collection/text", "uri_prefix": null, "key": "text", "path": "catalog/set/individual-collection/text", "comment": null, "attribute": 21, "questionset": 17, "is_collection": true, "order": 0, "help_en": null, "help_de": null, "text_en": "Text?", "text_de": "Text?", "verbose_name_en": "", "verbose_name_de": "", "verbose_name_plural_en": "", "verbose_name_plural_de": "", "widget_type": "text", "value_type": "text", "minimum": null, "maximum": null, "step": null, "unit": "", "optionsets": [], "conditions": []}}, {"model": "questions.question", "pk": 21, "fields": {"created": "2017-01-24T15:59:43.213Z", "updated": "2018-11-29T15:14:38.986Z", "uri": "http://example.com/terms/questions/catalog/set/individual-collection/textarea", "uri_prefix": null, "key": "textarea", "path": "catalog/set/individual-collection/textarea", "comment": null, "attribute": 22, "questionset": 17, "is_collection": true, "order": 1, "help_en": null, "help_de": null, "text_en": "Textarea?", "text_de": "Textarea?", "verbose_name_en": "", "verbose_name_de": "", "verbose_name_plural_en": "", "verbose_name_plural_de": "", "widget_type": "textarea", "value_type": "text", "minimum": null, "maximum": null, "step": null, "unit": "", "optionsets": [], "conditions": []}}, {"model": "questions.question", "pk": 31, "fields": {"created": "2018-07-20T14:44:01.548Z", "updated": "2018-11-29T15:14:38.989Z", "uri": "http://example.com/terms/questions/catalog/set/individual-collection/bool", "uri_prefix": null, "key": "bool", "path": "catalog/set/individual-collection/bool", "comment": null, "attribute": 13, "questionset": 17, "is_collection": true, "order": 3, "help_en": null, "help_de": null, "text_en": "Yes or no?", "text_de": "Ja oder Nein?", "verbose_name_en": "", "verbose_name_de": "", "verbose_name_plural_en": "", "verbose_name_plural_de": "", "widget_type": "yesno", "value_type": "boolean", "minimum": null, "maximum": null, "step": null, "unit": "", "optionsets": [], "conditions": []}}, {"model": "questions.question", "pk": 32, "fields": {"created": "2018-07-20T14:44:50.085Z", "updated": "2018-11-29T15:14:48.969Z", "uri": "http://example.com/terms/questions/catalog/set/individual-single/bool", "uri_prefix": null, "key": "bool", "path": "catalog/set/individual-single/bool", "comment": null, "attribute": 8, "questionset": 16, "is_collection": false, "order": 3, "help_en": null, "help_de": null, "text_en": "Yes or no?", "text_de": "Ja oder Nein?", "verbose_name_en": "", "verbose_name_de": "", "verbose_name_plural_en": "", "verbose_name_plural_de": "", "widget_type": "yesno", "value_type": "boolean", "minimum": null, "maximum": null, "step": null, "unit": "", "optionsets": [], "conditions": []}}, {"model": "questions.question", "pk": 33, "fields": {"created": "2018-07-20T14:45:03.702Z", "updated": "2018-11-29T15:14:48.970Z", "uri": "http://example.com/terms/questions/catalog/set/individual-single/radio", "uri_prefix": null, "key": "radio", "path": "catalog/set/individual-single/radio", "comment": null, "attribute": 11, "questionset": 16, "is_collection": false, "order": 4, "help_en": null, "help_de": null, "text_en": "Radio buttons?", "text_de": "Radio-Buttons?", "verbose_name_en": "", "verbose_name_de": "", "verbose_name_plural_en": "", "verbose_name_plural_de": "", "widget_type": "radio", "value_type": "option", "minimum": null, "maximum": null, "step": null, "unit": "", "optionsets": [2], "conditions": []}}, {"model": "questions.question", "pk": 34, "fields": {"created": "2018-07-20T14:45:09.684Z", "updated": "2018-11-29T15:14:48.970Z", "uri": "http://example.com/terms/questions/catalog/set/individual-single/select", "uri_prefix": null, "key": "select", "path": "catalog/set/individual-single/select", "comment": null, "attribute": 12, "questionset": 16, "is_collection": false, "order": 5, "help_en": null, "help_de": null, "text_en": "Select drop-down?", "text_de": "Select-Aufklappmen\u00fc?", "verbose_name_en": "", "verbose_name_de": "", "verbose_name_plural_en": "", "verbose_name_plural_de": "", "widget_type": "select", "value_type": "option", "minimum": null, "maximum": null, "step": null, "unit": "", "optionsets": [1], "conditions": []}}, {"model": "questions.question", "pk": 35, "fields": {"created": "2018-07-20T14:45:20.881Z", "updated": "2018-11-29T15:14:48.971Z", "uri": "http://example.com/terms/questions/catalog/set/individual-single/range", "uri_prefix": null, "key": "range", "path": "catalog/set/individual-single/range", "comment": null, "attribute": 7, "questionset": 16, "is_collection": false, "order": 6, "help_en": null, "help_de": null, "text_en": "Range slider?", "text_de": "Bereichs-Schieber?", "verbose_name_en": "", "verbose_name_de": "", "verbose_name_plural_en": "", "verbose_name_plural_de": "", "widget_type": "range", "value_type": "float", "minimum": null, "maximum": null, "step": null, "unit": "", "optionsets": [], "conditions": []}}, {"model": "questions.question", "pk": 36, "fields": {"created": "2018-07-20T14:45:27.061Z", "updated": "2018-11-29T15:14:48.972Z", "uri": "http://example.com/terms/questions/catalog/set/individual-single/datetime", "uri_prefix": null, "key": "datetime", "path": "catalog/set/individual-single/datetime", "comment": null, "attribute": 9, "questionset": 16, "is_collection": false, "order": 7, "help_en": null, "help_de": null, "text_en": "Date picker?", "text_de": "Datumsauswahl?", "verbose_name_en": "", "verbose_name_de": "", "verbose_name_plural_en": "", "verbose_name_plural_de": "", "widget_type": "date", "value_type": "datetime", "minimum": null, "maximum": null, "step": null, "unit": "", "optionsets": [], "conditions": []}}, {"model": "questions.question", "pk": 37, "fields": {"created": "2018-07-20T14:45:45.236Z", "updated": "2018-11-29T15:14:38.993Z", "uri": "http://example.com/terms/questions/catalog/set/individual-collection/radio", "uri_prefix": null, "key": "radio", "path": "catalog/set/individual-collection/radio", "comment": null, "attribute": 15, "questionset": 17, "is_collection": true, "order": 4, "help_en": null, "help_de": null, "text_en": "Radio buttons?", "text_de": "Radio-Buttons?", "verbose_name_en": "", "verbose_name_de": "", "verbose_name_plural_en": "", "verbose_name_plural_de": "", "widget_type": "radio", "value_type": "option", "minimum": null, "maximum": null, "step": null, "unit": "", "optionsets": [2], "conditions": []}}, {"model": "questions.question", "pk": 38, "fields": {"created": "2018-07-20T14:45:55.558Z", "updated": "2018-11-29T15:14:38.996Z", "uri": "http://example.com/terms/questions/catalog/set/individual-collection/select", "uri_prefix": null, "key": "select", "path": "catalog/set/individual-collection/select", "comment": null, "attribute": 20, "questionset": 17, "is_collection": true, "order": 5, "help_en": null, "help_de": null, "text_en": "Select drop-down?", "text_de": "Select-Aufklappmen\u00fc?", "verbose_name_en": "", "verbose_name_de": "", "verbose_name_plural_en": "", "verbose_name_plural_de": "", "widget_type": "select", "value_type": "option", "minimum": null, "maximum": null, "step": null, "unit": "", "optionsets": [1], "conditions": []}}, {"model": "questions.question", "pk": 39, "fields": {"created": "2018-07-20T14:46:06.129Z", "updated": "2018-11-29T15:14:38.999Z", "uri": "http://example.com/terms/questions/catalog/set/individual-collection/range", "uri_prefix": null, "key": "range", "path": "catalog/set/individual-collection/range", "comment": null, "attribute": 19, "questionset": 17, "is_collection": true, "order": 6, "help_en": null, "help_de": null, "text_en": "Range slider?", "text_de": "Bereichs-Schieber?", "verbose_name_en": "", "verbose_name_de": "", "verbose_name_plural_en": "", "verbose_name_plural_de": "", "widget_type": "range", "value_type": "float", "minimum": null, "maximum": null, "step": null, "unit": "", "optionsets": [], "conditions": []}}, {"model": "questions.question", "pk": 40, "fields": {"created": "2018-07-20T14:46:15.186Z", "updated": "2018-11-29T15:14:39.002Z", "uri": "http://example.com/terms/questions/catalog/set/individual-collection/datetime", "uri_prefix": null, "key": "datetime", "path": "catalog/set/individual-collection/datetime", "comment": null, "attribute": 16, "questionset": 17, "is_collection": true, "order": 7, "help_en": null, "help_de": null, "text_en": "Date picker?", "text_de": "Datumsauswahl?", "verbose_name_en": "", "verbose_name_de": "", "verbose_name_plural_en": "", "verbose_name_plural_de": "", "widget_type": "date", "value_type": "datetime", "minimum": null, "maximum": null, "step": null, "unit": "", "optionsets": [], "conditions": []}}, {"model": "questions.question", "pk": 41, "fields": {"created": "2018-07-20T14:46:22.501Z", "updated": "2018-11-29T15:14:39.004Z", "uri": "http://example.com/terms/questions/catalog/set/individual-collection/checkbox", "uri_prefix": null, "key": "checkbox", "path": "catalog/set/individual-collection/checkbox", "comment": null, "attribute": 14, "questionset": 17, "is_collection": true, "order": 8, "help_en": null, "help_de": null, "text_en": "Checkbox?", "text_de": "Ankreuzfelder?", "verbose_name_en": "", "verbose_name_de": "", "verbose_name_plural_en": "", "verbose_name_plural_de": "", "widget_type": "checkbox", "value_type": "option", "minimum": null, "maximum": null, "step": null, "unit": "", "optionsets": [2], "conditions": []}}, {"model": "questions.question", "pk": 44, "fields": {"created": "2018-07-20T14:53:40.720Z", "updated": "2018-11-29T15:14:55.928Z", "uri": "http://example.com/terms/questions/catalog/set/collection-single/text", "uri_prefix": null, "key": "text", "path": "catalog/set/collection-single/text", "comment": null, "attribute": 49, "questionset": 42, "is_collection": false, "order": 0, "help_en": null, "help_de": null, "text_en": "Text?", "text_de": "Text?", "verbose_name_en": "", "verbose_name_de": "", "verbose_name_plural_en": "", "verbose_name_plural_de": "", "widget_type": "text", "value_type": "text", "minimum": null, "maximum": null, "step": null, "unit": "", "optionsets": [], "conditions": []}}, {"model": "questions.question", "pk": 45, "fields": {"created": "2018-07-20T14:56:26.843Z", "updated": "2018-11-29T15:14:55.929Z", "uri": "http://example.com/terms/questions/catalog/set/collection-single/textarea", "uri_prefix": null, "key": "textarea", "path": "catalog/set/collection-single/textarea", "comment": null, "attribute": 50, "questionset": 42, "is_collection": false, "order": 1, "help_en": null, "help_de": null, "text_en": "Textarea?", "text_de": "Textarea?", "verbose_name_en": "", "verbose_name_de": "", "verbose_name_plural_en": "", "verbose_name_plural_de": "", "widget_type": "textarea", "value_type": "text", "minimum": null, "maximum": null, "step": null, "unit": "", "optionsets": [], "conditions": []}}, {"model": "questions.question", "pk": 46, "fields": {"created": "2018-07-20T14:56:32.150Z", "updated": "2018-11-29T15:14:55.930Z", "uri": "http://example.com/terms/questions/catalog/set/collection-single/bool", "uri_prefix": null, "key": "bool", "path": "catalog/set/collection-single/bool", "comment": null, "attribute": 70, "questionset": 42, "is_collection": false, "order": 3, "help_en": null, "help_de": null, "text_en": "Yes or no?", "text_de": "Ja oder Nein?", "verbose_name_en": "", "verbose_name_de": "", "verbose_name_plural_en": "", "verbose_name_plural_de": "", "widget_type": "yesno", "value_type": "boolean", "minimum": null, "maximum": null, "step": null, "unit": "", "optionsets": [], "conditions": []}}, {"model": "questions.question", "pk": 47, "fields": {"created": "2018-07-20T14:56:39.343Z", "updated": "2018-11-29T15:14:55.932Z", "uri": "http://example.com/terms/questions/catalog/set/collection-single/radio", "uri_prefix": null, "key": "radio", "path": "catalog/set/collection-single/radio", "comment": null, "attribute": 74, "questionset": 42, "is_collection": false, "order": 4, "help_en": null, "help_de": null, "text_en": "Radio buttons?", "text_de": "Radio-Buttons?", "verbose_name_en": "", "verbose_name_de": "", "verbose_name_plural_en": "", "verbose_name_plural_de": "", "widget_type": "radio", "value_type": "option", "minimum": null, "maximum": null, "step": null, "unit": "", "optionsets": [2], "conditions": []}}, {"model": "questions.question", "pk": 48, "fields": {"created": "2018-07-20T14:56:53.734Z", "updated": "2018-11-29T15:14:55.932Z", "uri": "http://example.com/terms/questions/catalog/set/collection-single/select", "uri_prefix": null, "key": "select", "path": "catalog/set/collection-single/select", "comment": null, "attribute": 76, "questionset": 42, "is_collection": false, "order": 5, "help_en": null, "help_de": null, "text_en": "Select drop-down?", "text_de": "Select-Aufklappmen\u00fc?", "verbose_name_en": "", "verbose_name_de": "", "verbose_name_plural_en": "", "verbose_name_plural_de": "", "widget_type": "select", "value_type": "option", "minimum": null, "maximum": null, "step": null, "unit": "", "optionsets": [1], "conditions": []}}, {"model": "questions.question", "pk": 49, "fields": {"created": "2018-07-20T14:57:02.793Z", "updated": "2018-11-29T15:14:55.933Z", "uri": "http://example.com/terms/questions/catalog/set/collection-single/range", "uri_prefix": null, "key": "range", "path": "catalog/set/collection-single/range", "comment": null, "attribute": 75, "questionset": 42, "is_collection": false, "order": 6, "help_en": null, "help_de": null, "text_en": "Range slider?", "text_de": "Bereichs-Schieber?", "verbose_name_en": "", "verbose_name_de": "", "verbose_name_plural_en": "", "verbose_name_plural_de": "", "widget_type": "range", "value_type": "float", "minimum": null, "maximum": null, "step": null, "unit": "", "optionsets": [], "conditions": []}}, {"model": "questions.question", "pk": 50, "fields": {"created": "2018-07-20T14:57:08.512Z", "updated": "2018-11-29T15:14:55.934Z", "uri": "http://example.com/terms/questions/catalog/set/collection-single/datetime", "uri_prefix": null, "key": "datetime", "path": "catalog/set/collection-single/datetime", "comment": null, "attribute": 71, "questionset": 42, "is_collection": false, "order": 7, "help_en": null, "help_de": null, "text_en": "Date picker?", "text_de": "Datumsauswahl?", "verbose_name_en": "", "verbose_name_de": "", "verbose_name_plural_en": "", "verbose_name_plural_de": "", "widget_type": "date", "value_type": "datetime", "minimum": null, "maximum": null, "step": null, "unit": "", "optionsets": [], "conditions": []}}, {"model": "questions.question", "pk": 51, "fields": {"created": "2018-07-20T14:57:21.270Z", "updated": "2018-11-29T15:15:01.294Z", "uri": "http://example.com/terms/questions/catalog/set/collection-collection/text", "uri_prefix": null, "key": "text", "path": "catalog/set/collection-collection/text", "comment": null, "attribute": 47, "questionset": 43, "is_collection": true, "order": 0, "help_en": null, "help_de": null, "text_en": "Text?", "text_de": "Text?", "verbose_name_en": "", "verbose_name_de": "", "verbose_name_plural_en": "", "verbose_name_plural_de": "", "widget_type": "text", "value_type": "text", "minimum": null, "maximum": null, "step": null, "unit": "", "optionsets": [], "conditions": []}}, {"model": "questions.question", "pk": 52, "fields": {"created": "2018-07-20T14:57:28.517Z", "updated": "2018-11-29T15:15:01.295Z", "uri": "http://example.com/terms/questions/catalog/set/collection-collection/textarea", "uri_prefix": null, "key": "textarea", "path": "catalog/set/collection-collection/textarea", "comment": null, "attribute": 48, "questionset": 43, "is_collection": true, "order": 1, "help_en": null, "help_de": null, "text_en": "Textarea?", "text_de": "Textarea?", "verbose_name_en": "", "verbose_name_de": "", "verbose_name_plural_en": "", "verbose_name_plural_de": "", "widget_type": "textarea", "value_type": "text", "minimum": null, "maximum": null, "step": null, "unit": "", "optionsets": [], "conditions": []}}, {"model": "questions.question", "pk": 53, "fields": {"created": "2018-07-20T14:57:34.188Z", "updated": "2018-11-29T15:15:01.296Z", "uri": "http://example.com/terms/questions/catalog/set/collection-collection/bool", "uri_prefix": null, "key": "bool", "path": "catalog/set/collection-collection/bool", "comment": null, "attribute": 62, "questionset": 43, "is_collection": true, "order": 3, "help_en": null, "help_de": null, "text_en": "Yes or no?", "text_de": "Ja oder Nein?", "verbose_name_en": "", "verbose_name_de": "", "verbose_name_plural_en": "", "verbose_name_plural_de": "", "widget_type": "yesno", "value_type": "boolean", "minimum": null, "maximum": null, "step": null, "unit": "", "optionsets": [], "conditions": []}}, {"model": "questions.question", "pk": 54, "fields": {"created": "2018-07-20T15:02:05.127Z", "updated": "2018-11-29T15:15:01.297Z", "uri": "http://example.com/terms/questions/catalog/set/collection-collection/radio", "uri_prefix": null, "key": "radio", "path": "catalog/set/collection-collection/radio", "comment": null, "attribute": 66, "questionset": 43, "is_collection": true, "order": 4, "help_en": null, "help_de": null, "text_en": "Radio buttons?", "text_de": "Radio-Buttons?", "verbose_name_en": "", "verbose_name_de": "", "verbose_name_plural_en": "", "verbose_name_plural_de": "", "widget_type": "radio", "value_type": "option", "minimum": null, "maximum": null, "step": null, "unit": "", "optionsets": [2], "conditions": []}}, {"model": "questions.question", "pk": 55, "fields": {"created": "2018-07-20T15:02:11.834Z", "updated": "2018-11-29T15:15:01.299Z", "uri": "http://example.com/terms/questions/catalog/set/collection-collection/select", "uri_prefix": null, "key": "select", "path": "catalog/set/collection-collection/select", "comment": null, "attribute": 68, "questionset": 43, "is_collection": true, "order": 5, "help_en": null, "help_de": null, "text_en": "Select drop-down?", "text_de": "Select-Aufklappmen\u00fc?", "verbose_name_en": "", "verbose_name_de": "", "verbose_name_plural_en": "", "verbose_name_plural_de": "", "widget_type": "select", "value_type": "option", "minimum": null, "maximum": null, "step": null, "unit": "", "optionsets": [1], "conditions": []}}, {"model": "questions.question", "pk": 56, "fields": {"created": "2018-07-20T15:02:21.863Z", "updated": "2018-11-29T15:15:01.300Z", "uri": "http://example.com/terms/questions/catalog/set/collection-collection/range", "uri_prefix": null, "key": "range", "path": "catalog/set/collection-collection/range", "comment": null, "attribute": 67, "questionset": 43, "is_collection": true, "order": 6, "help_en": null, "help_de": null, "text_en": "Range slider?", "text_de": "Bereichs-Schieber?", "verbose_name_en": "", "verbose_name_de": "", "verbose_name_plural_en": "", "verbose_name_plural_de": "", "widget_type": "range", "value_type": "float", "minimum": null, "maximum": null, "step": null, "unit": "", "optionsets": [], "conditions": []}}, {"model": "questions.question", "pk": 57, "fields": {"created": "2018-07-20T15:02:31.893Z", "updated": "2018-11-29T15:15:01.301Z", "uri": "http://example.com/terms/questions/catalog/set/collection-collection/datetime", "uri_prefix": null, "key": "datetime", "path": "catalog/set/collection-collection/datetime", "comment": null, "attribute": 63, "questionset": 43, "is_collection": true, "order": 7, "help_en": null, "help_de": null, "text_en": "Date picker?", "text_de": "Datumsauswahl?", "verbose_name_en": "", "verbose_name_de": "", "verbose_name_plural_en": "", "verbose_name_plural_de": "", "widget_type": "date", "value_type": "datetime", "minimum": null, "maximum": null, "step": null, "unit": "", "optionsets": [], "conditions": []}}, {"model": "questions.question", "pk": 58, "fields": {"created": "2018-07-20T15:02:41.167Z", "updated": "2018-11-29T15:15:01.302Z", "uri": "http://example.com/terms/questions/catalog/set/collection-collection/checkbox", "uri_prefix": null, "key": "checkbox", "path": "catalog/set/collection-collection/checkbox", "comment": null, "attribute": 78, "questionset": 43, "is_collection": true, "order": 8, "help_en": null, "help_de": null, "text_en": "Checkbox?", "text_de": "Ankreuzfelder?", "verbose_name_en": "", "verbose_name_de": "", "verbose_name_plural_en": "", "verbose_name_plural_de": "", "widget_type": "checkbox", "value_type": "option", "minimum": null, "maximum": null, "step": null, "unit": "", "optionsets": [2], "conditions": []}}, {"model": "questions.question", "pk": 61, "fields": {"created": "2018-07-23T11:34:45.281Z", "updated": "2018-11-29T15:15:32.967Z", "uri": "http://example.com/terms/questions/catalog/conditions/text_contains/text_contains", "uri_prefix": null, "key": "text_contains", "path": "catalog/conditions/text_contains/text_contains", "comment": null, "attribute": 81, "questionset": 61, "is_collection": false, "order": 0, "help_en": null, "help_de": null, "text_en": "text_contains?", "text_de": "text_contains?", "verbose_name_en": "", "verbose_name_de": "", "verbose_name_plural_en": "", "verbose_name_plural_de": "", "widget_type": "text", "value_type": "text", "minimum": null, "maximum": null, "step": null, "unit": "", "optionsets": [], "conditions": []}}, {"model": "questions.question", "pk": 63, "fields": {"created": "2018-07-23T11:59:52.614Z", "updated": "2018-11-29T15:15:45.471Z", "uri": "http://example.com/terms/questions/catalog/conditions/text_empty/text_empty", "uri_prefix": null, "key": "text_empty", "path": "catalog/conditions/text_empty/text_empty", "comment": null, "attribute": 81, "questionset": 63, "is_collection": false, "order": 0, "help_en": null, "help_de": null, "text_en": "text empty?", "text_de": "text empty?", "verbose_name_en": "", "verbose_name_de": "", "verbose_name_plural_en": "", "verbose_name_plural_de": "", "widget_type": "text", "value_type": "text", "minimum": null, "maximum": null, "step": null, "unit": "", "optionsets": [], "conditions": []}}, {"model": "questions.question", "pk": 64, "fields": {"created": "2018-07-23T12:00:06.555Z", "updated": "2018-11-29T15:15:51.708Z", "uri": "http://example.com/terms/questions/catalog/conditions/text_equal/text_equal", "uri_prefix": null, "key": "text_equal", "path": "catalog/conditions/text_equal/text_equal", "comment": null, "attribute": 81, "questionset": 64, "is_collection": false, "order": 0, "help_en": null, "help_de": null, "text_en": "text_equal?", "text_de": "text_equal?", "verbose_name_en": "", "verbose_name_de": "", "verbose_name_plural_en": "", "verbose_name_plural_de": "", "widget_type": "text", "value_type": "text", "minimum": null, "maximum": null, "step": null, "unit": "", "optionsets": [], "conditions": []}}, {"model": "questions.question", "pk": 65, "fields": {"created": "2018-07-23T12:03:13.044Z", "updated": "2018-11-29T15:15:59.858Z", "uri": "http://example.com/terms/questions/catalog/conditions/text_greater_than/text_greater_than", "uri_prefix": null, "key": "text_greater_than", "path": "catalog/conditions/text_greater_than/text_greater_than", "comment": null, "attribute": 81, "questionset": 65, "is_collection": false, "order": 0, "help_en": null, "help_de": null, "text_en": "text_greater_than?", "text_de": "text_greater_than?", "verbose_name_en": "", "verbose_name_de": "", "verbose_name_plural_en": "", "verbose_name_plural_de": "", "widget_type": "text", "value_type": "text", "minimum": null, "maximum": null, "step": null, "unit": "", "optionsets": [], "conditions": []}}, {"model": "questions.question", "pk": 66, "fields": {"created": "2018-07-23T12:03:28.560Z", "updated": "2018-11-29T15:16:05.617Z", "uri": "http://example.com/terms/questions/catalog/conditions/text_greater_than_equal/text_greater_than_equal", "uri_prefix": null, "key": "text_greater_than_equal", "path": "catalog/conditions/text_greater_than_equal/text_greater_than_equal", "comment": null, "attribute": 81, "questionset": 66, "is_collection": false, "order": 0, "help_en": null, "help_de": null, "text_en": "text_greater_than_equal?", "text_de": "text_greater_than_equal?", "verbose_name_en": "", "verbose_name_de": "", "verbose_name_plural_en": "", "verbose_name_plural_de": "", "widget_type": "text", "value_type": "text", "minimum": null, "maximum": null, "step": null, "unit": "", "optionsets": [], "conditions": []}}, {"model": "questions.question", "pk": 67, "fields": {"created": "2018-07-23T12:03:46.973Z", "updated": "2018-11-29T15:16:13.959Z", "uri": "http://example.com/terms/questions/catalog/conditions/text_lesser_than/text_lesser_than", "uri_prefix": null, "key": "text_lesser_than", "path": "catalog/conditions/text_lesser_than/text_lesser_than", "comment": null, "attribute": 81, "questionset": 67, "is_collection": false, "order": 0, "help_en": null, "help_de": null, "text_en": "text_lesser_than?", "text_de": "text_lesser_than?", "verbose_name_en": "", "verbose_name_de": "", "verbose_name_plural_en": "", "verbose_name_plural_de": "", "widget_type": "text", "value_type": "text", "minimum": null, "maximum": null, "step": null, "unit": "", "optionsets": [], "conditions": []}}, {"model": "questions.question", "pk": 68, "fields": {"created": "2018-07-23T12:04:00.417Z", "updated": "2018-11-29T15:16:21.771Z", "uri": "http://example.com/terms/questions/catalog/conditions/text_lesser_than_equal/text_lesser_than_equal", "uri_prefix": null, "key": "text_lesser_than_equal", "path": "catalog/conditions/text_lesser_than_equal/text_lesser_than_equal", "comment": null, "attribute": 81, "questionset": 68, "is_collection": false, "order": 0, "help_en": null, "help_de": null, "text_en": "text_lesser_than_equal?", "text_de": "text_lesser_than_equal?", "verbose_name_en": "", "verbose_name_de": "", "verbose_name_plural_en": "", "verbose_name_plural_de": "", "widget_type": "text", "value_type": "text", "minimum": null, "maximum": null, "step": null, "unit": "", "optionsets": [], "conditions": []}}, {"model": "questions.question", "pk": 69, "fields": {"created": "2018-07-23T12:04:17.404Z", "updated": "2018-11-29T15:16:29.601Z", "uri": "http://example.com/terms/questions/catalog/conditions/text_not_empty/text_not_empty", "uri_prefix": null, "key": "text_not_empty", "path": "catalog/conditions/text_not_empty/text_not_empty", "comment": null, "attribute": 81, "questionset": 69, "is_collection": false, "order": 0, "help_en": null, "help_de": null, "text_en": "text_not_empty?", "text_de": "text_not_empty?", "verbose_name_en": "", "verbose_name_de": "", "verbose_name_plural_en": "", "verbose_name_plural_de": "", "widget_type": "text", "value_type": "text", "minimum": null, "maximum": null, "step": null, "unit": "", "optionsets": [], "conditions": []}}, {"model": "questions.question", "pk": 70, "fields": {"created": "2018-07-23T12:04:44.311Z", "updated": "2018-11-29T15:16:41.930Z", "uri": "http://example.com/terms/questions/catalog/conditions/text_not_equal/text_not_equal", "uri_prefix": null, "key": "text_not_equal", "path": "catalog/conditions/text_not_equal/text_not_equal", "comment": null, "attribute": 81, "questionset": 70, "is_collection": false, "order": 0, "help_en": null, "help_de": null, "text_en": "text_not_equal?", "text_de": "text_not_equal?", "verbose_name_en": "", "verbose_name_de": "", "verbose_name_plural_en": "", "verbose_name_plural_de": "", "widget_type": "text", "value_type": "text", "minimum": null, "maximum": null, "step": null, "unit": "", "optionsets": [], "conditions": []}}, {"model": "questions.question", "pk": 71, "fields": {"created": "2018-07-23T14:27:30.529Z", "updated": "2018-11-29T15:17:31.207Z", "uri": "http://example.com/terms/questions/catalog/conditions/option_empty/option_empty", "uri_prefix": null, "key": "option_empty", "path": "catalog/conditions/option_empty/option_empty", "comment": null, "attribute": 82, "questionset": 71, "is_collection": false, "order": 0, "help_en": null, "help_de": null, "text_en": "option_empty?", "text_de": "option_empty?", "verbose_name_en": "", "verbose_name_de": "", "verbose_name_plural_en": "", "verbose_name_plural_de": "", "widget_type": "radio", "value_type": "option", "minimum": null, "maximum": null, "step": null, "unit": "", "optionsets": [1], "conditions": []}}, {"model": "questions.question", "pk": 72, "fields": {"created": "2018-07-23T14:28:01.760Z", "updated": "2018-11-29T15:17:27.634Z", "uri": "http://example.com/terms/questions/catalog/conditions/option_equal/option_equal", "uri_prefix": null, "key": "option_equal", "path": "catalog/conditions/option_equal/option_equal", "comment": null, "attribute": 82, "questionset": 72, "is_collection": false, "order": 0, "help_en": null, "help_de": null, "text_en": "option_equal?", "text_de": "option_equal?", "verbose_name_en": "", "verbose_name_de": "", "verbose_name_plural_en": "", "verbose_name_plural_de": "", "widget_type": "radio", "value_type": "option", "minimum": null, "maximum": null, "step": null, "unit": "", "optionsets": [1], "conditions": []}}, {"model": "questions.question", "pk": 73, "fields": {"created": "2018-07-23T14:28:33.419Z", "updated": "2018-11-29T15:17:04.181Z", "uri": "http://example.com/terms/questions/catalog/conditions/option_not_empty/option_not_empty", "uri_prefix": null, "key": "option_not_empty", "path": "catalog/conditions/option_not_empty/option_not_empty", "comment": null, "attribute": 82, "questionset": 73, "is_collection": false, "order": 0, "help_en": null, "help_de": null, "text_en": "option_not_empty?", "text_de": "option_not_empty?", "verbose_name_en": "", "verbose_name_de": "", "verbose_name_plural_en": "", "verbose_name_plural_de": "", "widget_type": "radio", "value_type": "option", "minimum": null, "maximum": null, "step": null, "unit": "", "optionsets": [1], "conditions": []}}, {"model": "questions.question", "pk": 74, "fields": {"created": "2018-07-23T14:29:07.437Z", "updated": "2018-11-29T15:17:42.846Z", "uri": "http://example.com/terms/questions/catalog/conditions/option_not_equal/option_not_equal", "uri_prefix": null, "key": "option_not_equal", "path": "catalog/conditions/option_not_equal/option_not_equal", "comment": null, "attribute": 82, "questionset": 74, "is_collection": false, "order": 0, "help_en": null, "help_de": null, "text_en": "option_not_equal?", "text_de": "option_not_equal?", "verbose_name_en": "", "verbose_name_de": "", "verbose_name_plural_en": "", "verbose_name_plural_de": "", "widget_type": "radio", "value_type": "option", "minimum": null, "maximum": null, "step": null, "unit": "", "optionsets": [1], "conditions": []}}]